Title,Subtitle,Author,Author Gender,Country,Original Language,Translator,Publication Year,Pages,ISBN,Cover URL,Fiction / Non-fiction,Primary Genre,Secondary Genre,Subgenre,Audience,Series,Series Name,Series Number,Standalone,Themes,Mood / Reading Experience,,Search Tags,Female Author,Female Protagonist,Women Focus,Collections,Recommendation Occasion,Reading Level,Similar Books,One-line Recommendation,Short Description,Instagram Hook,Instagram Post Topic,Best Posting Month,Chapters.Aur.Chai Rating,Read Status,Date Read,Format Read,Owned,Wishlist,Awards,Bestseller,Adaptation,BookTok Popular,Bookstagram Popular
On Earth We're Briefly Gorgeous,—,Ocean Vuong,Male,USA / Vietnam,English,—,2019,246,—,—,Fiction,Literary Fiction,Contemporary Fiction,Coming-of-Age,Adult,No,—,—,Yes,"Identity, Family, Immigration, Love, Trauma","Emotional, Reflective, Poetic, Intimate","Coming of Age, Family Saga, Epistolary","Literary Fiction, LGBTQ+, Vietnamese Diaspora, Identity, Family, Award-winning, Book Club, Emotional",No,No,Secondary,"Literary Fiction, LGBTQ+ Literature","Reflective Read, Book Club",Advanced,"Shuggie Bain, Real Life, The Great Believers","A lyrical novel exploring identity, family, memory, and the immigrant experience.","Written as a letter from a son to his mother, this novel beautifully explores love, trauma, identity, and belonging through poetic prose.",Some books don't tell a story—they leave a scar on your heart.,Literary Fiction Everyone Should Read,October,,,,,,,Multiple Literary Awards,Yes,No,Yes,Yes
Maximum Ride,—,James Patterson,Male,USA,English,—,2005,423,—,—,Fiction,Science Fiction,Thriller,YA Dystopian,Young Adult,Yes,Maximum Ride,1,No,"Friendship, Survival, Freedom, Identity","Fast-paced, Action-packed, Suspenseful","Found Family, Chosen One, Genetic Experiment","YA, Science Fiction, Adventure, Dystopian, Fast Read, Series Starter",No,Yes,Secondary,YA Science Fiction,"Weekend Read, Fast Read",Beginner,"Legend, The Maze Runner, Gone",A thrilling YA adventure about genetically engineered teens fighting for freedom.,"Fast-paced, action-packed, and full of twists, it's perfect for readers beginning science fiction.",Imagine having wings—and everyone wants to capture you.,Best YA Sci-Fi Series,June,,,,,,,—,Yes,Yes,No,Moderate
The Butcher,—,Jennifer Hillier,Female,Canada,English,—,2014,352,—,—,Fiction,Thriller,Mystery,Psychological Thriller,Adult,No,—,—,Yes,"Murder, Secrets, Justice, Family","Dark, Suspenseful, Twisty","Serial Killer, Small Town, Hidden Secrets","Thriller, Psychological Thriller, Crime Fiction, Mystery, Women Author",Yes,Yes,Secondary,Psychological Thrillers,Weekend Thriller,Intermediate,"Jar of Hearts, The Silent Patient, Local Woman Missing",A gripping psychological thriller packed with dark family secrets and shocking twists.,"Jennifer Hillier delivers suspense, memorable characters, and an ending that keeps readers thinking long after the final page.",Trust no one. Especially family.,Twisty Psychological Thrillers,October,,,,,,,—,Yes,No,Moderate,High
The Chaos of Stars,—,Kiersten White,Female,USA,English,—,2013,272,—,—,Fiction,Fantasy,Romance,Mythological Fantasy,Young Adult,No,—,—,Yes,"Identity, Family, Destiny, Love","Romantic, Whimsical, Emotional","Mythology, Coming of Age, Slow Burn","YA Fantasy, Egyptian Mythology, Women Author, Myth Retelling",Yes,Yes,Primary,"Mythology Retellings, YA Fantasy",Mythology Read,Beginner,"Starcrossed, Lore, Percy Jackson",Egyptian mythology meets contemporary YA in a heartfelt coming-of-age fantasy.,"A unique blend of romance, mythology, and family dynamics centered around a memorable heroine.",What if the gods were your parents?,YA Mythology Books,July,,,,,,,—,No,No,Moderate,Moderate
The Shadowed Sun,—,N. K. Jemisin,Female,USA,English,—,2012,416,—,—,Fiction,Fantasy,Epic Fantasy,African-inspired Fantasy,Adult,Yes,Dreamblood Duology,2,No,"Power, Duty, Healing, Leadership","Epic, Atmospheric, Thought-provoking","Political Intrigue, Magic System","Epic Fantasy, African-inspired Fantasy, Women Author, Adult Fantasy",Yes,Yes,Secondary,Epic Fantasy,Epic Fantasy Read,Advanced,"The Fifth Season, The Hundred Thousand Kingdoms, The Killing Moon","A rich fantasy exploring leadership, power, and healing in a beautifully imagined world.",The sequel expands the Dreamblood world with intricate politics and unforgettable characters.,Power can heal—or destroy kingdoms.,Epic Fantasy Beyond Tolkien,November,,,,,,,—,No,No,Low,Moderate
The Killing Moon,—,N. K. Jemisin,Female,USA,English,—,2012,436,—,—,Fiction,Fantasy,Epic Fantasy,African-inspired Fantasy,Adult,Yes,Dreamblood Duology,1,No,"Justice, Dreams, Corruption, Power","Dark, Atmospheric, Immersive","Murder Mystery, Political Intrigue","Epic Fantasy, African-inspired Fantasy, Adult Fantasy, Award-winning Author",Yes,Yes,Secondary,Epic Fantasy,Epic Fantasy Read,Advanced,"The Shadowed Sun, The Fifth Season, Black Sun",A compelling fantasy mystery where dreams hold the fate of an empire.,"N. K. Jemisin combines mystery, politics, and mythology into a unique fantasy experience.",What if dreams could be used as weapons?,Underrated Adult Fantasy,November,,,,,,,—,No,No,Moderate,Moderate
The Shrouded Queen,—,Ashley Tropea,Female,USA,English,—,2024,—,—,—,Fiction,Fantasy,Romance,Epic Fantasy,Adult,Yes,The Halfling Saga,1,No,"Destiny, Magic, Loyalty, Power","Epic, Romantic, Adventurous","Hidden Heritage, Quest","Epic Fantasy, Women Author, New Release, Magic",Yes,Yes,Primary,Epic Fantasy,New Release Read,Intermediate,"The Priory of the Orange Tree, The Jasmine Throne, The Stardust Thief","A sweeping fantasy of queens, magic, and destiny.",An epic fantasy introducing a richly imagined world with political intrigue and powerful female characters.,A forgotten queen. A kingdom on the brink.,New Fantasy Releases,January,,,,,,Yes,—,No,No,Growing,
She Knows All the Names,—,Michelle Jabès Corpora,Female,USA,English,—,2024,—,—,—,Fiction,Fantasy,Historical Fantasy,Mythological Fantasy,Young Adult,No,—,—,Yes,"Identity, Legacy, Memory, Family","Emotional, Lyrical, Atmospheric","Ancient Mythology, Heroine's Journey","YA Fantasy, Women Author, Mythology, Historical Fantasy",Yes,Yes,Primary,Mythological Fantasy,Mythology Read,Intermediate,"Divine Rivals, Lore, Ariadne",A lyrical fantasy inspired by ancient myths and unforgettable heroines.,"Rich storytelling blends history, mythology, and identity into an immersive YA fantasy.",Names hold power—and some are worth killing for.,Mythology Inspired Fantasy,September,,,,,,Yes,—,No,Moderate,Growing,
His Face Is the Sun,—,Michelle Jabès Corpora,Female,USA,English,—,2025,—,—,—,Fiction,Fantasy,Historical Fantasy,Epic Fantasy,Young Adult,Yes,Sunbound Cycle,1,No,"Destiny, Power, Legacy, Survival","Epic, Emotional, Immersive","Hidden Identity, Political Conflict","YA Fantasy, Epic Fantasy, Women Author, New Release",Yes,Yes,Primary,Epic Fantasy,New Release Read,Intermediate,"The Poppy War, Divine Rivals, The Scarlet Alchemist","An ambitious fantasy filled with political conflict, destiny, and ancient magic.",A beautifully crafted fantasy perfect for readers who enjoy immersive worlds and strong heroines.,The sun remembers every promise ever broken.,Most Anticipated Fantasy Books,September,,,,,,Yes,—,No,Growing,Growing,
He Who Drowned the World,—,Shelley Parker-Chan,Non-binary,Australia,English,—,2023,496,—,—,Fiction,Historical Fiction,Fantasy,Historical Epic,Adult,Yes,Radiant Emperor Duology,2,No,"Ambition, Identity, War, Power","Dark, Epic, Complex","Gender Identity, Political Intrigue","Historical Fantasy, LGBTQ+, Adult Fantasy, Asian-inspired Fantasy",No,Yes,Primary,"Historical Fantasy, Asian Fantasy",Epic Read,Advanced,"She Who Became the Sun, The Jasmine Throne, The Poppy War","A breathtaking conclusion exploring ambition, identity, and the cost of power.","A bold historical fantasy that challenges gender, destiny, and empire through unforgettable characters.",History belongs to those bold enough to rewrite it.,Asian Fantasy Recommendations,August,,,,,,,Goodreads Choice Nominee,Yes,No,High,High
She Who Became the Sun,—,Shelley Parker-Chan,Non-binary,Australia,English,—,2021,416,—,—,Fiction,Historical Fiction,Fantasy,Historical Epic,Adult,Yes,Radiant Emperor Duology,1,No,"Ambition, Identity, Destiny, Survival","Epic, Gritty, Atmospheric","Gender Identity, Rise to Power","Historical Fantasy, LGBTQ+, Award-winning, Asian-inspired Fantasy",No,Yes,Primary,"Historical Fantasy, Asian Fantasy",Epic Read,Advanced,"The Poppy War, The Grace of Kings, The Jasmine Throne",A magnificent reimagining of the rise of the Ming dynasty through one extraordinary protagonist.,One of the most acclaimed Asian-inspired fantasies of recent years.,She refused the fate history chose for her.,Books with Powerful Female Leads,August,,,,,,Yes,Hugo Award Finalist,Yes,TV Rights,High,High
The Poppy War,—,R. F. Kuang,Female,USA / China,English,—,2018,544,—,—,Fiction,Fantasy,Historical Fiction,Grimdark Fantasy,Adult,Yes,The Poppy War Trilogy,1,No,"War, Power, Revenge, Colonialism","Dark, Brutal, Intense","Military Academy, Chosen One, War","Grimdark Fantasy, BookTok, Women Author, Asian-inspired Fantasy",Yes,Yes,Primary,Grimdark Fantasy,Dark Fantasy Read,Advanced,"Babel, She Who Became the Sun, Jade City","A brutal fantasy examining war, power, and colonialism through unforgettable storytelling.","One of modern fantasy's defining novels, combining military fantasy with historical inspiration.",This isn't the fantasy you think you're getting.,Dark Fantasy Everyone Should Read,October,,,,,,Yes,Multiple Awards,Yes,In Development,Very High,Very High
The Scarlet Alchemist,—,Kylie Lee Baker,Female,USA,English,—,2023,416,—,—,Fiction,Fantasy,Historical Fantasy,YA Fantasy,Young Adult,Yes,The Scarlet Alchemist,1,No,"Ambition, Family, Magic, Sacrifice","Fast-paced, Magical, Emotional","Competition, Forbidden Magic","YA Fantasy, Chinese-inspired Fantasy, Women Author",Yes,Yes,Primary,YA Fantasy,Magic School Read,Intermediate,"Iron Widow, Six Crimson Cranes, Daughter of the Moon Goddess","A magical fantasy blending alchemy, family, and ambition.",An imaginative YA fantasy featuring Chinese-inspired mythology and compelling world-building.,Magic always asks for a price.,YA Fantasy with Strong Heroines,September,,,,,,Yes,—,No,High,High,
Iron Widow,—,Xiran Jay Zhao,Non-binary,Canada,English,—,2021,394,—,—,Fiction,Science Fiction,Fantasy,Mecha Fantasy,Young Adult,Yes,Iron Widow,1,No,"Revenge, Feminism, Power, Justice","Furious, Action-packed, Empowering","Revenge, Love Triangle, Mecha","YA Sci-Fi, Feminist Fiction, BookTok, Asian-inspired Fantasy",No,Yes,Primary,"Feminist Fantasy, YA Sci-Fi",Action Read,Intermediate,"Pacific Rim, The Poppy War, The Hunger Games",A fierce feminist sci-fi fantasy that challenges patriarchy with explosive action.,"Giant mechas, Chinese history, and unapologetic feminism make this a standout YA novel.",She wasn't born to obey. She was born to destroy.,Feminist Fantasy Books,March,,,,,,Yes,Goodreads Choice Nominee,Yes,In Development,Very High,Very High
The Grace of Kings,—,Ken Liu,Male,USA,English,—,2015,640,—,—,Fiction,Fantasy,Historical Fiction,Silkpunk Fantasy,Adult,Yes,Dandelion Dynasty,1,No,"Revolution, Brotherhood, Leadership, Empire","Epic, Political, Immersive","Rebellion, Multiple POV","Epic Fantasy, Asian-inspired Fantasy, Silkpunk",No,No,Secondary,Epic Fantasy,Long Read,Advanced,"Jade City, The Poppy War, The Dandelion Dynasty",A masterful epic fantasy inspired by East Asian history and mythology.,Ken Liu introduces the remarkable Silkpunk world with unforgettable characters and sweeping politics.,Empire begins with one impossible dream.,Asian-Inspired Epic Fantasy,November,,,,,,Yes,Locus Award Winner,Yes,No,Moderate,Moderate
Jade City,—,Fonda Lee,Female,Canada,English,—,2017,496,—,—,Fiction,Fantasy,Crime,Urban Fantasy,Adult,Yes,Green Bone Saga,1,No,"Family, Loyalty, Power, Crime","Gritty, Fast-paced, Intense","Crime Family, Political Conflict","Urban Fantasy, Asian-inspired Fantasy, Family Saga, BookTok",Yes,Yes,Secondary,Urban Fantasy,Crime Fantasy Read,Advanced,"The Godfather, Green Bone Saga, The Poppy War","A gripping urban fantasy blending family loyalty, crime, and magical jade.",Family politics meet martial arts and organized crime in one of fantasy's most original series.,Think The Godfather—but with magic.,Fantasy Books Everyone Should Read,October,,,,,,Yes,World Fantasy Award,Yes,TV Rights,Very High,Very High
The Ashfire King,—,Chelsea Abdullah,Female,Kuwait / USA,English,—,2025,—,—,—,Fiction,Fantasy,Epic Fantasy,Middle Eastern Fantasy,Adult,Yes,The Sandsea Trilogy,2,No,"Destiny, Magic, Family, Adventure","Epic, Adventurous, Atmospheric","Quest, Ancient Magic","Middle Eastern Fantasy, Women Author, Epic Fantasy",Yes,Yes,Primary,Middle Eastern Fantasy,Epic Fantasy Read,Intermediate,"The Stardust Thief, City of Brass, The Adventures of Amina al-Sirafi","A thrilling continuation filled with magic, destiny, and Middle Eastern folklore.",Chelsea Abdullah expands her enchanting world with higher stakes and unforgettable adventures.,Every kingdom has a fire waiting to awaken.,Middle Eastern Fantasy Books,September,,,,,,Yes,—,Yes,Growing,Growing,
The Stardust Thief,—,Chelsea Abdullah,Female,Kuwait / USA,English,—,2022,480,—,—,Fiction,Fantasy,Adventure,Middle Eastern Fantasy,Adult,Yes,The Sandsea Trilogy,1,No,"Stories, Destiny, Magic, Family","Magical, Adventurous, Immersive","Quest, Found Family, Relics","Middle Eastern Fantasy, Arabian Folklore, Women Author",Yes,Yes,Primary,Middle Eastern Fantasy,Adventure Read,Intermediate,"City of Brass, The Ashfire King, One Thousand and One Nights",A magical adventure inspired by Arabian folklore and unforgettable storytelling.,Rich world-building and memorable characters make this a must-read fantasy.,Every legend begins with a stolen story.,Arabian Nights Inspired Books,September,,,,,,Yes,Goodreads Choice Nominee,Yes,High,High,
The Hidden Palace,—,Helene Wecker,Female,USA,English,—,2021,480,—,—,Fiction,Historical Fantasy,Literary Fantasy,Magical Realism,Adult,Yes,The Golem and the Jinni,2,No,"Belonging, Identity, Friendship, Love","Atmospheric, Reflective, Magical","Mythical Creatures, Immigrant Story","Historical Fantasy, Literary Fantasy, Jewish Folklore, Middle Eastern Folklore, Women Author",Yes,Yes,Secondary,"Historical Fantasy, Literary Fantasy",Atmospheric Read,Advanced,"The Golem and the Jinni, Jonathan Strange & Mr Norrell, Piranesi","A beautifully written historical fantasy exploring identity, belonging, and friendship.",Helene Wecker delivers another enchanting tale blending folklore with immigrant history.,Some magic is found in the people who choose to stay.,Literary Fantasy Recommendations,December,,,,,,Yes,—,No,Moderate,Moderate,
The Tapestry of Fate,—,Shannon Chakraborty,Female,USA,English,—,2025,—,—,—,Fiction,Fantasy,Historical Fantasy,Middle Eastern Fantasy,Adult,Yes,The Adventures of Amina al-Sirafi Universe,—,No,"Destiny, Magic, Family, Adventure","Epic, Atmospheric, Adventurous","Ancient Magic, Quest","Middle Eastern Fantasy, Women Author, Epic Fantasy, Adventure",Yes,Yes,Primary,"Middle Eastern Fantasy, Epic Fantasy",Epic Fantasy Read,Advanced,"The Stardust Thief, The City of Brass, The Adventures of Amina al-Sirafi","A sweeping fantasy woven with destiny, mythology, and unforgettable adventure.","Shannon Chakraborty returns with another immersive tale inspired by Middle Eastern folklore, filled with magic, political intrigue, and richly developed characters.",Some destinies are written long before we're born.,Best Middle Eastern Fantasy Books,September,,,,,,Yes,—,No,Growing,Growing,
The Empire of Gold,—,S. A. Chakraborty,Female,USA,English,—,2020,766,—,—,Fiction,Fantasy,Historical Fantasy,Middle Eastern Fantasy,Adult,Yes,The Daevabad Trilogy,3,No,"Power, Family, Identity, War","Epic, Emotional, Immersive","Political Intrigue, Found Family","Middle Eastern Fantasy, Epic Fantasy, Women Author, Magic",Yes,Yes,Primary,Middle Eastern Fantasy,Series Finale,Advanced,"The Kingdom of Copper, The Stardust Thief, Jade City",A spectacular conclusion to one of modern fantasy's finest trilogies.,"Political conflict, unforgettable characters, and magical world-building culminate in an epic finale to the Daevabad Trilogy.",A kingdom built on magic can also fall because of it.,Fantasy Series Worth Finishing,November,,,,,,Yes,Locus Award Finalist,No,High,High,
The Kingdom of Copper,—,S. A. Chakraborty,Female,USA,English,—,2019,640,—,—,Fiction,Fantasy,Historical Fantasy,Middle Eastern Fantasy,Adult,Yes,The Daevabad Trilogy,2,No,"Loyalty, Politics, Identity, Magic","Epic, Atmospheric, Emotional","Political Intrigue, Multiple POV","Middle Eastern Fantasy, Women Author, Epic Fantasy",Yes,Yes,Primary,Middle Eastern Fantasy,Long Weekend Read,Advanced,"The Empire of Gold, The City of Brass, The Jasmine Throne",A brilliant sequel where politics become deadlier than magic.,"Expands the Daevabad world with complex alliances, betrayals, and emotionally rich character arcs.",Power changes everyone. Even heroes.,Best Fantasy Sequels,October,,,,,,Yes,—,No,High,High,
The City of Brass,—,S. A. Chakraborty,Female,USA,English,—,2017,544,—,—,Fiction,Fantasy,Historical Fantasy,Middle Eastern Fantasy,Adult,Yes,The Daevabad Trilogy,1,No,"Identity, Destiny, Magic, Power","Adventurous, Magical, Immersive","Hidden Heritage, Chosen One","Middle Eastern Fantasy, Women Author, Series Starter, Adventure",Yes,Yes,Primary,"Middle Eastern Fantasy, Fantasy Starters",Series Starter,Intermediate,"The Stardust Thief, The Golem and the Jinni, The Grace of Kings",The perfect gateway into Middle Eastern-inspired fantasy.,"Rich mythology, unforgettable characters, and breathtaking world-building make this one of the best fantasy debuts of the decade.",One con changes everything.,Fantasy Books Everyone Should Read,August,,,,,,Yes,Crawford Award Finalist,No,High,High,
The Queen's Spy,—,Clare Marchant,Female,UK,English,—,2024,352,—,—,Fiction,Historical Fiction,Mystery,Tudor Fiction,Adult,No,—,—,Yes,"Espionage, Loyalty, Secrets, History","Suspenseful, Atmospheric","Dual Timeline, Court Intrigue","Historical Fiction, Tudor England, Women Author",Yes,Yes,Primary,Historical Fiction,Historical Weekend Read,Intermediate,"The Queen's Gambit, The Paris Library, The Rose Code","A suspenseful Tudor novel filled with secrets, loyalty, and royal intrigue.",Clare Marchant blends historical fiction with espionage to create a gripping and immersive read.,Every queen needs someone willing to lie for her.,Tudor Historical Fiction,April,,,,,,Yes,—,No,Moderate,Moderate,
The Persian Boy,—,Mary Renault,Female,UK,English,—,1972,352,—,—,Fiction,Historical Fiction,Literary Fiction,Ancient History,Adult,No,—,—,Yes,"Identity, Love, War, Loyalty","Reflective, Emotional",Historical Biography,"Ancient Greece, LGBTQ+, Historical Fiction, Classic",Yes,No,Secondary,Historical Classics,Literary Read,Advanced,"Fire from Heaven, Circe, Song of Achilles","A timeless historical novel exploring love, loyalty, and Alexander the Great's world.",Mary Renault's classic remains one of the finest works of ancient historical fiction ever written.,History remembers kings—but not always those who loved them.,Classics That Still Hold Up,February,,,,,,Yes,—,No,Moderate,Moderate,
Mistress of Rome,—,Kate Quinn,Female,USA,English,—,2010,560,—,—,Fiction,Historical Fiction,Romance,Ancient Rome,Adult,Yes,The Empress of Rome Saga,1,No,"Power, Survival, Love, Freedom","Dramatic, Emotional","Forbidden Love, Political Intrigue","Ancient Rome, Historical Fiction, Women Author",Yes,Yes,Primary,Ancient Rome Fiction,Historical Escape,Intermediate,"The Wolf Den, Daughters of Rome, Pompeii","Ancient Rome comes alive through politics, passion, and unforgettable heroines.",Kate Quinn masterfully combines historical accuracy with compelling storytelling and emotional depth.,Surviving Rome was its own kind of rebellion.,Ancient Rome Book Recommendations,July,,,,,,Yes,Bestseller,No,Moderate,High,
The Spanish Love Deception,—,Elena Armas,Female,Spain,English,—,2021,480,—,—,Fiction,Romance,Contemporary Fiction,Romantic Comedy,Adult,No,—,—,Yes,"Love, Trust, Family, Career","Romantic, Funny, Feel-good","Fake Dating, Workplace Romance, Slow Burn","Romance, BookTok, Rom-Com, Women Author",Yes,Yes,Primary,Romantic Comedies,Vacation Read,Beginner,"The Love Hypothesis, Beach Read, Book Lovers",A delightful fake-dating romance overflowing with chemistry and humor.,"One of BookTok's biggest romance hits featuring witty banter, slow-burn romance, and unforgettable characters.",Fake dating has never looked this real.,Best Fake Dating Romance Books,February,,,,,,Yes,Bestseller,Film Rights,Very High,Very High,
Into the Blue,—,Emma Brodie,Female,USA,English,—,2022,368,—,—,Fiction,Contemporary Fiction,Romance,Women's Fiction,Adult,No,—,—,Yes,"Self-discovery, Love, Family","Emotional, Hopeful","Second Chance, Family Drama","Women's Fiction, Romance, Beach Read",Yes,Yes,Primary,Women's Fiction,Summer Read,Beginner,"Every Summer After, Nora Goes Off Script, Float Plan","A heartfelt novel about healing, family, and finding yourself again.",Emma Brodie delivers an emotional contemporary story perfect for readers seeking hope and fresh beginnings.,Sometimes you have to get lost before you find home.,Emotional Summer Reads,June,,,,,,Yes,—,No,Moderate,Moderate,
Girl Who Fell Beneath the Sea,—,Axie Oh,Female,USA,English,—,2022,336,—,—,Fiction,Fantasy,Romance,Korean Mythology Fantasy,Young Adult,No,—,—,Yes,"Sacrifice, Destiny, Love, Courage","Magical, Emotional","Myth Retelling, Chosen Heroine","Korean Mythology, YA Fantasy, Women Author",Yes,Yes,Primary,Korean Mythology,Mythology Read,Beginner,"Daughter of the Moon Goddess, Six Crimson Cranes, Spirited Away",A magical Korean mythology-inspired fantasy full of hope and sacrifice.,"Beautifully written and richly atmospheric, it's an ideal introduction to Korean-inspired fantasy.",She offered herself to save everyone else.,Korean Mythology Books,May,,,,,,Yes,Goodreads Choice Nominee,No,High,High,
When in Rome,—,Sarah Adams,Female,USA,English,—,2022,336,—,—,Fiction,Romance,Contemporary Fiction,Romantic Comedy,Adult,Yes,When in Rome,1,No,"Love, Family, Healing","Cozy, Funny, Romantic","Small Town, Celebrity Romance","Rom-Com, Small Town Romance, Women Author",Yes,Yes,Primary,Cozy Romance,Weekend Romance,Beginner,"Practice Makes Perfect, The Cheat Sheet, Part of Your World",A charming small-town romance that's as comforting as a warm hug.,"Sarah Adams delivers humor, lovable characters, and a romance readers can't help but root for.",Small towns have the biggest love stories.,Cozy Romance Recommendations,February,,,,,,Yes,Bestseller,No,High,High,
First Time Caller,—,B. K. Borison,Female,USA,English,—,2025,—,—,—,Fiction,Romance,Contemporary Fiction,Romantic Comedy,Adult,Yes,Heartstrings,1,No,"Love, Hope, Relationships","Cozy, Romantic",Friends to Lovers,"Romance, New Release, Women Author",Yes,Yes,Primary,Contemporary Romance,Cozy Weekend Read,Beginner,"Funny Story, Ready or Not, The Seven Year Slip",A heartwarming romance celebrating second chances and unexpected connections.,"B.K. Borison combines warmth, humor, and emotional depth in a comforting contemporary romance.",Sometimes one phone call changes everything.,New Romance Books,January,,,,,,Yes,—,No,Growing,Growing,
Mr. Wrong Number,—,Lynn Painter,Female,USA,English,—,2022,352,—,—,Fiction,Romance,Contemporary Fiction,Romantic Comedy,Adult,Yes,Mr. Wrong Number,1,No,"Love, Family, Friendship","Funny, Romantic","Texting Romance, Neighbours","Rom-Com, BookTok, Women Author",Yes,Yes,Primary,Romantic Comedy,Feel-Good Read,Beginner,"The Cheat Sheet, Better Than the Movies, Book Lovers",A hilarious rom-com full of texting mishaps and irresistible chemistry.,Lynn Painter's witty writing makes this one of the most bingeable contemporary romances.,One wrong text. One unforgettable romance.,Rom-Com Books to Binge,March,,,,,,Yes,Bestseller,No,Very High,Very High,
Practice Makes Perfect,—,Sarah Adams,Female,USA,English,—,2023,352,—,—,Fiction,Romance,Contemporary Fiction,Romantic Comedy,Adult,Yes,When in Rome,2,No,"Confidence, Love, Growth","Sweet, Romantic","Fake Dating, Small Town","Romance, Small Town Romance, Women Author",Yes,Yes,Primary,Cozy Romance,Weekend Read,Beginner,"When in Rome, The Cheat Sheet, Yours Truly","Sweet, funny, and comforting—a romance you'll finish with a smile.",Sarah Adams once again proves why she's a favorite for cozy contemporary romance readers.,Love isn't about perfection—it's about showing up.,Small Town Romance Books,February,,,,,,Yes,Bestseller,No,High,High,
The Happily Ever After Playlist,—,Abby Jimenez,Female,USA,English,—,2020,400,—,—,Fiction,Romance,Contemporary Fiction,Women's Fiction,Adult,Yes,Friend Zone,2,No,"Healing, Love, Grief","Emotional, Romantic","Celebrity Romance, Slow Burn","Romance, Emotional Romance, Women Author",Yes,Yes,Primary,Emotional Romance,Healing Read,Intermediate,"Yours Truly, Part of Your World, Just for the Summer","A beautiful romance about grief, hope, and beginning again.",Abby Jimenez balances emotional depth with humor and unforgettable romance.,Healing sometimes begins with an unexpected playlist.,Romance Books That Make You Cry,April,,,,,,Yes,Bestseller,No,Very High,Very High,
Book Lovers,—,Emily Henry,Female,USA,English,—,2022,384,—,—,Fiction,Romance,Contemporary Fiction,Romantic Comedy,Adult,No,—,—,Yes,"Family, Love, Ambition","Funny, Romantic, Emotional","Rivals to Lovers, Small Town","Romance, Book Lovers, BookTok, Women Author",Yes,Yes,Primary,Contemporary Romance,Book Lover Read,Beginner,"Beach Read, Funny Story, The Seven Year Slip",A romance written especially for people who love books.,"Emily Henry celebrates readers, publishing, family, and love with humor and heart.",Finally—a romance where the bookworm gets the happy ending.,Romance Books for Book Lovers,April,,,,,,Yes,Bestseller,No,Very High,Very High,
Yours Truly,—,Abby Jimenez,Female,USA,English,—,2023,400,—,—,Fiction,Romance,Contemporary Fiction,Women's Fiction,Adult,Yes,Part of Your World,2,No,"Anxiety, Love, Healing","Emotional, Hopeful","Fake Dating, Friends to Lovers","Romance, Mental Health, Women Author",Yes,Yes,Primary,Emotional Romance,Comfort Read,Intermediate,"Part of Your World, Just for the Summer, Book Lovers",A heartfelt romance that treats mental health with empathy and care.,"Abby Jimenez combines humor, emotional vulnerability, and memorable characters in one of her strongest novels.",Some love stories heal more than just hearts.,Romance Books with Mental Health Representation,May,,,,,,Yes,Bestseller,No,Very High,Very High,
Part of Your World,—,Abby Jimenez,Female,USA,English,—,2022,400,—,—,Fiction,Romance,Contemporary Fiction,Women's Fiction,Adult,Yes,Part of Your World,1,No,"Love, Family, Identity","Emotional, Romantic","Small Town, Opposites Attract","Romance, Women's Fiction, Women Author",Yes,Yes,Primary,Women's Fiction,Feel-Good Read,Beginner,"Yours Truly, Practice Makes Perfect, Things We Never Got Over",A warm romance about choosing happiness over expectations.,"Small-town charm, emotional growth, and lovable characters make this a modern romance favorite.",What if the life you need is nothing like the one you planned?,Small Town Romance Recommendations,March,,,,,,Yes,Bestseller,No,Very High,Very High,
The Cheat Sheet,—,Sarah Adams,Female,USA,English,—,2021,336,—,—,Fiction,Romance,Contemporary Fiction,Romantic Comedy,Adult,No,—,—,Yes,"Friendship, Love, Trust","Funny, Cozy, Romantic","Friends to Lovers, Sports Romance","Rom-Com, Sports Romance, Women Author",Yes,Yes,Primary,Sports Romance,Weekend Read,Beginner,"The Right Move, Mile High, Mr. Wrong Number",Friends-to-lovers romance that's equal parts adorable and hilarious.,Sarah Adams delivers one of the sweetest sports romances without relying on heavy drama.,The best love stories sometimes begin as friendships.,Friends to Lovers Romance Books,February,,,,,,Yes,Bestseller,No,High,High,
Summer in the City,—,Alex Aster,Female,USA,English,—,2025,—,—,—,Fiction,Romance,Contemporary Fiction,Romantic Comedy,Adult,No,—,—,Yes,"Love, Career, Self-discovery","Fun, Romantic, Lighthearted","City Romance, Enemies to Lovers","Romance, Summer Read, Women Author",Yes,Yes,Primary,Contemporary Romance,Summer Vacation Read,Beginner,"Funny Story, Beach Read, Book Lovers",A vibrant city romance perfect for readers looking for a light and entertaining escape.,"Alex Aster brings charm, chemistry, and modern romance together in a breezy contemporary novel.",Every city has one unforgettable summer.,Best Summer Romance Books,June,,,,,,Yes,—,No,Growing,Growing,
Talking at Night,—,Claire Daverley,Female,UK,English,—,2023,432,—,—,Fiction,Literary Fiction,Contemporary Fiction,Literary Romance,Adult,No,—,—,Yes,"Love, Grief, Family, Time","Emotional, Reflective, Bittersweet","Friends to Lovers, Coming of Age","Literary Fiction, Romance, Women's Fiction, Emotional Read",Yes,Yes,Primary,"Literary Fiction, Contemporary Romance",Emotional Read,Intermediate,"Normal People, Tomorrow and Tomorrow and Tomorrow, One Day","A beautifully written novel about first love, grief, and the people who shape us forever.","Claire Daverley explores love, loss, and growing up through a deeply emotional and intimate literary romance.",Some love stories stay with you long after they end.,Literary Love Stories Worth Reading,October,,,,,,Yes,Bestseller,No,Moderate,High,
The Convenience Store by the Sea,—,Sonoko Machida,Female,Japan,Japanese,Yes,2023 (Eng.),—,—,—,Fiction,Literary Fiction,Contemporary Fiction,Healing Fiction,Adult,No,—,—,Yes,"Community, Kindness, Healing, Everyday Life","Cozy, Heartwarming, Gentle","Found Family, Slice of Life","Japanese Literature, Healing Fiction, Cozy Read, Slow Living",Yes,Yes,Secondary,"Japanese Literature, Healing Fiction",Comfort Read,Beginner,"Before the Coffee Gets Cold, What You Are Looking For Is in the Library, Sweet Bean Paste",A heartwarming Japanese novel celebrating ordinary lives and quiet kindness.,A gentle story where everyday encounters slowly heal broken hearts and restore hope.,Sometimes healing begins in the most ordinary places.,Japanese Healing Fiction Recommendations,January,,,,,,Yes,Bestseller,No,Growing,High,
The House in the Cerulean Sea,—,T. J. Klune,Male,USA,English,—,2020,394,—,—,Fiction,Fantasy,Contemporary Fantasy,Cozy Fantasy,Adult,No,—,—,Yes,"Acceptance, Found Family, Love, Belonging","Cozy, Hopeful, Heartwarming","Found Family, Magical Children","Cozy Fantasy, LGBTQ+, Comfort Read, BookTok",No,No,Secondary,"Cozy Fantasy, LGBTQ+ Fiction",Comfort Read,Beginner,"Legends & Lattes, Under the Whispering Door, The Very Secret Society of Irregular Witches","A magical, comforting fantasy that celebrates kindness, belonging, and chosen family.",T. J. Klune delivers one of the coziest fantasy novels of recent years with unforgettable characters.,This book feels like a warm hug.,Cozy Fantasy Books Everyone Should Read,December,,,,,,Yes,Alex Award,TV Rights,Very High,Very High,
Divine Rivals,—,Rebecca Ross,Female,USA,English,—,2023,368,—,—,Fiction,Fantasy,Romance,Historical Fantasy,Young Adult,Yes,Letters of Enchantment,1,No,"Love, War, Hope, Fate","Romantic, Emotional, Atmospheric","Rivals to Lovers, Magical Letters","YA Fantasy, BookTok, Romance, Women Author",Yes,Yes,Primary,"YA Fantasy, Romance",Romantic Read,Beginner,"Ruthless Vows, Once Upon a Broken Heart, A River Enchanted",An unforgettable fantasy romance where love survives even in the middle of war.,"Rebecca Ross combines magical letters, emotional storytelling, and lyrical writing into a modern fantasy favorite.",What if love could travel through enchanted letters?,Fantasy Romance Books That Deserve the Hype,September,,,,,,Yes,Goodreads Choice Winner,Film Rights,Very High,Very High,
The Lion Women of Tehran,—,Marjan Kamali,Female,USA / Iran,English,—,2024,336,—,—,Fiction,Historical Fiction,Literary Fiction,Women's Fiction,Adult,No,—,—,Yes,"Friendship, Identity, Revolution, Womanhood","Emotional, Reflective","Lifelong Friendship, Political Upheaval","Iranian Literature, Women-Centric, Historical Fiction",Yes,Yes,Primary,"Women's Fiction, Historical Fiction",Women's Fiction Read,Intermediate,"The Stationery Shop, A Thousand Splendid Suns, Home Fire","A moving story of friendship, resilience, and the changing lives of Iranian women.",Marjan Kamali explores decades of history through one unforgettable female friendship.,Friendship can survive even revolutions.,Women-Centric Historical Fiction,March,,,,,,Yes,Bestseller,No,Growing,High,
Once Upon a Broken Heart,—,Stephanie Garber,Female,USA,English,—,2021,408,—,—,Fiction,Fantasy,Romance,Fairy Tale Fantasy,Young Adult,Yes,Once Upon a Broken Heart,1,No,"Love, Fate, Magic, Hope","Whimsical, Romantic","Bargain with Fate, Cursed Prince","YA Fantasy, Fairy Tale, BookTok",Yes,Yes,Primary,Fairy Tale Fantasy,Fantasy Romance Read,Beginner,"Caraval, Divine Rivals, Belladonna","A magical fairy-tale romance full of curses, destiny, and unforgettable characters.",Stephanie Garber creates a whimsical world readers won't want to leave.,Would you trust the Prince of Hearts?,Fairytale Fantasy Recommendations,February,,,,,,Yes,Bestseller,No,Very High,Very High,
The Cruel Prince,—,Holly Black,Female,USA,English,—,2018,384,—,—,Fiction,Fantasy,Romance,Political Fantasy,Young Adult,Yes,The Folk of the Air,1,No,"Power, Ambition, Betrayal, Identity","Dark, Fast-paced","Enemies to Lovers, Court Intrigue","YA Fantasy, Fae, BookTok",Yes,Yes,Primary,Fae Fantasy,Enemies-to-Lovers Read,Intermediate,"The Wicked King, Fourth Wing, Once Upon a Broken Heart",A political fantasy where ambition matters more than magic.,"Holly Black delivers court politics, betrayal, and one of YA fantasy's most iconic rivals-to-lovers stories.","To survive Faerie, kindness isn't enough.",Best Fae Fantasy Books,October,,,,,,Yes,Bestseller,Film Rights,Very High,Very High,
The Butcher,—,Jennifer Hillier,Female,Canada,English,—,2014,352,—,—,Fiction,Thriller,Mystery,Psychological Thriller,Adult,No,—,—,Yes,"Murder, Secrets, Family, Justice","Dark, Suspenseful","Serial Killer, Hidden Past","Thriller, Mystery, Women Author",Yes,Yes,Secondary,Psychological Thriller,Thriller Weekend,Intermediate,"Jar of Hearts, Never Lie, The Silent Patient",A chilling psychological thriller packed with shocking twists and unforgettable suspense.,Jennifer Hillier masterfully blends family drama with serial killer suspense.,Every family hides something terrifying.,Thriller Books With Jaw-Dropping Twists,October,,,,,,Yes,Bestseller,No,High,High,
You Killed Me First,—,John Marrs,Male,UK,English,—,2025,—,—,—,Fiction,Thriller,Mystery,Domestic Thriller,Adult,No,—,—,Yes,"Revenge, Secrets, Betrayal","Suspenseful, Twisty","Multiple POV, Hidden Truths","Thriller, Psychological Thriller",No,Yes,Primary,Domestic Thriller,Weekend Thriller,Intermediate,"The Family Upstairs, Never Lie, None of This Is True",A twist-filled thriller where revenge and secrets collide.,John Marrs delivers another addictive psychological thriller full of surprises.,Everyone has a motive.,Domestic Thrillers You Can't Put Down,October,,,,,,Yes,Bestseller,No,Growing,Growing,
That's Not My Name,—,Megan Lally,Female,USA,English,—,2023,304,—,—,Fiction,Thriller,Mystery,YA Thriller,Young Adult,No,—,—,Yes,"Identity, Survival, Mystery","Suspenseful, Fast-paced","Missing Person, Amnesia","YA Thriller, Mystery, BookTok",Yes,Yes,Primary,YA Thriller,Fast Read,Beginner,"A Good Girl's Guide to Murder, None Shall Sleep, Five Survive",A gripping YA mystery that keeps readers questioning every page.,"Megan Lally builds suspense around identity, memory, and survival.",What if even your own name was a lie?,YA Thrillers Worth Reading,August,,,,,,Yes,Bestseller,No,High,High,
Never Lie,—,Freida McFadden,Female,USA,English,—,2022,304,—,—,Fiction,Thriller,Mystery,Psychological Thriller,Adult,No,—,—,Yes,"Secrets, Marriage, Deception","Twisty, Dark","Isolated House, Unreliable Narrator","Psychological Thriller, BookTok",Yes,Yes,Primary,Psychological Thriller,Weekend Thriller,Beginner,"The Housemaid, The Silent Patient, Rock Paper Scissors",A page-turning thriller where every revelation changes everything.,Freida McFadden proves why she's one of today's most addictive thriller writers.,Trust me—you won't guess the ending.,Psychological Thrillers That Shocked Me,October,,,,,,Yes,Bestseller,Film Rights,Very High,Very High,
Morning Star,—,Pierce Brown,Male,USA,English,—,2016,544,—,—,Fiction,Science Fiction,Dystopian,Space Opera,Adult,Yes,Red Rising Saga,3,No,"Revolution, Loyalty, War","Epic, Intense","Rebellion, Found Family","Science Fiction, Space Opera",No,No,Secondary,Science Fiction,Epic Series Read,Advanced,"Golden Son, Red Rising, Sun Eater","A thrilling conclusion filled with sacrifice, revolution, and unforgettable battles.",Pierce Brown raises the stakes with epic storytelling and emotional character arcs.,Freedom always comes at a price.,Best Space Opera Series,November,,,,,,Yes,Bestseller,No,High,High,
Red Rising,—,Pierce Brown,Male,USA,English,—,2014,382,—,—,Fiction,Science Fiction,Dystopian,Space Opera,Adult,Yes,Red Rising Saga,1,No,"Revenge, Freedom, Power","Fast-paced, Intense","Chosen One, Rebellion","Science Fiction, BookTok, Dystopian",No,No,Secondary,"Science Fiction, Dystopian",Series Starter,Intermediate,"The Hunger Games, Ender's Game, Red Queen",A gripping science fiction novel about rebellion against an oppressive society.,"Fast-paced, intelligent, and impossible to put down, it's one of modern sci-fi's biggest successes.",Rise. Fight. Change everything.,Science Fiction Books Everyone Should Read,July,,,,,,Yes,Bestseller,TV Adaptation in Development,Very High,Very High,
The Surviving Sky,—,Kritika H. Rao,Female,India,English,—,2023,432,—,—,Fiction,Fantasy,Science Fantasy,Climate Fantasy,Adult,Yes,The Rages Trilogy,1,No,"Survival, Marriage, Nature, Power","Epic, Atmospheric","Married Couple, Living Cities","Indian Author, Climate Fiction, Epic Fantasy",Yes,Yes,Primary,Indian Fantasy,Epic Fantasy Read,Advanced,"The Final Strife, The Fifth Season, The Jasmine Throne","A unique fantasy combining climate fiction, marriage, and extraordinary world-building.",Kritika H. Rao introduces one of the freshest fantasy worlds in recent years.,Imagine cities that live and breathe.,Underrated Indian Fantasy Books,September,,,,,,Yes,—,No,Moderate,Moderate,
The Star-Touched Queen,—,Roshani Chokshi,Female,USA,English,—,2016,352,—,—,Fiction,Fantasy,Romance,Mythological Fantasy,Young Adult,Yes,The Star-Touched Queen,1,No,"Destiny, Love, Identity","Dreamlike, Romantic","Arranged Marriage, Cursed Kingdom","Indian-inspired Fantasy, YA Fantasy",Yes,Yes,Primary,Indian Mythology Fantasy,Fantasy Romance Read,Beginner,"The Wrath & the Dawn, The Library of Fates, Kaikeyi",A lush fantasy inspired by Indian mythology and celestial magic.,Roshani Chokshi's lyrical storytelling makes this an enchanting YA fantasy.,Stars choose queens for a reason.,Indian Mythology Inspired Fantasy,May,,,,,,Yes,Bestseller,No,High,High,
The Tiger at Midnight,—,Swati Teerdhala,Female,Canada,English,—,2019,496,—,—,Fiction,Fantasy,Adventure,Indian-inspired Fantasy,Young Adult,Yes,The Tiger at Midnight,1,No,"Duty, Identity, Freedom","Adventurous, Romantic","Cat and Mouse, Forbidden Romance","Indian-inspired Fantasy, YA Fantasy",Yes,Yes,Primary,Indian-inspired Fantasy,Adventure Read,Intermediate,"We Hunt the Flame, The Star-Touched Queen, Ember in the Ashes",A thrilling fantasy inspired by Indian history and folklore.,"Swati Teerdhala delivers adventure, romance, and unforgettable world-building.",Hunter and hunted—until fate changes everything.,Indian Fantasy Books,June,,,,,,Yes,Bestseller,No,Moderate,High,
The Phoenix King,—,Aparna Verma,Female,India / USA,English,—,2024,480,—,—,Fiction,Fantasy,Epic Fantasy,Indian-inspired Fantasy,Adult,Yes,The Phoenix King,1,No,"Power, Legacy, Destiny","Epic, Emotional","Political Intrigue, Prophecy","Indian Fantasy, Women Author",Yes,Yes,Primary,Indian Fantasy,Epic Fantasy Read,Intermediate,"The Jasmine Throne, The Final Strife, The Surviving Sky","A richly imagined fantasy exploring destiny, power, and legacy.",Aparna Verma creates a compelling epic inspired by South Asian history and mythology.,Every kingdom needs a ruler willing to burn for it.,New Indian Fantasy Releases,September,,,,,,Yes,—,No,Growing,Growing,
The Library of Fates,—,Aditi Khorana,Female,India / USA,English,—,2017,352,—,—,Fiction,Fantasy,Historical Fantasy,Indian-inspired Fantasy,Young Adult,No,—,—,Yes,"Destiny, Courage, Hope","Emotional, Magical",Heroine's Journey,"Indian-inspired Fantasy, YA Fantasy",Yes,Yes,Primary,Indian-inspired Fantasy,Mythology Read,Beginner,"The Star-Touched Queen, Forest of Enchantments, Kaikeyi",A magical journey where destiny is rewritten through courage and hope.,A beautifully imagined fantasy inspired by Indian culture and storytelling traditions.,Libraries don't just hold books—they hold destinies.,Books Inspired by Indian Culture,May,,,,,,Yes,—,No,Moderate,Moderate,
Mom Unfiltered,—,Leah Kim,Female,South Korea / USA,English,—,2024,—,—,—,Non-fiction,Memoir,Parenting,Personal Essays,Adult,No,—,—,Yes,"Motherhood, Identity, Family","Honest, Reflective",Personal Growth,"Motherhood, Memoir, Women Author",Yes,Yes,Primary,"Memoir, Parenting",Mother's Day Read,Beginner,"Untamed, Dear Ijeawele, Fair Play","A candid exploration of motherhood, identity, and modern parenting.",Honest and relatable essays that celebrate the imperfect realities of being a mother.,Motherhood isn't perfect—and that's okay.,Books Every Mother Should Read,May,,,,,,Yes,—,No,Low,Moderate,
A Thousand Blues,—,Cheon Seon-ran,Female,South Korea,Korean,Yes,2020 (Eng.),—,—,—,Fiction,Science Fiction,Literary Fiction,Speculative Fiction,Adult,No,—,—,Yes,"Humanity, Loneliness, Hope","Quiet, Emotional, Reflective","AI Companion, Found Family","Korean Literature, Literary Sci-Fi, Healing Fiction",Yes,No,Secondary,"Korean Literature, Literary Sci-Fi",Reflective Read,Intermediate,"Klara and the Sun, Before the Coffee Gets Cold, Welcome to the Hyunam-dong Bookshop","A thoughtful Korean novel exploring humanity, loneliness, and hope through speculative fiction.",Cheon Seon-ran blends quiet science fiction with emotional storytelling to create a deeply moving reading experience.,Can machines teach us what it means to be human?,Korean Books Beyond Healing Fiction,January,,,,,,Yes,—,No,Growing,Growing,
The Future Perfect,—,Cay Kim,Female,South Korea,English,—,2025,—,—,—,Fiction,Contemporary Fiction,Literary Fiction,Speculative Fiction,Adult,No,—,—,Yes,"Identity, Technology, Relationships, Future","Reflective, Emotional, Thought-provoking","Near Future, Self Discovery","Korean Literature, Speculative Fiction, Women Author",Yes,Yes,Secondary,"Korean Literature, Speculative Fiction",Reflective Read,Intermediate,"Klara and the Sun, Tomorrow and Tomorrow and Tomorrow, A Thousand Blues",A thoughtful novel exploring identity and human connection in a changing world.,Cay Kim blends speculative fiction with emotional storytelling to examine the future of relationships.,Can the future rewrite who we are?,Best Literary Speculative Fiction,January,,,,,,Yes,—,No,Growing,Growing,
The Devoted,—,Catherine Cho,Female,USA / South Korea,English,—,2022,272,—,—,Non-fiction,Memoir,Literary Non-fiction,Family Memoir,Adult,No,—,—,Yes,"Motherhood, Identity, Mental Health, Family","Honest, Reflective, Emotional",Personal Journey,"Memoir, Women Author, Korean Diaspora, Motherhood",Yes,Yes,Primary,"Memoir, Motherhood",Memoir Read,Beginner,"Crying in H Mart, Know My Name, Minor Feelings","A deeply personal memoir about motherhood, identity, and mental health.","Catherine Cho writes with vulnerability and honesty about family, culture, and healing.",Motherhood isn't always the story we're told.,Memoirs Every Woman Should Read,May,,,,,,Yes,Critically Acclaimed,No,Moderate,Moderate,
The Seoul Letter Shop,—,Baek Seungyeon,Female,South Korea,Korean,Yes,2024 (Eng.),—,—,—,Fiction,Literary Fiction,Contemporary Fiction,Healing Fiction,Adult,No,—,—,Yes,"Healing, Community, Hope, Friendship","Cozy, Gentle, Heartwarming","Found Family, Slice of Life","Korean Literature, Healing Fiction, Cozy Read",Yes,Yes,Secondary,Korean Healing Fiction,Comfort Read,Beginner,"Welcome to the Hyunam-dong Bookshop, Marigold Mind Laundry, What You Are Looking For Is in the Library","A cozy novel celebrating handwritten letters, kindness, and second chances.",A comforting slice-of-life story that captures the warmth of meaningful human connections.,What if one letter changed someone's life?,Cozy Korean Healing Fiction,January,,,,,,Yes,Bestseller (Korea),No,Growing,High,
Song for Another Home,—,Bora Lee Reed,Female,South Korea,English,—,2025,—,—,—,Fiction,Literary Fiction,Historical Fiction,Family Saga,Adult,No,—,—,Yes,"Home, Identity, Migration, Family","Emotional, Reflective",Multi-generational Family,"Korean Literature, Literary Fiction, Women Author",Yes,Yes,Primary,Literary Fiction,Literary Read,Intermediate,"Pachinko, Wandering Souls, The Island of Sea Women","A moving family saga about belonging, migration, and finding home.","Bora Lee Reed explores memory, identity, and generational relationships with emotional depth.",Home isn't always a place.,Literary Fiction About Family,November,,,,,,Yes,—,No,Growing,Moderate,
Bhima's Wife,—,Kavita Kane,Female,India,English,—,2016,320,—,—,Fiction,Mythological Fiction,Historical Fiction,Mahabharata Retelling,Adult,No,—,—,Yes,"Womanhood, Duty, Love, Identity","Emotional, Powerful","Forgotten Woman, Myth Retelling","Indian Mythology, Women-Centric, Mahabharata, Retelling",Yes,Yes,Primary,"Mahabharata Retellings, Forgotten Women",Mythology Read,Beginner,"Karna's Wife, Sita's Sister, Fisher Queen's Dynasty",Gives voice to one of the Mahabharata's most overlooked women.,Kavita Kane reimagines the epic through the eyes of Bhima's wife with empathy and strength.,History forgot her. This book didn't.,Forgotten Women of Mahabharata,August,,,,,,Yes,Bestseller (India),No,High,High,
Radha,—,Neelima Dalmia Adhar,Female,India,English,—,2021,320,—,—,Fiction,Mythological Fiction,Historical Fiction,Krishna Retelling,Adult,No,—,—,Yes,"Devotion, Love, Spirituality","Emotional, Spiritual",Myth Retelling,"Indian Mythology, Women-Centric, Krishna",Yes,Yes,Primary,Krishna Retellings,Spiritual Read,Beginner,"The Palace of Illusions, Kaikeyi, Sita",A lyrical retelling of Radha's enduring love and spiritual journey.,"A beautiful blend of devotion, mythology, and feminine strength.",The woman behind Krishna's greatest love story.,Women of Krishna's Stories,August,,,,,,Yes,Bestseller,No,Moderate,High,
The Goddess Queen,—,Alice Roberts,Female,UK,English,—,2023,432,—,—,Fiction,Historical Fiction,Literary Fiction,Ancient History,Adult,No,—,—,Yes,"Power, Leadership, History","Atmospheric, Reflective",Historical Woman,"Ancient History, Women-Centric",Yes,Yes,Primary,Ancient Historical Fiction,Historical Read,Intermediate,"Circe, Ariadne, Stone Blind",A compelling historical novel about one of history's extraordinary women.,Alice Roberts combines archaeology and fiction to bring the ancient world vividly to life.,"Before legends became myths, there were queens.",Books About Powerful Women in History,March,,,,,,Yes,Bestseller,No,Moderate,Moderate,
Indian Mythology,—,Jan Knappert,Male,Netherlands,English,—,1991,320,—,—,Non-fiction,Mythology,History,Reference,Adult,No,—,—,Yes,"Hindu Gods, Legends, Epics","Informative, Accessible",Myth Collection,"Indian Mythology, Hinduism, Reference",No,No,Secondary,Mythology Reference,Beginner Mythology,Beginner,"Myth = Mithya, Jaya, Devlok",An accessible introduction to India's rich mythological traditions.,"A reference guide covering major gods, legends, and epic stories.",Where should you start with Indian mythology?,Beginner's Guide to Indian Mythology Books,July,,,,,,Yes,Classic Reference,No,Moderate,Moderate,
King of Ayodhya,—,Ashok K. Banker,Male,India,English,—,2003,448,—,—,Fiction,Mythological Fiction,Epic Fantasy,Ramayana Retelling,Adult,Yes,Ramayana Series,1,No,"Dharma, Duty, Kingship","Epic, Heroic",Hero's Journey,"Ramayana, Indian Mythology, Epic Fantasy",No,No,Secondary,Ramayana Retellings,Epic Read,Intermediate,"Prince of Ayodhya, Vanara, Ram Chandra Series",A grand retelling of the Ramayana filled with action and mythology.,Ashok K. Banker modernizes one of India's greatest epics while retaining its spiritual core.,The legend begins in Ayodhya.,Best Ramayana Retellings,July,,,,,,Yes,Bestseller,No,Moderate,Moderate,
Bridge of Rama,—,Ashok K. Banker,Male,India,English,—,2005,432,—,—,Fiction,Mythological Fiction,Epic Fantasy,Ramayana Retelling,Adult,Yes,Ramayana Series,5,No,"Faith, War, Courage","Epic, Adventurous",Quest,"Ramayana, Indian Mythology",No,No,Secondary,Ramayana Retellings,Mythology Read,Intermediate,"Siege of Mithila, Armies of Hanuman, Vanara",A thrilling continuation of Rama's legendary journey.,"Epic battles, devotion, and adventure combine in this imaginative retelling.",Every bridge begins with faith.,Ramayana Books in Reading Order,July,,,,,,Yes,Bestseller,No,Moderate,Moderate,
Armies of Hanuman,—,Ashok K. Banker,Male,India,English,—,2005,448,—,—,Fiction,Mythological Fiction,Epic Fantasy,Ramayana Retelling,Adult,Yes,Ramayana Series,4,No,"Loyalty, War, Brotherhood","Epic, Action-packed",War Campaign,"Hanuman, Ramayana, Indian Mythology",No,No,Secondary,Hanuman Books,Action Read,Intermediate,"Hanuman, Bridge of Rama, Siege of Mithila",A fast-paced retelling highlighting Hanuman's courage and loyalty.,One of the most action-packed installments in the Ramayana series.,No army was stronger than Hanuman's devotion.,Books About Hanuman,April,,,,,,Yes,Bestseller,No,Moderate,Moderate,
Siege of Mithila,—,Ashok K. Banker,Male,India,English,—,2003,448,—,—,Fiction,Mythological Fiction,Epic Fantasy,Ramayana Retelling,Adult,Yes,Ramayana Series,2,No,"Duty, War, Family","Epic, Dramatic",Kingdom Under Siege,"Ramayana, Indian Mythology",No,Yes,Secondary,Ramayana Retellings,Epic Fantasy,Intermediate,"King of Ayodhya, Prince of Ayodhya, Bridge of Rama",A dramatic retelling centered around Mithila and the conflicts surrounding Sita.,Expands the political and emotional landscape of the Ramayana.,"Before Lanka, there was Mithila.",Ramayana Beyond Rama,July,,,,,,Yes,Bestseller,No,Moderate,Moderate,
Prince of Ayodhya,—,Ashok K. Banker,Male,India,English,—,2002,448,—,—,Fiction,Mythological Fiction,Epic Fantasy,Ramayana Retelling,Adult,Yes,Ramayana Series,1,No,"Destiny, Dharma, Kingship","Epic, Inspirational",Chosen Hero,"Ramayana, Indian Mythology",No,No,Secondary,Ramayana Retellings,Series Starter,Beginner,"King of Ayodhya, Ram Chandra Series, Vanara",A modern introduction to the Ramayana through cinematic storytelling.,Ideal for readers looking to begin Ashok K. Banker's epic series.,Every hero has an origin story.,Where to Start Reading the Ramayana,July,,,,,,Yes,Bestseller,No,Moderate,Moderate,
The Psychology of Love,—,Rashna Imhasly-Gandhy,Female,India,English,—,2000,224,—,—,Non-fiction,Psychology,Relationships,Self-help,Adult,No,—,—,Yes,"Love, Relationships, Human Behaviour","Insightful, Reflective",Psychological Analysis,"Psychology, Relationships, Self-help",Yes,No,Secondary,"Psychology, Relationships",Self-growth Read,Beginner,"All About Love, Attached, The Course of Love",A thoughtful exploration of why humans love the way they do.,Blends psychology with practical insights into relationships and emotional behavior.,Love has patterns—and psychology explains them.,Psychology Books About Love,February,,,,,,Yes,—,No,Low,Moderate,
Namaha,—,Abhishek Singh,Male,India,English,—,2019,216,—,—,Fiction,Graphic Novel,Mythological Fiction,Shiva Retelling,Adult,No,—,—,Yes,"Shiva, Creation, Cosmic Balance","Philosophical, Visual",Myth Retelling,"Shiva, Graphic Novel, Indian Mythology",No,No,Secondary,"Shiva Books, Graphic Novels",Spiritual Read,Beginner,"Shiva Trilogy, Shiva Purana, Mahagauri",A visually stunning graphic retelling of Shiva's cosmic journey.,"Mythology, philosophy, and breathtaking artwork come together beautifully.",Shiva's story—like you've never seen before.,Graphic Novels Based on Indian Mythology,August,,,,,,Yes,Award-winning Graphic Novel,No,Moderate,High,
Fisher Queen's Dynasty,—,Kavita Kane,Female,India,English,—,2025,—,—,—,Fiction,Mythological Fiction,Historical Fiction,Mahabharata Retelling,Adult,No,—,—,Yes,"Legacy, Power, Womanhood","Emotional, Powerful",Forgotten Woman,"Indian Mythology, Women-Centric, Mahabharata",Yes,Yes,Primary,"Mahabharata Retellings, Forgotten Women",Women-Centric Read,Beginner,"Bhima's Wife, Karna's Wife, Satyavati",A fresh perspective on the women who shaped the Mahabharata's destiny.,Kavita Kane once again shines a light on overlooked female voices.,Behind every dynasty stood forgotten women.,Women Who Shaped the Mahabharata,August,,,,,,Yes,New Release,No,Growing,Growing,
Ajaya,—,Anand Neelakantan,Male,India,English,—,2013,456,—,—,Fiction,Mythological Fiction,Historical Fiction,Mahabharata Retelling,Adult,Yes,Ajaya,1,No,"Dharma, Justice, Perspective","Epic, Thought-provoking",Villain's Perspective,"Mahabharata, Duryodhana, Indian Mythology",No,No,Secondary,Mahabharata Retellings,Epic Read,Intermediate,"Asura, Yuganta, Song of Draupadi",A bold retelling that challenges everything you know about the Mahabharata.,Anand Neelakantan tells the story through Duryodhana's perspective with remarkable nuance.,What if the villains were never villains?,Mahabharata From the Kaurava Perspective,September,,,,,,Yes,Bestseller,No,High,High,
Karna's Wife,—,Kavita Kane,Female,India,English,—,2013,320,—,—,Fiction,Mythological Fiction,Historical Fiction,Mahabharata Retelling,Adult,No,—,—,Yes,"Marriage, Loyalty, Sacrifice","Emotional, Reflective",Forgotten Woman,"Indian Mythology, Women-Centric, Karna",Yes,Yes,Primary,"Mahabharata Retellings, Forgotten Women",Emotional Read,Beginner,"Bhima's Wife, Sita's Sister, Fisher Queen's Dynasty","A moving story of love, sacrifice, and resilience behind Karna's legendary life.","Kavita Kane gives voice to Uruvi, one of mythology's most overlooked women.",Everyone remembers Karna. Few remember the woman beside him.,Forgotten Women of Indian Mythology,August,,,,,,Yes,Bestseller,No,High,High,
Lanka's Princess,—,Kavita Kane,Female,India,English,—,2018,320,—,—,Fiction,Mythological Fiction,Historical Fiction,Ramayana Retelling,Adult,No,—,—,Yes,"Identity, Courage, War","Emotional, Inspiring",Forgotten Woman,"Ramayana, Women-Centric, Indian Mythology",Yes,Yes,Primary,"Ramayana Retellings, Forgotten Women",Women-Centric Read,Beginner,"Kaikeyi, Ahalya's Awakening, Mandodari",A powerful reimagining of Surpanakha beyond the traditional narrative.,Kavita Kane presents a nuanced portrait of one of mythology's most misunderstood women.,She was never just the villain of the Ramayana.,Misunderstood Women of the Ramayana,August,,,,,,Yes,Bestseller,No,High,High,
Mahagauri,—,Nitya Neelakantan,Female,India,English,—,2024,—,—,—,Fiction,Mythological Fiction,Spiritual Fiction,Goddess Retelling,Adult,No,—,—,Yes,"Feminine Power, Devotion, Faith","Spiritual, Inspiring",Goddess Story,"Indian Mythology, Navadurga, Women-Centric",Yes,Yes,Primary,"Goddess Books, Navadurga",Spiritual Read,Beginner,"Namaha, Durga, Devi",A spiritually uplifting novel celebrating one of Goddess Durga's most revered forms.,Nitya Neelakantan combines mythology with devotion in an inspiring narrative.,Every goddess has a story beyond the scriptures.,Books on Goddess Durga & Navadurga,October,,,,,,Yes,New Release,No,Growing,Growing,
Shiva Purana,—,Bibek Debroy,Male,India,Sanskrit (Translation),Bibek Debroy,2023,—,—,—,Non-fiction,Hindu Scriptures,Mythology,Purana,Adult,No,—,—,Yes,"Shiva, Creation, Cosmology, Dharma","Spiritual, Informative",Sacred Text,"Shiva, Purana, Hindu Scriptures, Sanatan Dharma",No,No,Secondary,"Shiva Books, Hindu Scriptures, Puranas",Mahashivratri Read,Intermediate,"Shiva, Namaha, Rudra",One of the most accessible modern translations of the Shiva Purana.,Bibek Debroy presents the sacred text in a readable format while preserving its spiritual essence.,Want to truly understand Lord Shiva? Start here.,Essential Books on Lord Shiva,February,,,,,,Yes,Classic Scripture,Multiple Adaptations,Moderate,High,
Shiva,—,Shubha Vilas,Male,India,English,—,2022,—,—,—,Fiction,Mythological Fiction,Spiritual Fiction,Shiva Retelling,Adult,No,—,—,Yes,"Devotion, Dharma, Shiva","Inspirational, Spiritual",Myth Retelling,"Shiva, Indian Mythology, Spiritual Fiction",No,No,Secondary,"Shiva Books, Mythological Fiction",Spiritual Read,Beginner,"Shiva Purana, Namaha, Shiva Trilogy",A devotional retelling that brings Shiva's wisdom to modern readers.,Shubha Vilas blends storytelling with spiritual insights for an engaging introduction to Shiva.,Shiva isn't just a god—he's a way of life.,Beginner-Friendly Shiva Books,February,,,,,,Yes,Bestseller,No,Moderate,High,
Hanuman,—,Vimkesh Kanti Verma,Male,India,English,—,2023,—,—,—,Non-fiction,Mythology,Spirituality,Hanuman,Adult,No,—,—,Yes,"Devotion, Strength, Courage","Devotional, Informative",Heroic Journey,"Hanuman, Sanatan Dharma, Hinduism",No,No,Secondary,"Hanuman Books, Spiritual Books",Hanuman Jayanti Read,Beginner,"Hanuman Chalisa, Armies of Hanuman, Hanuman Flies to Ravana's Lanka","A concise guide to Hanuman's life, virtues, and teachings.","Explores Hanuman as the embodiment of devotion, courage, and humility.",Strength begins with devotion.,Books About Hanuman,April,,,,,,Yes,—,No,Low,Moderate,
Hanuman Flies to Ravana's Lanka,—,Kushagra Singh,Male,India,English,—,2023,—,—,—,Fiction,Children's Mythology,Adventure,Ramayana Retelling,Children,No,—,—,Yes,"Courage, Adventure, Devotion","Fun, Inspirational",Hero's Journey,"Hanuman, Ramayana, Children's Books",No,No,Secondary,Children's Mythology,Family Read,Beginner,"Amar Chitra Katha, Hanuman, Ramayana for Children",A fun introduction to Hanuman's legendary journey for younger readers.,Retells one of the Ramayana's most exciting adventures in an accessible way.,The greatest leap in Indian mythology!,Mythology Books for Children,April,,,,,,Yes,—,Animated Style,Low,Moderate,
The Hawk's Quest,—,Deepa Aggarwal,Female,India,English,—,2014,320,—,—,Fiction,Historical Fiction,Adventure,Ancient India,Young Adult,Yes,The Bharat Trilogy,2,No,"Friendship, Survival, Adventure","Fast-paced, Adventurous",Quest,"Ancient India, YA Historical Fiction",Yes,Yes,Secondary,Ancient India Fiction,Adventure Read,Intermediate,"The Sword of Kaigen, The Hidden Hindu, Bharat Trilogy",A fast-paced historical adventure set in ancient India.,"Deepa Aggarwal combines history, friendship, and survival into an engaging YA novel.",Adventure awaits in ancient India.,Historical Fiction for Young Readers,June,,,,,,Yes,—,No,Moderate,Moderate,
Yuganta,—,Irawati Karve,Female,India,Marathi,Yes,1967,320,—,—,Non-fiction,Mythology,Philosophy,Mahabharata Analysis,Adult,No,—,—,Yes,"Dharma, Human Nature, Ethics","Thought-provoking, Scholarly",Character Study,"Mahabharata, Indian Philosophy, Classic",Yes,No,Secondary,"Mahabharata Analysis, Indian Philosophy",Mythology Study,Advanced,"Jaya, Ajaya, Yugandhar",A timeless analysis that examines Mahabharata characters as deeply human figures.,Irawati Karve's classic remains essential reading for mythology enthusiasts.,What if the Mahabharata wasn't about heroes and villains?,Books That Change How You See the Mahabharata,September,,,,,,Yes,Classic,No,High,Very High,
Urmila,—,Samar (author as provided),Unknown,India,English,—,—,—,—,—,Fiction,Mythological Fiction,Historical Fiction,Ramayana Retelling,Adult,No,—,—,Yes,"Sacrifice, Love, Womanhood","Emotional, Reflective",Forgotten Woman,"Urmila, Ramayana, Women-Centric",Unknown,Yes,Primary,"Forgotten Women, Ramayana",Women-Centric Read,Beginner,"Sita's Sister, Ahalya's Awakening, Mandodari",Gives long-overdue attention to Lakshman's forgotten wife.,"A poignant retelling exploring sacrifice, silence, and resilience.",The Ramayana's most forgotten heroine.,Women of the Ramayana,August,,,,,,Yes,—,No,Moderate,High,
Menaka's Choice,—,Kavita Kane,Female,India,English,—,2015,320,—,—,Fiction,Mythological Fiction,Historical Fiction,Myth Retelling,Adult,No,—,—,Yes,"Choice, Freedom, Womanhood","Emotional, Powerful",Forgotten Woman,"Menaka, Women-Centric, Indian Mythology",Yes,Yes,Primary,"Forgotten Women, Indian Mythology",Women's Fiction Read,Beginner,"Ahalya's Awakening, Fisher Queen's Dynasty, Karna's Wife",Reimagines Menaka as a woman with agency rather than mythology's temptress.,Kavita Kane continues her celebrated series on forgotten women.,She had a choice—and history ignored it.,Misunderstood Women in Mythology,August,,,,,,Yes,Bestseller,No,High,High,
Ahalya's Awakening,—,Kavita Kane,Female,India,English,—,2019,320,—,—,Fiction,Mythological Fiction,Historical Fiction,Ramayana Retelling,Adult,No,—,—,Yes,"Redemption, Identity, Forgiveness","Emotional, Reflective",Misunderstood Woman,"Ahalya, Women-Centric, Ramayana",Yes,Yes,Primary,"Forgotten Women, Ramayana",Emotional Read,Beginner,"Menaka's Choice, Lanka's Princess, Kaikeyi",A sensitive retelling of Ahalya's story beyond judgment and punishment.,"A powerful novel about dignity, forgiveness, and reclaiming one's voice.",She deserved more than one chapter in the epic.,Forgotten Women of the Ramayana,August,,,,,,Yes,Bestseller,No,High,High,
The Flawed Good Man,—,Sanskriti Singh,Female,India,English,—,2024,—,—,—,Fiction,Mythological Fiction,Literary Fiction,Ramayana Reimagining,Adult,No,—,—,Yes,"Morality, Dharma, Leadership","Reflective, Philosophical",Alternate Perspective,"Rama, Ramayana, Indian Mythology",Yes,No,Secondary,Ramayana Retellings,Literary Read,Intermediate,"Prince of Ayodhya, Kaikeyi, Ajaya",Challenges conventional ideas of perfection through a fresh Ramayana perspective.,"Explores morality, leadership, and the complexity of legendary figures.",Can a good man still be flawed?,Alternative Ramayana Retellings,July,,,,,,Yes,—,No,Growing,Moderate,
The Queen Who Ruled the Waves,—,Indira Ananthakrishnan,Female,India,English,—,2024,—,—,—,Fiction,Historical Fiction,Mythological Fiction,Ancient India,Adult,No,—,—,Yes,"Leadership, Courage, Legacy","Inspiring, Epic",Forgotten Queen,"Indian History, Women-Centric",Yes,Yes,Primary,"Forgotten Queens, Indian History",Historical Read,Intermediate,"Satyavati, The Goddess Queen, Fisher Queen's Dynasty",Celebrates the remarkable legacy of a forgotten queen from Indian history.,"A compelling blend of history, courage, and female leadership.",History remembers kings. This book remembers the queen.,Forgotten Queens of India,March,,,,,,Yes,—,No,Growing,Moderate,
The King Who Turned into a Serpent,—,Sudha Madhavan,Female,India,English,—,2023,—,—,—,Fiction,Mythological Fiction,Folklore,Indian Legends,Adult,No,—,—,Yes,"Transformation, Karma, Destiny","Magical, Reflective",Folktale,"Indian Folklore, Mythology",Yes,No,Secondary,Indian Folklore,Weekend Read,Beginner,"The Daughter from a Wishing Tree, Hindu Gods, Indian Mythology",A captivating tale rooted in Indian folklore and timeless moral lessons.,Sudha Madhavan brings an ancient legend to life with vivid storytelling.,One curse changed a kingdom forever.,Lesser-Known Indian Mythological Tales,July,,,,,,Yes,—,No,Low,Moderate,
Sita's Ramayana,—,Samhita Arni,Female,India,English,—,2011,152,—,—,Fiction,Graphic Novel,Mythological Fiction,Ramayana Retelling,Young Adult,No,—,—,Yes,"Womanhood, War, Justice","Visual, Emotional",Graphic Retelling,"Sita, Ramayana, Graphic Novel, Women-Centric",Yes,Yes,Primary,"Graphic Novels, Women-Centric Mythology",Quick Read,Beginner,"Sita's Sister, Kaikeyi, Song of Draupadi",A visually stunning retelling of the Ramayana from Sita's perspective.,Powerful artwork and storytelling give Sita the narrative voice she deserves.,What if Sita told her own story?,Graphic Novels Based on Indian Mythology,August,,,,,,Yes,Award-winning Graphic Novel,No,High,Very High,
Shabri Ke Ram,—,Tulika Singh,Female,India,Hindi,—,2023,—,—,—,Fiction,Mythological Fiction,Devotional Fiction,Ramayana,Adult,No,—,—,Yes,"Devotion, Faith, Bhakti","Spiritual, Inspirational",Devotee's Perspective,"Shabari, Ramayana, Bhakti",Yes,Yes,Primary,Bhakti Literature,Spiritual Read,Beginner,"Shabari, Shiva, Hanuman",A heartfelt devotional novel celebrating unwavering faith and devotion.,Highlights the spiritual significance of Shabari's relationship with Lord Rama.,Devotion has no status or boundaries.,Devotional Books for Ram Bhakts,April,,,,,,Yes,—,No,Low,Moderate,
Mandodari: Queen of Lanka,—,Manini J. Anandani,Female,India,English,—,2023,—,—,—,Fiction,Mythological Fiction,Historical Fiction,Ramayana Retelling,Adult,No,—,—,Yes,"Wisdom, Leadership, Womanhood","Emotional, Reflective",Forgotten Queen,"Mandodari, Ramayana, Women-Centric",Yes,Yes,Primary,"Forgotten Women, Ramayana",Women's Fiction Read,Beginner,"Lanka's Princess, Ahalya's Awakening, Sita's Sister",A moving portrait of Lanka's wise and resilient queen.,Reclaims Mandodari's place as one of the Ramayana's strongest women.,Not every queen wears the crown history remembers.,Powerful Women of the Ramayana,August,,,,,,Yes,—,No,Moderate,High,
The Daughter from a Wishing Tree,—,Sudha Murty,Female,India,English,—,2019,200,—,—,Fiction,Mythology,Short Stories,Indian Mythology,Children / YA,No,—,—,Yes,"Wisdom, Values, Mythology","Light, Educational",Myth Collection,"Sudha Murty, Indian Mythology, Family Read",Yes,Yes,Primary,Mythology Collections,Family Read,Beginner,"Grandma's Bag of Stories, Hindu Gods, Indian Mythology",A delightful collection introducing children and adults to Indian mythology.,Sudha Murty's warm storytelling makes ancient legends accessible to all ages.,Perfect mythology stories to read as a family.,Beginner-Friendly Indian Mythology Books,May,,,,,,Yes,Bestseller,No,Moderate,High,
Hindu Gods,—,Anuj Ghai,Male,India,English,—,2022,—,—,—,Non-fiction,Mythology,Reference,Hindu Deities,Adult,No,—,—,Yes,"Gods, Symbolism, Culture",Informative,Encyclopedia,"Hindu Gods, Reference, Sanatan Dharma",No,No,Secondary,Hinduism Reference,Beginner Guide,Beginner,"Indian Mythology, Myth = Mithya, Devlok",A straightforward introduction to the major Hindu deities and symbolism.,An easy reference for readers beginning their mythology journey.,Confused by Hindu mythology? Start here.,Beginner's Guide to Hindu Gods,July,,,,,,Yes,—,No,Low,Moderate,
Satyavati,—,Rupeen Popat,Female,India,English,—,2023,—,—,—,Fiction,Mythological Fiction,Historical Fiction,Mahabharata Retelling,Adult,No,—,—,Yes,"Power, Motherhood, Legacy","Emotional, Epic",Forgotten Woman,"Satyavati, Mahabharata, Women-Centric",Yes,Yes,Primary,"Mahabharata Retellings, Forgotten Women",Women's Fiction Read,Beginner,"Fisher Queen's Dynasty, Bhima's Wife, Karna's Wife",A compelling reimagining of one of the Mahabharata's most influential women.,"Explores ambition, motherhood, and the choices that shaped an empire.",The woman who changed the Mahabharata forever.,Women Who Shaped the Mahabharata,September,,,,,,Yes,—,No,Growing,High,
Yugandhar,—,Shivaji Sawant,Male,India,Marathi,Yes,2001,700+,—,—,Fiction,Mythological Fiction,Literary Fiction,Krishna Retelling,Adult,No,—,—,Yes,"Dharma, Leadership, Krishna","Philosophical, Epic",Character Study,"Krishna, Mahabharata, Classic",No,No,Secondary,"Krishna Books, Mahabharata Classics",Epic Read,Advanced,"Mrityunjaya, Yuganta, Jaya","A monumental retelling that explores Krishna as strategist, philosopher, and leader.",Shivaji Sawant's masterpiece offers one of the richest literary portrayals of Krishna.,"To understand Krishna, read this.",Best Books on Lord Krishna,August,,,,,,Yes,Classic Bestseller,No,High,Very High,
Rudra,—,Konda Susmita Patel,Female,India,English,—,2024,—,—,—,Fiction,Mythological Fiction,Fantasy,Shiva-inspired Fiction,Adult,No,—,—,Yes,"Destruction, Rebirth, Power","Dark, Spiritual",Divine Power,"Shiva, Indian Mythology, Women Author",Yes,Yes,Secondary,Shiva-Inspired Fiction,Spiritual Fantasy,Intermediate,"Namaha, Shiva, Mahagauri",A modern mythological novel inspired by the fierce energy of Shiva.,"Konda Susmita Patel blends mythology, spirituality, and fantasy into an engaging narrative.",When destruction becomes the path to transformation.,Modern Shiva-Inspired Fiction,February,,,,,,Yes,New Release,No,Growing,Growing,
Yugandhar,—,Shivaji Sawant,Male,India,Marathi,Yes,2001,700+,—,—,Fiction,Mythological Fiction,Literary Fiction,Krishna Retelling,Adult,No,—,—,Yes,"Dharma, Leadership, Krishna, Philosophy","Epic, Reflective",Character Study,"Krishna, Mahabharata, Indian Mythology, Classic",No,No,Secondary,"Mahabharata, Krishna Books, Indian Classics",Krishna Janmashtami Read,Advanced,"Yuganta, Jaya, Mrityunjaya",One of the finest literary explorations of Lord Krishna ever written.,"Shivaji Sawant presents Krishna as philosopher, strategist, and human with extraordinary depth.",Want to understand Krishna beyond devotion?,Best Books on Lord Krishna,August,,,,,,Sahitya Classic,Bestseller,No,High,Very High,
Rudra,—,Konda Susmita Patel,Female,India,English,—,2024,—,—,—,Fiction,Mythological Fiction,Fantasy,Shiva-inspired Fiction,Adult,No,—,—,Yes,"Shiva, Power, Rebirth, Destiny","Spiritual, Dark",Divine Power,"Shiva, Indian Mythology, Women Author",Yes,Yes,Secondary,"Shiva Fiction, Indian Fantasy",Mahashivratri Read,Intermediate,"Namaha, Shiva, Mahagauri",A modern fantasy inspired by the fierce and transformative energy of Shiva.,"Blends mythology with fantasy while exploring power, destiny, and spirituality.",Not every Shiva story begins in Kailash.,Modern Shiva-Inspired Fiction,February,,,,,,New Release,No,Growing,Growing,,
Epic Love Stories,—,Bulbul Sharma,Female,India,English,—,2022,—,—,—,Non-fiction,Mythology,Folklore,Indian Love Legends,Adult,No,—,—,Yes,"Love, Devotion, Sacrifice","Heartwarming, Reflective",Myth Collection,"Indian Mythology, Love Stories, Women Author",Yes,Yes,Primary,"Indian Mythology, Love Stories",Valentine's Recommendation,Beginner,"Radha, Psyche and Eros, Sita's Ramayana",Beautiful retellings of timeless love stories from Indian mythology.,"A collection celebrating love, sacrifice, and devotion across Indian legends.",Love stories older than history itself.,Epic Love Stories from Indian Mythology,February,,,,,,—,No,Moderate,Moderate,,
Lessons in Chemistry,—,Bonnie Garmus,Female,USA,English,—,2022,390,—,—,Fiction,Historical Fiction,Literary Fiction,Women's Fiction,Adult,No,—,—,Yes,"Feminism, Science, Identity, Motherhood","Witty, Emotional",Strong Female Lead,"Women-Centric, STEM, Book Club, BookTok",Yes,Yes,Primary,"Women's Fiction, Literary Fiction",Women's Day Read,Beginner,"The Seven Husbands of Evelyn Hugo, Remarkably Bright Creatures, Tomorrow and Tomorrow and Tomorrow",A witty and inspiring novel about a brilliant woman refusing society's limitations.,"Elizabeth Zott's story blends science, feminism, and humor into an unforgettable read.",She changed chemistry—and society.,Books Every Woman Should Read,March,,,,,,Award Winner,Bestseller,TV Series,Very High,Very High,
The Wishing Game,—,Meg Shaffer,Female,USA,English,—,2023,304,—,—,Fiction,Contemporary Fiction,Magical Realism,Literary Fantasy,Adult,No,—,—,Yes,"Hope, Family, Dreams","Whimsical, Heartwarming","Found Family, Mystery","Feel-good Fiction, Magical Realism",Yes,Yes,Secondary,Feel-Good Fiction,Comfort Read,Beginner,"The Midnight Library, Before the Coffee Gets Cold, The Lost Bookshop",A magical novel reminding readers to believe in hope again.,"Whimsical storytelling wrapped around family, dreams, and second chances.",If books could grant wishes...,Feel-Good Books That Heal,December,,,,,,Goodreads Choice Nominee,Bestseller,No,High,High,
Psyche and Eros,—,Luna McNamara,Female,USA,English,—,2024,400,—,—,Fiction,Mythological Fiction,Fantasy,Greek Mythology Retelling,Adult,No,—,—,Yes,"Love, Destiny, Courage","Romantic, Epic",Myth Retelling,"Greek Mythology, Women-Centric",Yes,Yes,Primary,Greek Mythology Retellings,Greek Mythology Read,Beginner,"Circe, Ariadne, Stone Blind",A romantic retelling of one of mythology's greatest love stories.,Reimagines Psyche as a courageous heroine in a beautifully written epic.,The original enemies-to-lovers romance?,Greek Mythology Books for Beginners,June,,,,,,Bestseller,No,High,High,,
Athena's Child,—,Hannah Lynn,Female,UK,English,—,2023,350,—,—,Fiction,Mythological Fiction,Historical Fantasy,Greek Mythology Retelling,Adult,No,—,—,Yes,"Wisdom, Identity, Power","Emotional, Atmospheric",Forgotten Woman,"Greek Mythology, Women Author",Yes,Yes,Primary,Greek Mythology,Women's Fiction Read,Beginner,"Daughters of Olympus, Stone Blind, Medusa",Gives voice to one of Greek mythology's overlooked women.,Hannah Lynn continues her accessible mythology retellings focused on women.,The goddess wasn't the only powerful woman.,Forgotten Women of Greek Mythology,June,,,,,,—,No,Moderate,Growing,,
The Everlasting,—,Alix E. Harrow,Female,USA,English,—,2025,—,—,—,Fiction,Fantasy,Literary Fantasy,Magical Realism,Adult,No,—,—,Yes,"Love, Time, Memory","Lyrical, Emotional",Star-crossed Lovers,"Literary Fantasy, Women Author",Yes,Yes,Primary,Literary Fantasy,Fantasy Recommendation,Intermediate,"The Invisible Life of Addie LaRue, The Night Circus, June Farrow","A lyrical fantasy exploring love, destiny, and eternity.",Alix E. Harrow delivers another emotionally rich speculative novel.,Some love stories refuse to end.,Literary Fantasy Books,November,,,,,,New Release,Bestseller,No,Growing,High,
Daughters of Olympus,—,Hannah Lynn,Female,UK,English,—,2024,—,—,—,Fiction,Mythological Fiction,Fantasy,Greek Mythology,Adult,No,—,—,Yes,"Sisterhood, Power, Legacy","Epic, Emotional",Multiple Female POV,"Greek Mythology, Women-Centric",Yes,Yes,Primary,Greek Mythology,Women's Day Recommendation,Beginner,"Athena's Child, Stone Blind, Ariadne",Reclaims the stories of the women standing beside the Olympian gods.,"A feminist retelling celebrating courage, resilience, and sisterhood.",The gods ruled Olympus—but women shaped it.,Women of Greek Mythology,March,,,,,,Bestseller,No,Growing,High,,
The Unmaking of June Farrow,—,Adrienne Young,Female,USA,English,—,2023,336,—,—,Fiction,Fantasy,Magical Realism,Family Mystery,Adult,No,—,—,Yes,"Family, Time, Identity","Atmospheric, Emotional",Time Slip,"Magical Realism, Women's Fiction",Yes,Yes,Primary,Magical Realism,Autumn Read,Intermediate,"Addie LaRue, Weyward, Practical Magic",A haunting family mystery wrapped in magical realism.,"Adrienne Young combines romance, mystery, and time travel beautifully.",What if your family's curse became your destiny?,Magical Realism Books,October,,,,,,Bestseller,Film Rights,High,Very High,,
Funny Story,—,Emily Henry,Female,USA,English,—,2024,400,—,—,Fiction,Romance,Contemporary Fiction,Romantic Comedy,Adult,No,—,—,Yes,"Love, Friendship, New Beginnings","Funny, Cozy","Roommates, Fake Dating","Romance, BookTok, Women Author",Yes,Yes,Primary,"Romance, Rom-Com",Summer Romance,Beginner,"Book Lovers, Happy Place, Just for the Summer",Emily Henry delivers another charming romance full of humor and heart.,Two heartbroken strangers unexpectedly find comfort—and maybe love.,Fake roommates. Real feelings.,Best Romantic Comedies,June,,,,,,Bestseller,Film Rights,Very High,Very High,,
Looking for Jane,—,Heather Marshall,Female,Canada,English,—,2022,400,—,—,Fiction,Historical Fiction,Literary Fiction,Women's Fiction,Adult,No,—,—,Yes,"Women's Rights, Family, Courage","Emotional, Powerful",Dual Timeline,"Historical Fiction, Women-Centric",Yes,Yes,Primary,Historical Fiction,Women's History Month,Intermediate,"Lessons in Chemistry, The Paper Palace, The Women",A moving novel honoring generations of women connected through hidden history.,A dual-timeline story centered on reproductive rights and female resilience.,Some stories deserve to be remembered forever.,Women's Historical Fiction,March,,,,,,Bestseller,No,High,High,,
Firekeeper's Daughter,—,Angeline Boulley,Female,USA,English,—,2021,496,—,—,Fiction,Thriller,Mystery,YA Mystery,Young Adult,No,—,—,Yes,"Identity, Justice, Community","Suspenseful, Emotional",Undercover Investigation,"Indigenous Fiction, YA Thriller",Yes,Yes,Primary,Indigenous Literature,YA Recommendation,Intermediate,"The Marrow Thieves, A Good Girl's Guide to Murder",A gripping thriller rooted in Indigenous identity and community.,Combines mystery with powerful social commentary and unforgettable characters.,A thriller that leaves a lasting impact.,Indigenous Voices in Fiction,November,,,,,,Award Winner,Bestseller,Netflix Option,High,High,
The Wedding People,—,Alison Espach,Female,USA,English,—,2024,384,—,—,Fiction,Contemporary Fiction,Literary Fiction,Women's Fiction,Adult,No,—,—,Yes,"Healing, Relationships, Second Chances","Emotional, Humorous",Self-discovery,"Literary Fiction, Women Author",Yes,Yes,Primary,Literary Fiction,Weekend Read,Beginner,"Really Good, Actually, Funny Story, Blue Sisters",A heartfelt novel about unexpected friendships and finding joy again.,Alison Espach mixes humor and vulnerability with remarkable warmth.,She came for a wedding. She found herself.,Books About Starting Over,May,,,,,,Bestseller,No,Growing,High,,
The Bell Jar,—,Sylvia Plath,Female,USA,English,—,1963,288,—,—,Fiction,Literary Fiction,Classic,Psychological Fiction,Adult,No,—,—,Yes,"Mental Health, Identity, Womanhood","Dark, Reflective",Coming of Age,"Classic, Feminist Literature",Yes,Yes,Primary,Feminist Classics,Classic Recommendation,Advanced,"Mrs Dalloway, My Year of Rest and Relaxation, Girl Interrupted",Sylvia Plath's timeless exploration of identity and mental health remains essential reading.,A literary classic that continues to resonate across generations.,One of the most important feminist novels ever written.,Feminist Classics Everyone Should Read,January,,,,,,Classic,Multiple Adaptations,High,Very High,,
Atmosphere,—,Taylor Jenkins Reid,Female,USA,English,—,2025,—,—,—,Fiction,Historical Fiction,Literary Fiction,Historical Drama,Adult,No,—,—,Yes,"Ambition, Love, Space Exploration","Emotional, Immersive",Workplace,"Women-Centric, Historical Fiction",Yes,Yes,Primary,Historical Fiction,Women in STEM,Intermediate,"Daisy Jones & The Six, The Seven Husbands of Evelyn Hugo","Taylor Jenkins Reid explores ambition, love, and space exploration through unforgettable women.",A sweeping historical novel filled with emotion and aspiration.,She reached for the stars—literally.,Books About Women Breaking Barriers,July,,,,,,Bestseller,Film Rights,Very High,Very High,,
The Hunger Games,—,Suzanne Collins,Female,USA,English,—,2008,374,—,—,Fiction,Science Fiction,Dystopian,YA Dystopian,Young Adult,Yes,The Hunger Games,1,No,"Survival, Rebellion, Power","Fast-paced, Intense",Survival Game,"Dystopian, YA, BookTok",Yes,Yes,Primary,YA Dystopian,Beginner Sci-Fi,Beginner,"Divergent, Red Rising, The Maze Runner",The dystopian novel that transformed young adult fiction forever.,Katniss Everdeen remains one of literature's most iconic heroines.,The book that changed YA forever.,Essential Dystopian Books,November,,,,,,Multiple Awards,Global Bestseller,Film Series,Extremely High,Extremely High,
Two Twisted Crowns,—,Rachel Gillig,Female,USA,English,—,2023,464,—,—,Fiction,Fantasy,Gothic Fantasy,Dark Fantasy,Adult,Yes,The Shepherd King,2,No,"Magic, Sacrifice, Love","Dark, Atmospheric",Cursed Magic,"Gothic Fantasy, BookTok",Yes,Yes,Primary,Gothic Fantasy,Fantasy Recommendation,Intermediate,"One Dark Window, Belladonna, Divine Rivals","A dark fantasy filled with magic, romance, and unforgettable atmosphere.",Rachel Gillig concludes her bestselling duology in spectacular fashion.,Dark magic has never looked this beautiful.,Gothic Fantasy Books,October,,,,,,Bestseller,No,Very High,Very High,,
Golden Son,—,Pierce Brown,Male,USA,English,—,2015,464,—,—,Fiction,Science Fiction,Space Opera,Dystopian,Adult,Yes,Red Rising Saga,2,No,"War, Loyalty, Revolution","Epic, Fast-paced",Political Intrigue,"Science Fiction, Space Opera",No,No,Secondary,"Sci-Fi, Space Opera",Sci-Fi Recommendation,Advanced,"Red Rising, Morning Star, Sun Eater",The thrilling sequel that expands one of modern sci-fi's best series.,"Political intrigue, war, and revolution on an epic scale.",Everything gets bigger after Red Rising.,Best Space Opera Books,September,,,,,,Bestseller,No,High,High,,
The Serpent and the Wings of Night,—,Carissa Broadbent,Female,USA,English,—,2022,500,—,—,Fiction,Fantasy,Romance,Vampire Fantasy,Adult,Yes,Crowns of Nyaxia,1,No,"Survival, Love, Power","Dark, Romantic","Deadly Tournament, Enemies to Lovers","Vampire Fantasy, Romantasy, BookTok",Yes,Yes,Primary,"Romantasy, Vampire Fantasy",Fantasy Romance,Intermediate,"Fourth Wing, From Blood and Ash, One Dark Window","A gripping romantasy filled with deadly trials, vampires, and unforgettable romance.",One of BookTok's most beloved fantasy romances in recent years.,Think Hunger Games—but with vampires.,Best Romantasy Books,October,,,,,,Bestseller,No,Extremely High,Extremely High,,
Stori,—,Nimit Oza,Male,India,Gujarati/English,—,2023,—,,,Fiction,Contemporary Fiction,Literary Fiction,Relationship Fiction,Adult,No,—,—,Yes,"Love, Healing, Relationships","Emotional, Reflective",Self-discovery,"Indian Literature, Contemporary Fiction",No,Yes,Secondary,Indian Contemporary Fiction,Emotional Read,Beginner,"I Hear You, Everything I Never Told You, Saltwater",A heartfelt novel exploring modern relationships and emotional healing.,"Nimit Oza delivers a sensitive story about love, loss, and finding yourself again.",Some stories heal long after they end.,Emotional Indian Contemporary Fiction,February,,,,,,Bestseller (Regional),No,Growing,Moderate,,
A Psalm for the Wild-Built,—,Becky Chambers,Female,USA,English,—,2021,160,,,Fiction,Science Fiction,Cozy Sci-Fi,Solarpunk,Adult,Yes,Monk & Robot,1,No,"Purpose, Humanity, Nature","Cozy, Hopeful","Found Family, Journey","Cozy Sci-Fi, Solarpunk, Philosophical",Yes,No,Secondary,"Cozy Sci-Fi, Solarpunk",Comfort Read,Beginner,"Legends & Lattes, The House in the Cerulean Sea, Monk & Robot #2",A gentle science fiction novella that reminds us to slow down.,"Becky Chambers blends philosophy, hope, and kindness into a deeply comforting read.",What if doing nothing was enough?,Cozy Sci-Fi Everyone Should Read,January,,,,,,Hugo Award Nominee,Bestseller,No,High,High,
The House in the Cerulean Sea,—,T. J. Klune,Male,USA,English,—,2020,396,,,Fiction,Fantasy,Contemporary Fantasy,Cozy Fantasy,Adult,No,—,—,Yes,"Acceptance, Family, Kindness","Cozy, Heartwarming",Found Family,"Cozy Fantasy, LGBTQ+, Found Family",No,No,Secondary,Cozy Fantasy,Comfort Read,Beginner,"Under the Whispering Door, Psalm for the Wild-Built, Legends & Lattes","A magical novel celebrating kindness, acceptance, and found family.",T.J. Klune creates one of the coziest fantasy worlds in modern fiction.,This book feels like a warm hug.,Cozy Fantasy Recommendations,December,,,,,,Bestseller,Film Rights,Extremely High,Extremely High,,
Promise Me Sunshine,—,Cara Bastone,Female,USA,English,—,2025,—,,,Fiction,Romance,Contemporary Fiction,Romantic Comedy,Adult,No,—,—,Yes,"Healing, Love, Hope","Warm, Emotional",Slow Burn,"Romance, Women's Fiction",Yes,Yes,Primary,"Romance, Women's Fiction",Romance Read,Beginner,"Funny Story, Just for the Summer, Book Lovers",A heartfelt romance about healing after heartbreak.,"Cara Bastone combines warmth, humor, and emotional depth beautifully.",Some people arrive exactly when you need them.,Feel-Good Romance Books,February,,,,,,New Release,Bestseller,No,Growing,High,
Almond,—,Won-Pyung Sohn,Female,South Korea,Korean,Yes,2017 (Eng. 2020),272,,,Fiction,Literary Fiction,Coming-of-Age,Psychological Fiction,Young Adult/Adult,No,—,—,Yes,"Empathy, Identity, Emotions","Quiet, Thought-provoking",Unusual Protagonist,"Korean Literature, Mental Health",Yes,No,Secondary,Korean Literature,Literary Read,Beginner,"Welcome to the Hyunam-dong Bookshop, A Thousand Blues, Convenience Store Woman",A beautiful coming-of-age novel about empathy and emotional connection.,Won-Pyung Sohn explores emotions through an unforgettable protagonist.,Can you learn to feel what you've never felt?,Korean Books That Stay With You,November,,,,,,Bestseller,Film Adaptation,Very High,Very High,,
One Dark Window,—,Rachel Gillig,Female,USA,English,—,2022,432,,,Fiction,Fantasy,Gothic Fantasy,Dark Fantasy,Adult,Yes,The Shepherd King,1,No,"Magic, Secrets, Power","Dark, Atmospheric",Cursed Magic,"Gothic Fantasy, Romantasy",Yes,Yes,Primary,"Gothic Fantasy, Romantasy",Fantasy Read,Intermediate,"Two Twisted Crowns, Belladonna, Divine Rivals",One of the most atmospheric fantasy novels of recent years.,"Rachel Gillig masterfully blends romance, magic, and gothic mystery.",The magic has a price—and it's terrifying.,Gothic Fantasy Books,October,,,,,,Bestseller,No,Extremely High,Extremely High,,
Kingdom of Ash,—,Sarah J. Maas,Female,USA,English,—,2018,984,,,Fiction,Fantasy,Epic Fantasy,Romantasy,Adult,Yes,Throne of Glass,7,No,"Sacrifice, Destiny, Friendship","Epic, Emotional",Chosen One,"Epic Fantasy, BookTok",Yes,Yes,Primary,Epic Fantasy,Series Finale,Advanced,"Crescent City, Fourth Wing, Priory of the Orange Tree",An unforgettable conclusion to the Throne of Glass saga.,"Sarah J. Maas delivers epic battles, emotional reunions, and satisfying endings.",A finale worthy of a legend.,Best Fantasy Series Endings,October,,,,,,Global Bestseller,TV Adaptation (planned),Extremely High,Extremely High,,
A Flight of Pigeons,—,Ruskin Bond,Male,India,English,—,1978,176,,,Fiction,Historical Fiction,Literary Fiction,Indian History,Adult,No,—,—,Yes,"War, Survival, Love","Gentle, Reflective",Historical Romance,"Indian Literature, 1857",No,Yes,Secondary,Indian Historical Fiction,Independence Day Read,Beginner,"Train to Pakistan, The Last Queen, Lahore",A moving historical novel set during the Revolt of 1857.,"Ruskin Bond explores love, conflict, and humanity during turbulent times.",History is remembered through ordinary people.,Historical Fiction on Colonial India,August,,,,,,Classic,Film Adaptation (Junoon),Moderate,High,,
No Full Stops in India,—,Mark Tully,Male,UK/India,English,—,1991,352,,,Non-fiction,Travel Writing,Cultural Studies,Essays,Adult,No,—,—,Yes,"India, Society, Culture","Informative, Reflective",Real-life Stories,"India, Travel Writing",No,No,Secondary,India Non-fiction,Travel Read,Beginner,"India After Gandhi, City of Djinns, Nine Lives",A fascinating portrait of India's diversity through lived experiences.,Mark Tully captures everyday India with warmth and insight.,India can never be explained in one sentence.,Best Books About India,August,,,,,,Bestseller,No,Moderate,Moderate,,
City of Djinns,—,William Dalrymple,Male,UK,English,—,1993,496,,,Non-fiction,History,Travel Writing,Delhi History,Adult,No,—,—,Yes,"Delhi, Culture, History","Immersive, Informative",Historical Exploration,"Delhi, Indian History",No,No,Secondary,Indian History,Delhi Heritage Read,Intermediate,"Nine Lives, No Full Stops in India, The Last Mughal",The definitive literary journey through Delhi's layered history.,"William Dalrymple blends travel writing, memoir, and history brilliantly.",Every street in Delhi tells a story.,Books About Delhi Everyone Should Read,August,,,,,,Award Winner,Bestseller,No,High,Very High,
All About Love,—,bell hooks,Female,USA,English,—,2000,272,,,Non-fiction,Psychology,Feminism,Relationships,Adult,No,—,—,Yes,"Love, Healing, Society","Reflective, Inspiring",Personal Growth,"Feminism, Relationships",Yes,No,Primary,"Feminism, Self-growth",Self-Reflection Read,Beginner,"Conversations on Love, Attached, The Gifts of Imperfection",A transformative exploration of love beyond romance.,bell hooks challenges everything we think we know about love and connection.,This book changes how you define love.,Books That Change Your Perspective,February,,,,,,Modern Classic,Bestseller,No,Very High,Very High,
"Really Good, Actually",—,Monica Heisey,Female,Canada,English,—,2023,384,,,Fiction,Contemporary Fiction,Literary Fiction,Women's Fiction,Adult,No,—,—,Yes,"Divorce, Identity, Healing","Funny, Emotional",Fresh Start,"Women's Fiction, Humor",Yes,Yes,Primary,Women's Fiction,Weekend Read,Beginner,"Funny Story, The Wedding People, Adelaide",A funny and painfully honest novel about rebuilding life after divorce.,Monica Heisey balances awkward humor with emotional honesty.,Healing isn't always graceful.,Books About Starting Over,May,,,,,,Bestseller,TV Rights,High,High,,
Saltwater,—,Jessica Andrews,Female,UK,English,—,2019,224,,,Fiction,Literary Fiction,Coming-of-Age,Women's Fiction,Adult,No,—,—,Yes,"Identity, Class, Family","Quiet, Reflective",Self-discovery,"Literary Fiction, Women Author",Yes,Yes,Primary,Literary Fiction,Literary Read,Intermediate,"Cleopatra and Frankenstein, Blue Sisters, Heart the Lover","A beautifully written novel about family, identity, and belonging.","Jessica Andrews explores class, motherhood, and self-discovery with lyrical prose.",Some places never really leave us.,Quiet Literary Fiction,November,,,,,,Award Shortlist,No,Moderate,Moderate,,
Everything I Know About Love,—,Dolly Alderton,Female,UK,English,—,2018,368,,,Non-fiction,Memoir,Relationships,Personal Essays,Adult,No,—,—,Yes,"Friendship, Love, Growing Up","Honest, Funny",Personal Journey,"Memoir, Women's Literature",Yes,Yes,Primary,Memoirs,Friendship Read,Beginner,"Conversations on Love, Crying in H Mart, Untamed",Dolly Alderton's witty memoir celebrates friendship as much as romance.,"Honest, funny, and deeply relatable reflections on growing up.",This book understands your twenties.,Books About Female Friendship,February,,,,,,National Book Award Nominee,TV Series,Very High,Very High,,
Conversations on Love,—,Natasha Lunn,Female,UK,English,—,2021,320,,,Non-fiction,Essays,Relationships,Interviews,Adult,No,—,—,Yes,"Love, Loss, Connection","Reflective, Hopeful",Real Conversations,"Relationships, Memoir",Yes,No,Primary,Relationships,Valentine's Read,Beginner,"All About Love, Tiny Beautiful Things, Maybe You Should Talk to Someone",A thoughtful collection of conversations exploring every form of love.,"Natasha Lunn gathers writers and thinkers to reflect on love, grief, and hope.",Love has more than one definition.,Books About Love Beyond Romance,February,,,,,,Bestseller,No,High,High,,
So Thrilled for You,—,Holly Bourne,Female,UK,English,—,2025,—,,,Fiction,Contemporary Fiction,Women's Fiction,Satire,Adult,No,—,—,Yes,"Friendship, Motherhood, Expectations","Funny, Sharp",Female Friendship,"Women's Fiction, Social Commentary",Yes,Yes,Primary,Women's Fiction,Mother's Day Read,Beginner,"Yellowface, Really Good Actually, Big Swiss","A sharp, funny novel examining motherhood and modern friendships.",Holly Bourne mixes humor with biting social commentary.,Can women ever really have it all?,Modern Women's Fiction,May,,,,,,New Release,Bestseller,No,Growing,Growing,
Our Infinite Fates,—,Laura Steven,Female,UK,English,—,2025,—,,,Fiction,Fantasy,Romance,Time Fantasy,Young Adult,No,—,—,Yes,"Fate, Love, Time","Emotional, Romantic",Reincarnation,"Fantasy Romance, YA",Yes,Yes,Primary,Fantasy Romance,Romantic Fantasy,Intermediate,"Divine Rivals, The Invisible Life of Addie LaRue, The Everlasting",A sweeping fantasy romance exploring fate across lifetimes.,Laura Steven combines romance with magical worldbuilding and emotional depth.,Would you love someone in every lifetime?,Fantasy Romance Recommendations,October,,,,,,New Release,No,Growing,High,,
The Seven Year Slip,—,Ashley Poston,Female,USA,English,—,2023,352,,,Fiction,Romance,Magical Realism,Contemporary Romance,Adult,No,—,—,Yes,"Love, Time, Healing","Cozy, Romantic",Time Slip,"Romance, Magical Realism",Yes,Yes,Primary,Romance,Feel-Good Read,Beginner,"The Dead Romantics, Funny Story, The Flatshare",A charming romance with a magical twist about timing and second chances.,Ashley Poston blends magical realism with heartfelt romance beautifully.,Right person. Wrong timeline.,Magical Romance Books,February,,,,,,Bestseller,Film Rights,Extremely High,Extremely High,,
Project Hail Mary,—,Andy Weir,Male,USA,English,—,2021,496,,,Fiction,Science Fiction,Space Opera,Hard Sci-Fi,Adult,No,—,—,Yes,"Survival, Science, Friendship","Fast-paced, Intelligent",Lone Hero,"Science Fiction, Space",No,No,Secondary,Science Fiction,Sci-Fi Starter,Intermediate,"The Martian, Dark Matter, Children of Time",One of the most accessible and entertaining science fiction novels ever written.,"Andy Weir delivers suspense, science, humor, and unforgettable friendship.",Trust me—go into this book blind.,Beginner-Friendly Science Fiction,September,,,,,,Goodreads Choice Winner,Film Adaptation,Extremely High,Extremely High,,
Not Quite Dead Yet,—,Holly Jackson,Female,UK,English,—,2025,—,,,Fiction,Thriller,Mystery,Crime Thriller,Adult,No,—,—,Yes,"Murder, Secrets, Survival","Suspenseful, Twisty",Race Against Time,"Thriller, Mystery, BookTok",Yes,Yes,Primary,"Mystery, Thriller",Thriller Read,Beginner,"None of This Is True, Never Lie, The Housemaid","A gripping thriller packed with secrets, twists, and relentless suspense.",Holly Jackson proves once again why she's one of today's biggest thriller writers.,You have 24 hours to solve your own murder. (Hook style),Best Thriller Books of the Year,October,,,,,,New Release,Bestseller,No,Extremely High,Extremely High,
The Correspondent,—,Virginia Evans,Female,USA,English,—,2025,—,,,Fiction,Literary Fiction,Contemporary Fiction,Epistolary Fiction,Adult,No,—,—,Yes,"Loneliness, Human Connection, Hope","Quiet, Reflective",Letters,"Literary Fiction, Women Author",Yes,Yes,Primary,Literary Fiction,Quiet Weekend Read,Beginner,"Dear Mrs. Bird, The Guernsey Literary and Potato Peel Pie Society, The Readers of Broken Wheel Recommend","A moving epistolary novel about loneliness, friendship, and hope.",Virginia Evans explores how letters can quietly transform lives.,Can a single letter change everything?,Best Epistolary Novels,January,,,,,,New Release,No,Growing,Growing,,
The Bright Years,—,Sarah Damoff,Female,USA,English,—,2025,—,,,Fiction,Literary Fiction,Family Drama,Contemporary Fiction,Adult,No,—,—,Yes,"Family, Grief, Love, Forgiveness","Emotional, Heartfelt",Multi-generational Family,"Literary Fiction, Family Saga",Yes,Yes,Primary,Family Sagas,Emotional Read,Beginner,"Blue Sisters, Hello Beautiful, The Paper Palace","A heartfelt family saga about forgiveness, grief, and enduring love.",Sarah Damoff crafts an emotionally rich portrait of family across generations.,Some families break. Others rebuild.,Emotional Family Sagas,November,,,,,,New Release,No,Growing,Growing,,
Great Big Beautiful Life,—,Emily Henry,Female,USA,English,—,2025,—,,,Fiction,Romance,Contemporary Fiction,Romantic Comedy,Adult,No,—,—,Yes,"Love, Ambition, Healing","Funny, Romantic",Rivals to Lovers,"Romance, BookTok, Women's Fiction",Yes,Yes,Primary,Romance,Summer Romance,Beginner,"Funny Story, Book Lovers, Beach Read",Emily Henry delivers another heartfelt romance full of wit and vulnerability.,"A charming story balancing ambition, love, and personal growth.",Emily Henry did it again.,Best Emily Henry Books,June,,,,,,Bestseller,Film Rights,Extremely High,Extremely High,,
Heart the Lover,—,Lily King,Female,USA,English,—,2025,—,,,Fiction,Literary Fiction,Contemporary Fiction,Relationship Fiction,Adult,No,—,—,Yes,"Love, Art, Identity","Reflective, Emotional",Character-driven,"Literary Fiction, Women Author",Yes,Yes,Primary,Literary Fiction,Literary Recommendation,Intermediate,"Writers & Lovers, Blue Sisters, Cleopatra and Frankenstein","A beautifully written exploration of intimacy, creativity, and relationships.",Lily King once again delivers emotionally intelligent literary fiction.,Love isn't always the easiest language.,Quiet Literary Fiction,November,,,,,,New Release,No,Growing,Moderate,,
The Road to Tender Hearts,—,Annie Hartnett,Female,USA,English,—,2025,—,,,Fiction,Literary Fiction,Contemporary Fiction,Family Fiction,Adult,No,—,—,Yes,"Grief, Hope, Family","Warm, Emotional",Found Family,"Literary Fiction, Feel-good",Yes,Yes,Primary,Literary Fiction,Feel-Good Read,Beginner,"Remarkably Bright Creatures, The Music of Bees, The Wedding People","A hopeful novel about healing, family, and unexpected friendships.","Annie Hartnett combines warmth, humor, and emotional depth beautifully.",Some journeys lead you back to yourself.,Heartwarming Literary Fiction,December,,,,,,New Release,No,Growing,Growing,,
It's Different This Time,—,Joss Richards,Female,UK,English,—,2025,—,,,Fiction,Romance,Contemporary Fiction,Romantic Comedy,Adult,No,—,—,Yes,"Second Chances, Love","Lighthearted, Romantic",Friends to Lovers,"Romance, Women's Fiction",Yes,Yes,Primary,Romance,Valentine's Read,Beginner,"The Seven Year Slip, Happy Place, Promise Me Sunshine",A delightful romance celebrating second chances and emotional growth.,Joss Richards explores what happens when love gets another opportunity.,Right person. Better timing.,Best Second-Chance Romances,February,,,,,,New Release,No,Growing,Growing,,
Blue Sisters,—,Coco Mellors,Female,UK,English,—,2024,352,,,Fiction,Literary Fiction,Family Drama,Women's Fiction,Adult,No,—,—,Yes,"Sisterhood, Addiction, Grief","Emotional, Literary",Sisters,"Literary Fiction, Women-Centric",Yes,Yes,Primary,Women's Fiction,Women's Day Read,Intermediate,"Hello Beautiful, Little Women, The Dutch House","A raw, intimate portrait of sisterhood, grief, and healing.",Coco Mellors examines family dynamics with honesty and emotional precision.,Sisters never stop changing each other.,Books About Sisterhood,March,,,,,,Bestseller,No,Very High,Very High,,
Crying in H Mart,—,Michelle Zauner,Female,USA / South Korea,English,—,2021,256,,,Non-fiction,Memoir,Biography,Food Memoir,Adult,No,—,—,Yes,"Grief, Motherhood, Identity","Emotional, Honest",Personal Journey,"Memoir, Korean Literature, Women Author",Yes,Yes,Primary,Memoirs,Mother's Day Read,Beginner,"Know My Name, Everything I Know About Love, Minor Feelings","One of the most powerful memoirs about grief, identity, and motherhood.","Michelle Zauner honors her mother through food, memory, and culture.",You'll never look at food the same way again.,Memoirs That Will Make You Cry,May,,,,,,New York Times Bestseller,Film Adaptation (planned),Extremely High,Extremely High,,
Wandering Souls,—,Cecile Pin,Female,UK,English,—,2023,320,,,Fiction,Literary Fiction,Historical Fiction,Refugee Fiction,Adult,No,—,—,Yes,"Family, Migration, Loss","Quiet, Emotional",Siblings,"Literary Fiction, Asian Literature",Yes,Yes,Primary,Literary Fiction,World Refugee Day,Intermediate,"Pachinko, Brotherless Night, The Beekeeper of Aleppo","A heartbreaking novel about displacement, survival, and sibling love.",Cecile Pin gives voice to refugee experiences with compassion and grace.,Home is sometimes just the people you love.,Books About Migration & Identity,June,,,,,,Award Shortlists,No,High,High,,
Intermezzo,—,Sally Rooney,Female,Ireland,English,—,2024,448,,,Fiction,Literary Fiction,Contemporary Fiction,Relationship Fiction,Adult,No,—,—,Yes,"Family, Love, Grief","Introspective, Literary",Siblings,"Literary Fiction, Women Author",Yes,No,Secondary,Literary Fiction,Literary Read,Advanced,"Normal People, Beautiful World Where Are You, Blue Sisters","Sally Rooney explores grief, family, and complicated relationships with her signature style.",A deeply introspective novel centered on two brothers navigating loss.,No one writes modern relationships like Sally Rooney.,Best Contemporary Literary Fiction,October,,,,,,Global Bestseller,No,Extremely High,Extremely High,,
Hamnet,—,Maggie O'Farrell,Female,Ireland,English,—,2020,320,,,Fiction,Historical Fiction,Literary Fiction,Historical Drama,Adult,No,—,—,Yes,"Love, Loss, Family","Emotional, Atmospheric",Real Historical Figures,"Historical Fiction, Award Winner",Yes,Yes,Primary,Historical Fiction,Shakespeare Recommendation,Intermediate,"The Marriage Portrait, Matrix, The Mercies",A breathtaking historical novel inspired by Shakespeare's family.,Maggie O'Farrell turns historical fragments into an unforgettable emotional masterpiece.,The story Shakespeare never wrote.,Award-Winning Historical Fiction,April,,,,,,Women's Prize Winner,Stage Adaptation,Very High,Very High,,
A Woman Is No Man,—,Etaf Rum,Female,Palestine / USA,English,—,2019,352,,,Fiction,Literary Fiction,Women's Fiction,Family Saga,Adult,No,—,—,Yes,"Patriarchy, Identity, Family","Emotional, Powerful",Multiple Generations,"Women's Fiction, Middle Eastern Literature",Yes,Yes,Primary,Women's Fiction,Women's Day Read,Beginner,"The Stationery Shop, The Beekeeper of Aleppo, Against the Loveless World",A powerful story of three generations of Palestinian women.,"Etaf Rum explores identity, family, and cultural expectations with remarkable honesty.",Three women. Three generations. One powerful story.,Books About Women's Lives,March,,,,,,Bestseller,No,Very High,Very High,,
Pachinko,—,Min Jin Lee,Female,South Korea / USA,English,—,2017,496,,,Fiction,Historical Fiction,Literary Fiction,Family Saga,Adult,No,—,—,Yes,"Immigration, Family, Identity","Epic, Emotional",Multi-generational Family,"Korean Literature, Historical Fiction",Yes,Yes,Primary,Korean Literature,Literary Masterpiece,Intermediate,"Homegoing, The Mountains Sing, Wandering Souls",An epic family saga spanning generations of resilience and identity.,Min Jin Lee delivers one of the defining literary novels of the century.,One family. Four generations. Endless resilience.,Korean Literature Everyone Should Read,November,,,,,,National Book Award Finalist,Apple TV+ Series,Extremely High,Extremely High,,
The Giver of Stars,—,Jojo Moyes,Female,UK,English,—,2019,400,,,Fiction,Historical Fiction,Women's Fiction,Historical Drama,Adult,No,—,—,Yes,"Friendship, Books, Freedom","Inspiring, Emotional",Strong Female Friendship,"Historical Fiction, Women-Centric",Yes,Yes,Primary,Historical Fiction,Book Lovers' Recommendation,Beginner,"The Book Woman of Troublesome Creek, The Personal Librarian, Lessons in Chemistry","A celebration of books, friendship, and women who challenged expectations.",Jojo Moyes tells an uplifting story inspired by the Pack Horse Librarians.,The women who delivered books on horseback.,Books About Books & Libraries,April,,,,,,Bestseller,Film Rights,High,Very High,,
My Friends,—,Fredrik Backman,Male,Sweden,Swedish,Yes,2025,—,,,Fiction,Literary Fiction,Contemporary Fiction,Character-driven,Adult,No,—,—,Yes,"Friendship, Hope, Humanity","Heartwarming, Emotional",Found Family,"Literary Fiction, Swedish Fiction",No,No,Secondary,Literary Fiction,Friendship Recommendation,Beginner,"Anxious People, A Man Called Ove, Beartown",Fredrik Backman reminds us why friendship is life's greatest gift.,"Warm, funny, and deeply human, this novel celebrates meaningful connections.",Backman always understands people.,Books About Friendship,July,,,,,,Global Bestseller,No,Growing,High,,
The Invisible Life of Addie LaRue,—,V. E. Schwab,Female,USA,English,—,2020,448,,,Fiction,Fantasy,Literary Fantasy,Historical Fantasy,Adult,No,—,—,Yes,"Time, Memory, Identity","Atmospheric, Emotional",Immortality,"Fantasy, BookTok, Literary Fantasy",Yes,Yes,Primary,Fantasy,Fantasy Recommendation,Beginner,"The Midnight Library, The Seven Year Slip, Babel","A mesmerizing story about memory, immortality, and being forgotten.",V. E. Schwab blends fantasy with literary beauty in a modern classic.,What if nobody remembered you?,Fantasy Books Everyone Should Read,October,,,,,,Global Bestseller,Film Adaptation (planned),Extremely High,Extremely High,,
The Seven Husbands of Evelyn Hugo,—,Taylor Jenkins Reid,Female,USA,English,—,2017,400,,,Fiction,Historical Fiction,Literary Fiction,Hollywood Fiction,Adult,No,—,—,Yes,"Fame, Love, Identity","Emotional, Addictive",Celebrity Story,"Women's Fiction, BookTok",Yes,Yes,Primary,Women's Fiction,Book Club Pick,Beginner,"Daisy Jones & The Six, Malibu Rising, Carrie Soto Is Back","One of the most addictive novels about fame, ambition, and identity.",Taylor Jenkins Reid creates an unforgettable Hollywood icon with surprising emotional depth.,Everyone talks about the seven husbands—but that's not the real story.,Books Worth the Hype,May,,,,,,Global Bestseller,Netflix Adaptation,Extremely High,Extremely High,,
Six of Crows,—,Leigh Bardugo,Female,USA,English,—,2015,480,,,Fiction,Fantasy,YA Fantasy,Heist Fantasy,Young Adult,Yes,Six of Crows,1,No,"Loyalty, Revenge, Survival","Fast-paced, Clever","Found Family, Heist","Fantasy, YA, BookTok",Yes,Yes,Secondary,Fantasy,Fantasy Starter,Intermediate,"Crooked Kingdom, Mistborn, The Lies of Locke Lamora",A brilliantly executed fantasy heist with unforgettable characters.,"Leigh Bardugo combines clever plotting, rich worldbuilding, and iconic found-family dynamics.",Six criminals. One impossible mission.,Best Fantasy Heist Books,September,,,,,,Bestseller,Netflix (Shadow and Bone),Extremely High,Extremely High,,
As Long as the Lemon Trees Grow,—,Zoulfa Katouh,Female,Syria / Canada,English,—,2022,432,,,Fiction,Historical Fiction,Young Adult,War Fiction,Young Adult,No,—,—,Yes,"War, Hope, Love","Emotional, Heartbreaking",Forbidden Love,"Syrian Literature, YA, Women Author",Yes,Yes,Primary,War Fiction,Humanitarian Read,Beginner,"Salt to the Sea, The Kite Runner, The Beekeeper of Aleppo",A heartbreaking yet hopeful novel about love and survival during the Syrian conflict.,"Zoulfa Katouh brings humanity, resilience, and compassion to one of today's most important stories.","Some stories deserve to be felt, not just read.",Books About War That Stay With You,June,,,,,,Bestseller,No,Very High,Very High,,
Hakodate Photo Studio,—,Heo Tae-yeon,Female,South Korea,Korean,Yes,2024 (Eng.),—,,,Fiction,Literary Fiction,Contemporary Fiction,Healing Fiction,Adult,No,—,—,Yes,"Family, Memories, Photography","Quiet, Healing",Found Family,"Korean Literature, Healing Fiction, Women Author",Yes,Yes,Primary,Korean Healing Fiction,Comfort Read,Beginner,"Marigold Mind Laundry, Welcome to the Hyunam-dong Bookshop, Almond","A tender novel about memories, photography, and healing through human connection.","A quiet story celebrating family, nostalgia, and second chances.",Every photograph holds a story.,Healing Korean Fiction,January,,,,,,New Release,No,Growing,Growing,,
Soyang-ri Book Kitchen,—,Kim Jee-hye,Female,South Korea,Korean,Yes,2024 (Eng.),—,,,Fiction,Contemporary Fiction,Cozy Fiction,Healing Fiction,Adult,No,—,—,Yes,"Books, Community, Food","Cozy, Heartwarming",Small Town,"Korean Literature, Books About Books, Cozy Reads",Yes,Yes,Primary,"Books About Books, Cozy Fiction",Weekend Comfort Read,Beginner,"Welcome to the Hyunam-dong Bookshop, Days at the Morisaki Bookshop, The Bookshop Woman",A cozy novel where books and food gently transform lives.,"Community, comfort food, and literature come together beautifully.",Books taste better with warm food.,Cozy Books About Books,December,,,,,,Bestseller (Korea),No,High,High,,
The Healing Season of Pottery,—,Yeon Somin,Female,South Korea,Korean,Yes,2024 (Eng.),—,,,Fiction,Literary Fiction,Healing Fiction,Slice of Life,Adult,No,—,—,Yes,"Healing, Art, Self-discovery","Calm, Reflective",Fresh Start,"Korean Literature, Healing Fiction, Women-Centric",Yes,Yes,Primary,Healing Fiction,Self-Care Read,Beginner,"Marigold Mind Laundry, Sweet Bean Paste, Almond",A soothing novel about rebuilding life through creativity and pottery.,A comforting reminder that healing takes time.,Sometimes healing begins with your hands.,Healing Fiction for Difficult Days,January,,,,,,New Release,No,Growing,Growing,,
The Dallergut Dream Department Store,—,Miye Lee,Female,South Korea,Korean,Yes,2020 (Eng. 2023),240,,,Fiction,Fantasy,Magical Realism,Cozy Fantasy,Adult,Yes,Dallergut Dream Department Store,1,No,"Dreams, Hope, Imagination","Whimsical, Cozy",Magical Shop,"Korean Fantasy, Cozy Fantasy, BookTok",Yes,Yes,Primary,Korean Fantasy,Feel-Good Fantasy,Beginner,"Before the Coffee Gets Cold, The Rainfall Market, The Midnight Library",A magical department store where dreams are bought and sold.,"Imaginative, cozy, and filled with hope.",Where do dreams come from?,Magical Korean Fantasy Books,December,,,,,,International Bestseller,Adaptation in development,Very High,Very High,,
Marigold Mind Laundry,—,Yun Jung-eun (also published as Junhee Jun),Female,South Korea,Korean,Yes,2023 (Eng. 2024),320,,,Fiction,Literary Fiction,Magical Realism,Healing Fiction,Adult,No,—,—,Yes,"Healing, Regret, Growth","Comforting, Emotional",Magical Place,"Korean Literature, Healing Fiction, Women Author",Yes,Yes,Primary,Healing Fiction,Mental Wellness Read,Beginner,"Welcome to the Hyunam-dong Bookshop, Almond, Dallergut Dream Department Store",A magical laundry where painful memories can finally be washed away.,A heartwarming novel about forgiveness and starting over.,If you could wash away one memory... would you?,Healing Books Everyone Should Read,January,,,,,,Bestseller,No,Very High,Very High,,
Yeonnam-Dong's Smile Laundry,—,Kim Jiyun,Female,South Korea,Korean,Yes,2023 (Eng. 2025),—,,,Fiction,Contemporary Fiction,Healing Fiction,Slice of Life,Adult,No,—,—,Yes,"Community, Kindness, Second Chances","Cozy, Uplifting",Neighbourhood Stories,"Korean Literature, Healing Fiction",Yes,Yes,Primary,Korean Healing Fiction,Cozy Weekend Read,Beginner,"Marigold Mind Laundry, Welcome to the Hyunam-dong Bookshop, Soyang-ri Book Kitchen",A comforting story celebrating community and everyday kindness.,Gentle storytelling that feels like a warm cup of tea.,A neighborhood can heal you too.,Cozy Korean Healing Fiction,December,,,,,,Bestseller (Korea),No,High,High,,
The Guest Cat,—,Takashi Hiraide,Male,Japan,Japanese,Yes,2001 (Eng. 2014),144,,,Fiction,Literary Fiction,Japanese Fiction,Slice of Life,Adult,No,—,—,Yes,"Companionship, Change, Everyday Life","Quiet, Gentle",Cat Companion,"Japanese Literature, Cats, Cozy Reads",No,No,Secondary,"Japanese Literature, Cat Books",Quiet Evening Read,Beginner,"We'll Prescribe You a Cat, Sweet Bean Paste, The Travelling Cat Chronicles",A tiny novel with an enormous emotional impact.,A stray cat quietly changes the lives of an ordinary couple.,A cat walked in—and everything changed.,Japanese Books Featuring Cats,February,,,,,,Modern Classic,Film Adaptation,High,Very High,,
The Curious Kitten at the Chibineko Kitchen,—,Yuta Takahashi,Male,Japan,Japanese,Yes,2023 (Eng.),—,,,Fiction,Contemporary Fiction,Cozy Fiction,Food Fiction,Adult,Yes,Chibineko Kitchen,2,No,"Food, Family, Healing","Cozy, Heartwarming",Comfort Food,"Japanese Literature, Food Fiction, Cats",No,Yes,Secondary,Food Fiction,Comfort Read,Beginner,"The Kamogawa Food Detectives, Sweet Bean Paste, The Chibineko Kitchen","Food, family, and adorable cats make for a perfect cozy read.",A heartwarming continuation of the beloved Chibineko Kitchen stories.,"Cats, comfort food, and healing—what more do you need?",Cozy Japanese Food Fiction,December,,,,,,Bestseller,No,Growing,High,,
The Passengers on the Hankyu Line,—,Hiro Arikawa,Female,Japan,Japanese,Yes,2008 (Eng. 2024),272,,,Fiction,Literary Fiction,Contemporary Fiction,Interconnected Stories,Adult,No,—,—,Yes,"Human Connections, Kindness","Warm, Hopeful",Strangers Connected,"Japanese Literature, Slice of Life",Yes,Yes,Primary,Japanese Literary Fiction,Feel-Good Read,Beginner,"What You Are Looking For Is in the Library, Before the Coffee Gets Cold, Days at the Morisaki Bookshop",A beautiful novel connecting strangers through one train journey.,Hiro Arikawa reminds us how ordinary moments shape extraordinary lives.,Every passenger carries a story.,Slice-of-Life Japanese Fiction,April,,,,,,Bestseller,Film Adaptation,High,High,,
The Housekeeper and the Professor,—,Yoko Ogawa,Female,Japan,Japanese,Yes,2003 (Eng. 2009),192,,,Fiction,Literary Fiction,Japanese Fiction,Mathematical Fiction,Adult,No,—,—,Yes,"Memory, Kindness, Mathematics","Quiet, Emotional",Unlikely Friendship,"Japanese Literature, Literary Fiction",Yes,Yes,Secondary,Japanese Literary Fiction,Literary Starter,Beginner,"Klara and the Sun, Almond, The Guest Cat",Mathematics becomes unexpectedly beautiful in this unforgettable novel.,"A touching friendship between a professor, his housekeeper, and a child.",A math book that will break your heart.,Quiet Japanese Classics,January,,,,,,Award Winner,Film Adaptation,High,Very High,,
Tales from the Café,—,Toshikazu Kawaguchi,Male,Japan,Japanese,Yes,2017 (Eng. 2020),240,,,Fiction,Magical Realism,Contemporary Fiction,Time Travel,Adult,Yes,Before the Coffee Gets Cold,2,No,"Time, Regret, Love","Emotional, Reflective",Time Travel Café,"Japanese Literature, Magical Realism",No,Yes,Secondary,Magical Realism,Reflection Read,Beginner,"Before the Coffee Gets Cold, The Midnight Library, The Seven Year Slip",Another heartfelt collection of stories from the famous time-travel café.,Each visitor discovers something precious before time runs out.,One coffee. One chance. One goodbye.,Before the Coffee Gets Cold Series,October,,,,,,International Bestseller,No,Very High,Very High,,
What You Are Looking For Is in the Library,—,Michiko Aoyama,Female,Japan,Japanese,Yes,2020 (Eng. 2023),304,,,Fiction,Literary Fiction,Contemporary Fiction,Healing Fiction,Adult,No,—,—,Yes,"Purpose, Community, Books","Hopeful, Cozy",Life-Changing Book,"Japanese Literature, Books About Books",Yes,Yes,Primary,Books About Books,Reader's Recommendation,Beginner,"Days at the Morisaki Bookshop, The Reading List, The Bookshop Woman",One librarian quietly changes the lives of everyone she meets.,"A celebration of books, purpose, and unexpected possibilities.",The right book always finds you.,Books Every Book Lover Should Read,April,,,,,,Bestseller,No,Extremely High,Extremely High,,
The Kamogawa Food Detectives,—,Hisashi Kashiwai,Male,Japan,Japanese,Yes,2021 (Eng. 2024),208,,,Fiction,Mystery,Food Fiction,Cozy Mystery,Adult,Yes,Kamogawa Food Detectives,1,No,"Food, Memories, Family","Cozy, Nostalgic",Food Mystery,"Japanese Literature, Cozy Mystery",No,No,Secondary,Food Fiction,Food Lover Read,Beginner,"Before the Coffee Gets Cold, Sweet Bean Paste, Chibineko Kitchen",Food becomes the key to recovering forgotten memories.,A charming mystery centered around recipes and nostalgia.,Can one meal bring back your happiest memory?,Japanese Food Fiction,November,,,,,,Bestseller,TV Adaptation,High,High,,
We'll Prescribe You a Cat,—,Syou Ishida,Female,Japan,Japanese,Yes,2023 (Eng. 2024),304,,,Fiction,Literary Fiction,Magical Realism,Healing Fiction,Adult,No,—,—,Yes,"Mental Health, Healing, Cats","Comforting, Cozy",Animal Therapy,"Japanese Literature, Cats, Healing Fiction",Yes,Yes,Primary,"Healing Fiction, Cat Books",Stress Relief Read,Beginner,"The Guest Cat, Marigold Mind Laundry, Almond",A delightfully comforting novel where cats become unexpected therapists.,One of the coziest Japanese novels you'll read.,The prescription? A cat.,Books for Cat Lovers,February,,,,,,Bestseller,No,Extremely High,Extremely High,,
The Bookshop Woman,—,Nanako Hanada,Female,Japan,Japanese,Yes,2024 (Eng.),—,,,Fiction,Contemporary Fiction,Literary Fiction,Bookselling Fiction,Adult,No,—,—,Yes,"Books, Identity, Community","Cozy, Gentle",Bookshop Setting,"Japanese Literature, Books About Books",Yes,Yes,Primary,Books About Books,Book Lover Recommendation,Beginner,"The Reading List, Days at the Morisaki Bookshop, What You Are Looking For Is in the Library","A heartfelt story celebrating books, readers, and finding yourself.",Perfect for anyone who believes bookstores are magical places.,Every bookstore has someone who belongs there.,Best Books About Bookstores,April,,,,,,New Release,No,Growing,Growing,,
The City and Its Uncertain Walls,—,Haruki Murakami,Male,Japan,Japanese,Yes,2023 (Eng. 2024),464,,,Fiction,Literary Fiction,Magical Realism,Surreal Fiction,Adult,No,—,—,Yes,"Memory, Identity, Loneliness","Dreamlike, Philosophical",Parallel Worlds,"Murakami, Japanese Literature",No,No,Secondary,Murakami Collection,Literary Read,Advanced,"Kafka on the Shore, Hard-Boiled Wonderland, Norwegian Wood","A surreal meditation on memory, identity, and loneliness.",Murakami returns with another dreamlike literary masterpiece.,Only Murakami could write a city like this.,Where to Start with Murakami,November,,,,,,Global Bestseller,No,Very High,Very High,,
Butter,—,Asako Yuzuki,Female,Japan,Japanese,Yes,2017 (Eng. 2024),464,,,Fiction,Literary Fiction,Crime Fiction,Psychological Fiction,Adult,No,—,—,Yes,"Food, Misogyny, Obsession","Dark, Thought-provoking",True Crime Inspired,"Japanese Literature, Feminist Fiction, Women-Centric",Yes,Yes,Primary,Feminist Literary Fiction,Women's Literature,Intermediate,"Convenience Store Woman, Earthlings, Breasts and Eggs","A brilliant novel using food to explore misogyny, obsession, and power.","Inspired by a real criminal case, yet ultimately about women and society.",This isn't really a book about food.,Feminist Japanese Fiction,March,,,,,,International Bestseller,TV Adaptation,Extremely High,Extremely High,,
Four Seasons in Japan,—,Nick Bradley,Male,UK,English,—,2023,352,,,Fiction,Literary Fiction,Contemporary Fiction,Books About Books,Adult,No,—,—,Yes,"Writing, Family, Japan","Reflective, Cozy",Story Within Story,"Japanese Setting, Literary Fiction",No,Yes,Secondary,Japanese Literary Fiction,Slow Reading Month,Beginner,"What You Are Looking For Is in the Library, The Cat Who Saved Books, Before the Coffee Gets Cold","A beautifully layered novel connecting literature, translation, and family.",Nick Bradley captures the quiet beauty of everyday Japan.,A love letter to Japan and its stories.,Books Set in Japan,April,,,,,,Bestseller,No,High,High,,
The Rainfall Market,—,You Yeong-Gwang,Male,South Korea,Korean,Yes,2023 (Eng. 2024),—,,,Fiction,Fantasy,Magical Realism,Healing Fantasy,Adult,No,—,—,Yes,"Dreams, Choices, Hope","Whimsical, Comforting",Magical Market,"Korean Literature, Healing Fantasy",No,Yes,Secondary,Korean Fantasy,Feel-Good Fantasy,Beginner,"Dallergut Dream Department Store, The Midnight Library, Marigold Mind Laundry",A magical marketplace where dreams and second chances meet.,"A whimsical fantasy about hope, destiny, and choosing your own future.",What would you buy if dreams were for sale?,Cozy Korean Fantasy,December,,,,,,Bestseller,No,Very High,Very High,,
The Letter from Ginza Shihodo Stationery Store,—,Kenji Ueda,Male,Japan,Japanese,Yes,2018 (Eng. 2025),—,,,Fiction,Literary Fiction,Contemporary Fiction,Healing Fiction,Adult,No,—,—,Yes,"Letters, Memories, Stationery","Gentle, Reflective",Life-Changing Letters,"Japanese Literature, Stationery, Healing Fiction",No,Yes,Secondary,Japanese Healing Fiction,Stationery Lover Read,Beginner,"What You Are Looking For Is in the Library, Days at the Morisaki Bookshop, The Kamogawa Food Detectives",A beautiful novel showing how handwritten letters can quietly transform lives.,"A gentle celebration of stationery, memories, and meaningful human connections.",Some letters deserve beautiful paper.,Books for Stationery Lovers,April,,,,,,New Release,No,Growing,High,,
The Chibineko Kitchen,—,Yuta Takahashi,Male,Japan,Japanese,Yes,2022 (Eng. 2023),224,,,Fiction,Contemporary Fiction,Cozy Fiction,Food Fiction,Adult,Yes,Chibineko Kitchen,1,No,"Food, Healing, Family","Cozy, Heartwarming",Comfort Food,"Japanese Literature, Food Fiction, Healing Fiction, Cats",No,Yes,Secondary,"Japanese Healing Fiction, Food Fiction",Comfort Read,Beginner,"Sweet Bean Paste, The Kamogawa Food Detectives, We'll Prescribe You a Cat",A cozy Japanese novel where food quietly helps people heal.,"A warm story filled with comfort meals, memories, and kindness.",Some recipes heal more than hunger.,Japanese Food Fiction Recommendations,December,,,,,,Bestseller,No,High,High,,
Hot Chocolate on Thursday,—,Michiko Aoyama,Female,Japan,Japanese,Yes,2017 (Eng. 2024),288,,,Fiction,Literary Fiction,Contemporary Fiction,Interconnected Stories,Adult,No,—,—,Yes,"Hope, Kindness, Community","Warm, Cozy",Linked Lives,"Japanese Literature, Healing Fiction, Women Author",Yes,Yes,Primary,Japanese Healing Fiction,Winter Read,Beginner,"What You Are Looking For Is in the Library, Before the Coffee Gets Cold, Marigold Mind Laundry",A heartwarming collection of interconnected stories celebrating human kindness.,Michiko Aoyama delivers comfort through simple everyday moments.,A cup of hot chocolate and a little hope.,Feel-Good Japanese Books,December,,,,,,Bestseller,No,High,Very High,,
Sweet Bean Paste,—,Durian Sukegawa,Male,Japan,Japanese,Yes,2013 (Eng. 2017),224,,,Fiction,Literary Fiction,Contemporary Fiction,Healing Fiction,Adult,No,—,—,Yes,"Redemption, Friendship, Food","Gentle, Emotional",Unlikely Friendship,"Japanese Literature, Food Fiction, Healing Fiction",No,Yes,Secondary,Japanese Literary Fiction,Reflective Read,Beginner,"The Guest Cat, Almond, The Housekeeper and the Professor","A beautiful novel about friendship, dignity, and second chances.",Food becomes the bridge connecting lonely lives.,This book will break your heart gently.,Japanese Books That Stay With You,January,,,,,,Award-Winning Novel,Film Adaptation,Very High,Very High,,
One Part Woman,—,Perumal Murugan,Male,India,Tamil,Yes,2010 (Eng. 2013),240,,,Fiction,Literary Fiction,Historical Fiction,Social Fiction,Adult,No,—,—,Yes,"Marriage, Society, Identity","Emotional, Thought-provoking",Rural India,"Indian Literature, Tamil Literature, Women's Issues",No,Yes,Primary,Indian Literary Fiction,Literary Recommendation,Intermediate,"The Covenant of Water, A Fine Balance, The God of Small Things","A powerful exploration of marriage, tradition, and societal expectations.",Perumal Murugan examines personal suffering within rigid social systems.,One of India's most important modern novels.,Modern Indian Literary Fiction,July,,,,,,Award-Winning Author,No,Moderate,High,,
Those Pricey Thakur Girls,—,Anuja Chauhan,Female,India,English,—,2013,456,,,Fiction,Contemporary Fiction,Romance,Family Saga,Adult,No,—,—,Yes,"Sisters, Family, Love","Funny, Heartwarming",Big Family,"Indian Fiction, Women's Fiction, Romance",Yes,Yes,Primary,Indian Women's Fiction,Weekend Read,Beginner,"The Zoya Factor, Battle for Bittora, Nearly Single","A delightful family drama packed with humor, romance, and unforgettable sisters.",Anuja Chauhan's wit shines in this charming Delhi-based story.,"If you love chaotic families, read this.",Fun Indian Contemporary Fiction,May,,,,,,Bestseller,TV Adaptation,High,High,,
The Bangalore Detectives Club,—,Harini Nagendra,Female,India,English,—,2022,352,,,Fiction,Mystery,Historical Fiction,Cozy Mystery,Adult,Yes,Bangalore Detectives Club,1,No,"Justice, Society, Family","Cozy, Clever",Amateur Detective,"Indian Mystery, Historical Mystery, Women Author",Yes,Yes,Primary,Indian Mystery,Mystery Recommendation,Beginner,"Miss Marple, The Widows of Malabar Hill, Vera Wong's Unsolicited Advice",A charming historical mystery set in 1920s Bangalore.,"Smart, atmospheric, and filled with fascinating historical details.","Murder, Mysore silk, and Bangalore.",Indian Historical Mysteries,September,,,,,,Bestseller,No,Growing,High,,
The Namesake,—,Jhumpa Lahiri,Female,India / USA,English,—,2003,304,,,Fiction,Literary Fiction,Family Saga,Immigrant Fiction,Adult,No,—,—,Yes,"Identity, Family, Belonging","Reflective, Emotional",Coming of Age,"Indian Diaspora, Literary Fiction",Yes,No,Secondary,Indian Diaspora Literature,Literary Classic,Beginner,"Interpreter of Maladies, Pachinko, The Lowland","A moving exploration of identity, family, and belonging.",Jhumpa Lahiri captures the immigrant experience with extraordinary sensitivity.,A name can shape an entire life.,Best Indian Diaspora Novels,August,,,,,,Pulitzer-winning Author,Film Adaptation,Very High,Very High,,
Erotic Stories for Punjabi Widows,—,Balli Kaur Jaswal,Female,Singapore,English,—,2017,320,,,Fiction,Contemporary Fiction,Literary Fiction,Women's Fiction,Adult,No,—,—,Yes,"Female Empowerment, Community","Funny, Emotional",Hidden Lives,"Women's Literature, Indian Diaspora",Yes,Yes,Primary,Women's Literature,Women's Day Read,Beginner,"The Henna Artist, Lessons in Chemistry, The Bandit Queens","A bold, funny, and surprisingly moving story about female empowerment.",Humor and heart combine to challenge stereotypes and expectations.,This book is not what the title makes you think.,Books About Female Empowerment,March,,,,,,International Bestseller,TV Rights,High,Very High,,
Kashmir,—,Manreet Sodhi Someshwar,Female,India,English,—,2022,320,,,Fiction,Historical Fiction,Literary Fiction,Partition Fiction,Adult,No,—,—,Yes,"Conflict, Identity, Home","Emotional, Atmospheric",Multiple Perspectives,"Kashmir, Indian History, Women Author",Yes,Yes,Primary,Indian Historical Fiction,History Recommendation,Intermediate,"The Kite Runner, Lahore, The Book of Gold Leaves",A deeply emotional story rooted in Kashmir's complex history.,Manreet Sodhi Someshwar blends personal stories with historical realities.,A place beautiful enough to break your heart.,Books Set in Kashmir,August,,,,,,Critically Acclaimed,No,Moderate,High,,
Hyderabad,—,Manreet Sodhi Someshwar,Female,India,English,—,2024,320,,,Fiction,Historical Fiction,Literary Fiction,Indian History,Adult,No,—,—,Yes,"Heritage, Culture, Identity","Immersive, Reflective",City Narrative,"Hyderabad, Indian History",Yes,Yes,Primary,Indian Historical Fiction,Heritage Read,Beginner,"City of Djinns, Kashmir, Lahore","A literary journey through the history, culture, and identity of Hyderabad.",Explores the soul of a city through personal and historical narratives.,Every city has stories hidden beneath its streets.,Books About Indian Cities,August,,,,,,Critically Acclaimed,No,Moderate,Moderate,,
Lahore,—,Manreet Sodhi Someshwar,Female,India,English,—,2023,320,,,Fiction,Historical Fiction,Literary Fiction,Partition Fiction,Adult,No,—,—,Yes,"Partition, Memory, Identity","Emotional, Powerful",Historical Family Story,"Partition Literature, Indian History",Yes,Yes,Primary,Partition Literature,Partition Recommendation,Intermediate,"Train to Pakistan, Remnants of a Separation, The Other Side of Silence",A moving portrait of a city divided by history.,"Examines memory, belonging, and identity through the lens of Partition.",A city remembers even when people forget.,Partition Literature Recommendations,August,,,,,,Critically Acclaimed,No,High,High,,
Remnants of a Separation,—,Aanchal Malhotra,Female,India,English,—,2017,400,,,Non-fiction,History,Oral History,Partition Studies,Adult,No,—,—,Yes,"Partition, Memory, Migration","Emotional, Informative",Personal Narratives,"Partition History, Indian History, Women Author",Yes,No,Primary,Partition History,Independence Month Read,Beginner,"The Other Side of Silence, Midnight's Borders, Lahore",One of the most important books documenting personal Partition stories.,Aanchal Malhotra preserves history through family heirlooms and memories.,History lives inside ordinary objects.,Best Books on Partition,August,,,,,,Award Winner,Bestseller,No,Very High,Very High,
I Hear You,—,Nidhi Upadhyay,Female,India,English,—,2024,—,,,Fiction,Contemporary Fiction,Women's Fiction,Relationship Fiction,Adult,No,—,—,Yes,"Healing, Relationships, Self-worth","Emotional, Hopeful",Self-discovery,"Indian Contemporary Fiction, Women Author",Yes,Yes,Primary,Indian Women's Fiction,Emotional Read,Beginner,"Stori, Everything I Know About Love, Really Good Actually","A heartfelt novel about relationships, healing, and self-discovery.",Explores the emotional journeys we often keep hidden.,Sometimes being heard changes everything.,Emotional Indian Contemporary Fiction,February,,,,,,Emerging Bestseller,No,Growing,Growing,,
Lives Not Lived,—,Monika Bhatti,Female,India,English,—,2023,—,,,Fiction,Literary Fiction,Contemporary Fiction,Women's Fiction,Adult,No,—,—,Yes,"Choices, Identity, Regret","Reflective, Emotional",Parallel Lives,"Literary Fiction, Women-Centric",Yes,Yes,Primary,Literary Fiction,Reflective Read,Intermediate,"The Midnight Library, Saltwater, Blue Sisters","A thoughtful novel about choices, regrets, and alternate possibilities.",Examines the lives we live and the ones we leave behind.,What if your other life was waiting for you?,Books About Life Choices,January,,,,,,Critically Acclaimed,No,Growing,Moderate,,
"Mysteries, Mountains and Mythology",—,Supriya Bansal,Female,India,English,—,2024,—,,,Fiction,Adventure,Mythological Fiction,Mystery,Young Adult,No,—,—,Yes,"Mythology, Adventure, Discovery","Fast-paced, Fun",Treasure Hunt,"Indian Mythology, Adventure",Yes,Yes,Primary,Indian Adventure Fiction,Young Reader Recommendation,Beginner,"Aru Shah, Percy Jackson, The Serpent's Secret","A fun adventure blending mythology, mystery, and exploration.",Fast-paced storytelling introducing readers to Indian myths.,Mythology meets treasure hunt.,Beginner-Friendly Indian Mythology Books,June,,,,,,Emerging Title,No,Growing,Growing,,
Lallan Sweets,—,Srishti Chaudhary,Female,India,English,—,2024,320,,,Fiction,Contemporary Fiction,Family Fiction,Food Fiction,Adult,No,—,—,Yes,"Food, Family, Traditions","Warm, Comforting",Family Business,"Indian Fiction, Food Fiction",Yes,Yes,Primary,Food Fiction,Comfort Read,Beginner,"The Chibineko Kitchen, Arsenic and Adobo, The Kamogawa Food Detectives","A heartwarming story celebrating food, family traditions, and belonging.",A deliciously comforting novel rooted in Indian culture.,Some recipes carry generations of memories.,Food-Centric Fiction Books,November,,,,,,Bestseller,No,Growing,High,,
Song of Draupadi,—,Ira Mukhoty,Female,India,English,—,2025,—,,,Fiction,Mythological Fiction,Historical Fiction,Mahabharata Retelling,Adult,No,—,—,Yes,"Draupadi, Dharma, War","Epic, Emotional",Female Perspective,"Mahabharata, Women-Centric, Indian Mythology",Yes,Yes,Primary,Mahabharata Retellings,Mythology Recommendation,Intermediate,"Palace of Illusions, Ajaya, Yuganta",A powerful reimagining of Draupadi's story through her own voice.,Ira Mukhoty brings emotional depth to one of mythology's most complex women.,You know the war. Now hear her story.,Women of Mahabharata,October,,,,,,New Release,Bestseller,No,Very High,Very High,
Sita's Sister,—,Kavita Kane,Female,India,English,—,2014,320,,,Fiction,Mythological Fiction,Historical Fiction,Ramayana Retelling,Adult,No,—,—,Yes,"Urmila, Family, Sacrifice","Emotional, Reflective",Forgotten Woman,"Ramayana, Women-Centric, Indian Mythology",Yes,Yes,Primary,Ramayana Retellings,Women's Day Recommendation,Beginner,"Urmila, Kaikeyi, Lanka's Princess",A compelling retelling centered on the forgotten Urmila.,Kavita Kane shines a light on one of the Ramayana's most overlooked women.,Ramayana wasn't only Sita's story.,Forgotten Women of Ramayana,March,,,,,,Bestseller,No,Very High,Very High,,
Tara's Truce,—,Kavita Kane,Female,India,English,—,2021,320,,,Fiction,Mythological Fiction,Historical Fiction,Ramayana Retelling,Adult,No,—,—,Yes,"Tara, Wisdom, Diplomacy","Reflective, Empowering",Forgotten Woman,"Ramayana, Women-Centric, Women Author",Yes,Yes,Primary,Ramayana Retellings,Mythology Recommendation,Beginner,"Sita's Sister, Kaikeyi, Menaka's Choice",A nuanced portrait of Tara's wisdom and political intelligence.,A refreshing perspective on one of mythology's strongest women.,The woman who chose diplomacy over war.,Powerful Women in Mythology,March,,,,,,Bestseller,No,High,High,,
Vanara,—,Anand Neelakantan,Male,India,English,—,2024,—,,,Fiction,Mythological Fiction,Fantasy,Ramayana Retelling,Adult,No,—,—,Yes,"Hanuman, Dharma, Loyalty","Epic, Fast-paced",Alternate Perspective,"Ramayana, Indian Mythology, Hanuman",No,No,Secondary,Ramayana Retellings,Hanuman Recommendation,Intermediate,"Ajaya, Asura, Prince of Ayodhya",Anand Neelakantan reimagines Hanuman's world with epic scope and ambition.,A fresh perspective on familiar mythology through lesser-heard voices.,What if the vanaras told their side of the story?,Alternate Ramayana Retellings,April,,,,,,Bestseller,No,High,High,,
Nala Damayanti,—,Anand Neelakantan,Male,India,English,—,2024,—,,,Fiction,Mythological Fiction,Historical Fiction,Mahabharata Retelling,Adult,No,—,—,Yes,"Love, Dharma, Destiny","Emotional, Epic",Forgotten Characters,"Mahabharata, Indian Mythology, Retelling",No,Yes,Primary,Mahabharata Retellings,Mythology Recommendation,Beginner,"Palace of Illusions, Song of Draupadi, Ajaya",A timeless love story retold with emotional depth and fresh perspective.,Anand Neelakantan revisits one of the Mahabharata's greatest romances.,The love story Mahabharata readers often overlook.,Forgotten Love Stories from Indian Mythology,February,,,,,,New Release,No,Growing,High,,
The Curse of Gandhari,—,Aditi Banerjee,Female,India / USA,English,—,2025,—,,,Fiction,Mythological Fiction,Historical Fiction,Mahabharata Retelling,Adult,No,—,—,Yes,"Gandhari, Fate, War","Emotional, Reflective",Female Perspective,"Mahabharata, Women-Centric, Indian Mythology",Yes,Yes,Primary,Women-Centric Mythology,Women's Day Recommendation,Beginner,"Kaikeyi, Song of Draupadi, Palace of Illusions",Gandhari finally gets the voice history denied her.,"A moving exploration of grief, motherhood, and destiny.",What if Gandhari was never the villain?,Forgotten Women of Mahabharata,March,,,,,,New Release,No,Growing,Growing,,
Medusa,—,Jessie Burton,Female,UK,English,—,2021,224,,,Fiction,Mythological Fiction,Fantasy,Greek Mythology Retelling,Young Adult,No,—,—,Yes,"Identity, Power, Isolation","Atmospheric, Empowering",Villain Retelling,"Greek Mythology, Feminist Retelling",Yes,Yes,Primary,Greek Mythology Retellings,Feminist Fiction Recommendation,Beginner,"Ariadne, Stone Blind, Psyche and Eros",A compassionate retelling of one of mythology's most misunderstood women.,Jessie Burton transforms Medusa into a symbol of resilience.,She was never the monster.,Feminist Greek Mythology Retellings,October,,,,,,Bestseller,No,Very High,Very High,,
No Friend to This House,—,Natalie Haynes,Female,UK,English,—,2023,320,,,Fiction,Mythological Fiction,Historical Fiction,Greek Tragedy Retelling,Adult,No,—,—,Yes,"Family, Revenge, Legacy","Dramatic, Literary",Greek Tragedy,"Greek Mythology, Women Author",Yes,Yes,Primary,Greek Mythology,Literary Recommendation,Intermediate,"The Silence of the Girls, House of Names, The Penelopiad",Natalie Haynes gives fresh emotional depth to Greek tragedy.,"A lyrical exploration of vengeance, family, and fate.",Greek tragedy from the women who lived it.,Greek Mythology Beyond Circe,October,,,,,,Critically Acclaimed,No,High,High,,
Divine Might,—,Natalie Haynes,Female,UK,English,—,2024,352,,,Non-fiction,Mythology,History,Greek Mythology,Adult,No,—,—,Yes,"Goddesses, Feminism, History","Informative, Engaging",Myth Reinterpretation,"Greek Mythology, Non-fiction",Yes,No,Primary,Mythology Non-fiction,Beginner Mythology Guide,Beginner,"Mythos, Pandora's Jar, Mahabharata Unravelled",An engaging exploration of Greek goddesses through modern eyes.,Natalie Haynes blends scholarship with humor and accessibility.,Meet the goddesses beyond the myths.,Best Non-fiction on Greek Mythology,October,,,,,,Bestseller,No,High,High,,
The Odyssey,—,Homer,Male,Ancient Greece,Ancient Greek,Various,c. 8th Century BCE,~500,,,Fiction,Epic Poetry,Classics,Greek Epic,Adult,No,—,—,Yes,"Journey, Homecoming, Heroism","Epic, Timeless",Hero's Journey,"Classics, Greek Mythology",No,No,Secondary,Greek Classics,Classic Recommendation,Advanced,"The Iliad, Aeneid, The Penelopiad",One of the greatest epics ever written.,The legendary journey home that inspired centuries of storytelling.,Every hero's journey begins here.,Where to Start with Greek Classics,October,,,,,,Classic,Numerous Adaptations,High,Very High,,
Mahabharata Unravelled / Why We Are This Way,—,Ami Ganatra,Female,India,English,—,2021,400,,,Non-fiction,Mythology,Philosophy,Hindu Scriptures,Adult,No,—,—,Yes,"Dharma, Ethics, Life Lessons","Accessible, Insightful",Myth Explained,"Mahabharata, Hindu Philosophy",Yes,No,Primary,Indian Mythology Explained,Beginner Mythology Read,Beginner,"Yuganta, Jaya, Sapiens and the Mahabharata",Makes the Mahabharata accessible without oversimplifying it.,Ami Ganatra explains why the epic still matters today.,Mahabharata is more relevant than you think.,Beginner Books on Mahabharata,August,,,,,,Bestseller,No,High,Very High,,
Toba Tek Singh & Khol Do,—,Saadat Hasan Manto,Male,India / Pakistan,Urdu,Yes,Various,—,,,Fiction,Short Stories,Partition Literature,Literary Fiction,Adult,No,—,—,Yes,"Partition, Humanity, Madness","Powerful, Disturbing",Classic Short Stories,"Partition Literature, Urdu Literature",No,No,Secondary,Partition Literature,Independence Month Read,Intermediate,"Tamas, Lajwanti, Peshawar Express",Two unforgettable stories capturing the human cost of Partition.,Manto's writing remains painfully relevant decades later.,These stories will leave you speechless.,Essential Partition Short Stories,August,,,,,,Classic,Multiple Adaptations,High,Very High,,
Tamas,—,Bhisham Sahni,Male,India,Hindi,Yes,1974,320,,,Fiction,Historical Fiction,Literary Fiction,Partition Fiction,Adult,No,—,—,Yes,"Violence, Identity, Partition","Dark, Powerful",Multiple Perspectives,"Partition Literature, Hindi Literature",No,Yes,Secondary,Partition Literature,Historical Fiction Recommendation,Intermediate,"Train to Pakistan, Ice-Candy Man, This Is Not That Dawn",One of the definitive novels about Partition's violence and tragedy.,Bhisham Sahni presents history through ordinary lives.,A novel every Indian should read once.,Best Partition Novels,August,,,,,,Sahitya Akademi Winner,TV Series,High,Very High,,
This Is Not That Dawn (Jhootha Sach),—,Yashpal,Male,India,Hindi,Yes,1958,600+,,,Fiction,Historical Fiction,Literary Fiction,Partition Epic,Adult,No,—,—,Yes,"Freedom, Politics, Partition","Expansive, Literary",Historical Saga,"Partition Literature, Hindi Classic",No,Yes,Secondary,Partition Literature,Literary Classic,Advanced,"Tamas, A Fine Balance, Basti",An epic account of India's Partition and its aftermath.,One of Hindi literature's greatest historical novels.,Partition through the eyes of an entire generation.,Hindi Classics Everyone Should Read,August,,,,,,Classic,No,Moderate,High,,
Basti,—,Intizar Husain,Male,Pakistan,Urdu,Yes,1979,250,,,Fiction,Literary Fiction,Historical Fiction,Partition Literature,Adult,No,—,—,Yes,"Exile, Memory, Identity","Reflective, Poetic",Nostalgia,"Urdu Literature, Partition",No,No,Secondary,Urdu Literature,Literary Recommendation,Advanced,"Tamas, The Namesake, Sunlight on a Broken Column","A poetic meditation on memory, exile, and belonging.",Intizar Husain captures loss with extraordinary subtlety.,Some homes exist only in memory.,Urdu Literary Classics,August,,,,,,Internationally Acclaimed,No,Moderate,Moderate,,
Lajwanti,—,Rajinder Singh Bedi,Male,India,Urdu,Yes,1950s,—,,,Fiction,Short Stories,Partition Literature,Literary Fiction,Adult,No,—,—,Yes,"Trauma, Women, Society","Emotional, Powerful",Social Commentary,"Partition, Urdu Literature",No,Yes,Primary,Partition Short Stories,Women's Day Read,Intermediate,"Lihaaf, Khol Do, Pinjar",A heartbreaking story examining women after Partition.,Rajinder Singh Bedi questions society's treatment of survivors.,One of Partition's most painful stories.,Women in Partition Literature,March,,,,,,Classic,Film Adaptation,Moderate,High,,
Peshawar Express,—,Krishan Chander,Male,India,Urdu,Yes,1947,—,,,Fiction,Short Stories,Partition Literature,Literary Fiction,Adult,No,—,—,Yes,"Violence, Humanity","Intense, Heartbreaking",Train Journey,"Partition Literature, Urdu Stories",No,No,Secondary,Partition Short Stories,Historical Recommendation,Intermediate,"Toba Tek Singh, Tamas, Lajwanti",A devastating train journey that reflects the horrors of Partition.,Krishan Chander's classic remains unforgettable.,One train. Thousands of broken lives.,Partition Stories Everyone Should Read,August,,,,,,Classic,No,Moderate,Moderate,,
Ice-Candy Man (Cracking India),—,Bapsi Sidhwa,Female,Pakistan,English,—,1988,320,,,Fiction,Historical Fiction,Literary Fiction,Partition Fiction,Adult,No,—,—,Yes,"Childhood, Partition, Identity","Emotional, Unforgettable",Child Narrator,"Partition Literature, Pakistani Literature",Yes,Yes,Primary,Partition Literature,Literary Recommendation,Beginner,"Train to Pakistan, Tamas, Lahore",A child's perspective makes Partition even more heartbreaking.,Bapsi Sidhwa blends innocence with unimaginable violence.,History through the eyes of a child.,Best Books on Partition,August,,,,,,International Bestseller,Film Adaptation (Earth 1947),High,Very High,,
Lihaaf (The Quilt) & Other Stories,—,Ismat Chughtai,Female,India,Urdu,Yes,Various,—,,,Fiction,Short Stories,Literary Fiction,Feminist Literature,Adult,No,—,—,Yes,"Women, Desire, Society","Bold, Literary",Feminist Classics,"Urdu Literature, Feminist Fiction",Yes,Yes,Primary,Feminist Classics,Women's Literature,Intermediate,"A Woman Is No Man, The Bell Jar, My Story",A landmark collection that challenged literary and social conventions.,Ismat Chughtai fearlessly explored women's inner lives.,The story that shocked an entire generation.,Feminist Classics from India,March,,,,,,Classic,Multiple Adaptations,High,Very High,,
Sunlight on a Broken Column,—,Attia Hosain,Female,India,English,—,1961,320,,,Fiction,Literary Fiction,Historical Fiction,Partition Fiction,Adult,No,—,—,Yes,"Identity, Family, Independence","Elegant, Reflective",Coming of Age,"Partition Literature, Indian Classic",Yes,Yes,Primary,Partition Literature,Literary Recommendation,Intermediate,"Ice-Candy Man, The Namesake, Basti",A beautifully written coming-of-age story during India's independence.,Attia Hosain intertwines personal freedom with national history.,A forgotten classic worth rediscovering.,Hidden Gems of Indian Literature,August,,,,,,Modern Classic,No,Moderate,High,,
Amrit Kalash,—,Diya Narayan Upadhyaya,Female,India,English,—,2024,—,,,Fiction,Mythological Fiction,Historical Fiction,Indian Mythology,Adult,No,—,—,Yes,"Spirituality, Dharma","Inspirational, Reflective",Sacred Journey,"Indian Mythology, Spiritual Fiction",Yes,Yes,Primary,Indian Mythology,Spiritual Reading,Beginner,"Namaha, Shiva, Mahagauri","A thoughtful blend of mythology, spirituality, and timeless values.",Diya Narayan Upadhyaya offers an inspiring mythological journey.,Ancient wisdom for modern readers.,Spiritual Books Rooted in Indian Mythology,July,,,,,,New Release,No,Growing,Growing,,
Lore,—,Alexandra Bracken,Female,USA,English,—,2021,480,,,Fiction,Fantasy,Mythological Fantasy,Greek Mythology,Young Adult,No,—,—,Yes,"Gods, Survival, Revenge","Fast-paced, Dark",Deadly Competition,"Greek Mythology, Fantasy",Yes,Yes,Primary,Greek Mythology Fantasy,Fantasy Recommendation,Intermediate,"The Hunger Games, Percy Jackson, Six of Crows",Greek gods return in a deadly modern competition.,Alexandra Bracken combines mythology with high-stakes fantasy.,The gods are hunting again.,Greek Mythology Meets Fantasy,October,,,,,,New York Times Bestseller,Film Rights,Very High,Very High,,
Lies We Sing to the Sea,—,Sarah Underwood,Female,UK,English,—,2023,416,,,Fiction,Fantasy,Mythological Fiction,Greek Mythology Retelling,Young Adult,No,—,—,Yes,"Curses, Destiny, Love","Atmospheric, Romantic",Retelling,"Greek Mythology, YA Fantasy",Yes,Yes,Primary,Greek Mythology Retellings,YA Fantasy Recommendation,Beginner,"Lore, Medusa, Daughter of Sparta",A lyrical reimagining inspired by The Odyssey.,"Sarah Underwood blends romance, curses, and mythology beautifully.",Every curse has a story behind it.,YA Greek Mythology Books,October,,,,,,Bestseller,No,High,High,,
The Penelopiad,—,Margaret Atwood,Female,Canada,English,—,2005,224,,,Fiction,Mythological Fiction,Literary Fiction,Greek Mythology Retelling,Adult,No,—,—,Yes,"Penelope, Voice, Memory","Clever, Feminist",Female Perspective,"Greek Mythology, Feminist Retelling",Yes,Yes,Primary,Feminist Mythology,Literary Recommendation,Beginner,"Circe, Ariadne, Stone Blind",Margaret Atwood gives Penelope the chance to tell her own story.,A clever and powerful retelling of The Odyssey from the forgotten woman's perspective.,What if Penelope finally spoke?,Women Who Rewrote Greek Mythology,October,,,,,,Modern Classic,Stage Adaptation,High,Very High,,
The Shadow of Perseus,,Claire Heywood,Female,United Kingdom,English,,2023,384,,,Fiction,Mythological Fiction,Historical Fiction,Greek Mythology Retelling,Adult,No,,,Yes,Perseus; Medusa; Heroism; Fate,Epic; Reflective; Atmospheric,Multiple Perspectives; Feminist Retelling,Greek Mythology; Medusa; Perseus; Retelling; Women-Centric; Historical Fantasy,Yes,Yes,Primary,Greek Mythology Retellings,Greek Mythology Recommendation,Intermediate,Medusa; Ariadne; Stone Blind,A fresh retelling that reimagines Perseus through forgotten voices.,Claire Heywood revisits one of Greek mythology's best-known legends from a compelling female perspective.,What if the hero wasn't the whole story?,Greek Mythology Books Beyond Circe,October,,,,,Yes,Critically Acclaimed,No,High,High,,
Daughters of Sparta,,Claire Heywood,Female,United Kingdom,English,,2021,432,,,Fiction,Mythological Fiction,Historical Fiction,Greek Mythology Retelling,Adult,No,,,Yes,Helen; Clytemnestra; Sisterhood; Destiny,Emotional; Epic,Female Perspective; Sister Story,Greek Mythology; Helen of Troy; Clytemnestra; Women-Centric; Retelling,Yes,Yes,Primary,Greek Mythology Retellings,Women's Fiction Recommendation,Beginner,Clytemnestra; Ariadne; Hera,Helen and Clytemnestra finally reclaim their own stories.,"A powerful tale of sisterhood, destiny and survival before the Trojan War.",History remembered Helen—but forgot her sister.,Forgotten Women of Greek Mythology,October,,,,,Yes,Bestseller,No,High,Very High,,
Ithaca,,Claire North,Female,United Kingdom,English,,2022,432,,,Fiction,Mythological Fiction,Historical Fiction,Odyssey Retelling,Adult,Yes,The Songs of Penelope,1,No,Penelope; Leadership; Survival; Politics,Literary; Atmospheric,Female Perspective; Political Intrigue,Greek Mythology; Odyssey; Penelope; Retelling,Yes,Yes,Primary,Odyssey Retellings,Literary Fiction Recommendation,Intermediate,The Penelopiad; House of Odysseus; The Women of Troy,Penelope proves ruling a kingdom is harder than winning a war.,A beautifully written retelling focused on the women left behind.,Odysseus sailed away. Penelope fought her own battles.,Women of the Odyssey,October,,,,,Yes,Bestseller,No,High,High,,
House of Odysseus,,Claire North,Female,United Kingdom,English,,2023,448,,,Fiction,Mythological Fiction,Historical Fiction,Odyssey Retelling,Adult,Yes,The Songs of Penelope,2,No,Homecoming; Family; Kingship; Power,Epic; Political,Sequel; Homecoming,Greek Mythology; Odyssey; Penelope; Historical Fiction,Yes,Yes,Primary,Odyssey Retellings,Greek Mythology Recommendation,Intermediate,Ithaca; The Voyage Home; The Penelopiad,The story continues after the legendary return home.,"Politics, loyalty and survival define the fate of Ithaca.",Coming home doesn't end the story.,Greek Mythology Series Worth Reading,October,,,,,Yes,Bestseller,No,Growing,High,,
The Voyage Home,,Pat Barker,Female,United Kingdom,English,,2024,320,,,Fiction,Mythological Fiction,Historical Fiction,Trojan War Retelling,Adult,Yes,Women of Troy Trilogy,3,No,War; Trauma; Survival; Healing,Emotional; Literary,Aftermath of War,Greek Mythology; Troy; Trojan Women; Historical Fiction,Yes,Yes,Primary,Women of Troy Trilogy,Literary Mythology Recommendation,Intermediate,The Women of Troy; Ithaca; The Silence of the Girls,A moving conclusion about rebuilding life after war.,Pat Barker gives the women of Troy the ending they deserve.,Sometimes survival is the greatest victory.,Best Trojan War Retellings,October,,,,,Yes,Critically Acclaimed,No,Growing,High,,
Medusa,,Rosie Hewlett,Female,United Kingdom,English,,2021,336,,,Fiction,Mythological Fiction,Fantasy,Greek Mythology Retelling,Adult,No,,,Yes,Identity; Transformation; Survival,Emotional; Empowering,Villain Retelling,Medusa; Greek Mythology; Feminist Retelling; Fantasy,Yes,Yes,Primary,Greek Mythology Retellings,Feminist Fiction Recommendation,Beginner,Stone Blind; Ariadne; Medusa (Jessie Burton),A compassionate retelling of mythology's most misunderstood woman.,Rosie Hewlett transforms Medusa from monster to survivor.,Maybe Medusa was never the monster.,Feminist Greek Mythology Books,October,,,,,Yes,Bestseller,No,High,High,,
The Children of Jocasta,,Natalie Haynes,Female,United Kingdom,English,,2017,368,,,Fiction,Mythological Fiction,Historical Fiction,Greek Tragedy Retelling,Adult,No,,,Yes,Fate; Motherhood; Family; Tragedy,Dramatic; Literary,Multiple Perspectives,Greek Mythology; Jocasta; Greek Tragedy; Women-Centric,Yes,Yes,Primary,Greek Tragedy Retellings,Literary Fiction Recommendation,Intermediate,Clytemnestra; No Friend to This House,Jocasta finally receives the empathy history denied her.,Natalie Haynes reclaims forgotten women from Greek tragedy.,Every tragedy has another side.,Greek Tragedies Retold,October,,,,,Yes,Critically Acclaimed,No,High,High,,
Pandora's Jar,Women in the Greek Myths,Natalie Haynes,Female,United Kingdom,English,,2020,320,,,Non-fiction,Mythology,History,Greek Mythology,Adult,No,,,Yes,Women; Myth; Feminism; History,Informative; Accessible,Myth Reinterpretation,Greek Mythology; Non-fiction; Feminism; Greek Goddesses,Yes,No,Primary,Mythology Non-fiction,Beginner Mythology Recommendation,Beginner,Divine Might; Mythos,A fascinating look at the women behind Greek myths.,Natalie Haynes separates myth from centuries of misunderstanding.,Pandora wasn't the villain history made her.,Women in Greek Mythology Explained,October,,,,,Yes,Bestseller,No,High,Very High,,
Clytemnestra,,Costanza Casati,Female,Italy,English,,2023,480,,,Fiction,Mythological Fiction,Historical Fiction,Greek Mythology Retelling,Adult,No,,,Yes,Revenge; Justice; Queenship; Power,Dark; Epic,Villain Origin; Female Perspective,Clytemnestra; Greek Mythology; Retelling; Historical Fiction,Yes,Yes,Primary,Greek Mythology Retellings,Dark Feminist Fiction,Intermediate,Daughters of Sparta; Hera,One of the strongest feminist retellings of recent years.,Costanza Casati gives voice to mythology's most infamous queen.,Queens aren't born villains.,Villainesses of Greek Mythology,October,,,,,Yes,Bestseller,No,Very High,Very High,,
This Immortal Heart,,Jennifer Saint,Female,United Kingdom,English,,2025,,,,Fiction,Mythological Fiction,Historical Fiction,Greek Mythology Retelling,Adult,No,,,Yes,Love; Immortality; Gods; Destiny,Emotional; Epic,Divine Romance,Greek Mythology; Jennifer Saint; Retelling,Yes,Yes,Primary,Greek Mythology Retellings,Mythological Romance Recommendation,Beginner,Ariadne; Hera; Psyche and Eros,Jennifer Saint returns with another emotional mythological retelling.,"A story of divine love, sacrifice and destiny.",Even immortals cannot outrun love.,Jennifer Saint Books in Order,October,,,,,Yes,New Release,No,Growing,Growing,,
Hera,,Jennifer Saint,Female,United Kingdom,English,,2024,352,,,Fiction,Mythological Fiction,Historical Fiction,Greek Mythology Retelling,Adult,No,,,Yes,Marriage; Power; Jealousy; Queenship,Epic; Feminist,Goddess Perspective,Hera; Greek Mythology; Goddesses; Retelling,Yes,Yes,Primary,Greek Goddess Retellings,Women's Day Recommendation,Beginner,Clytemnestra; Ariadne,Hera finally becomes more than mythology's jealous wife.,Jennifer Saint reclaims the Queen of Olympus with nuance and power.,You've only heard Zeus's version.,Powerful Goddesses of Greek Mythology,March,,,,,Yes,Bestseller,No,Very High,Very High,,
Atalanta,,Jennifer Saint,Female,United Kingdom,English,,2023,352,,,Fiction,Mythological Fiction,Historical Fiction,Greek Mythology Retelling,Adult,No,,,Yes,Independence; Adventure; Heroism,Adventurous; Inspiring,Female Hero,Atalanta; Greek Mythology; Argonauts; Retelling,Yes,Yes,Primary,Greek Heroine Retellings,Adventure Recommendation,Beginner,Ariadne; Lore,A thrilling story about one of Greek mythology's greatest female heroes.,"Jennifer Saint celebrates courage, independence and adventure.",She refused to let men write her destiny.,Female Heroes of Greek Mythology,October,,,,,Yes,Bestseller,No,Very High,Very High,,
Ariadne,,Jennifer Saint,Female,United Kingdom,English,,2021,352,,,Fiction,Mythological Fiction,Historical Fiction,Greek Mythology Retelling,Adult,No,,,Yes,Sacrifice; Freedom; Sisterhood,Emotional; Literary,Forgotten Woman,Ariadne; Greek Mythology; Minotaur; Retelling,Yes,Yes,Primary,Greek Mythology Retellings,Beginner Recommendation,Beginner,Circe; Stone Blind,The perfect starting point for readers new to Greek mythology retellings.,Jennifer Saint reimagines the forgotten woman behind the Minotaur myth.,She deserved more than being abandoned.,Where to Start with Greek Mythology Retellings,October,,,,,Yes,International Bestseller,No,Extremely High,Extremely High,,
The Ministry of Utmost Happiness,,Arundhati Roy,Female,India,English,,2017,464,,,Fiction,Literary Fiction,Political Fiction,Contemporary Fiction,Adult,No,,,Yes,Identity; Politics; Love; Marginalization,Complex; Literary,Multiple Narratives,Indian Literature; Literary Fiction; Contemporary India,Yes,Yes,Primary,Indian Literary Fiction,Literary Fiction Recommendation,Advanced,The God of Small Things; A Fine Balance,A profound novel exploring the many identities of modern India.,"Arundhati Roy blends politics, humanity and unforgettable storytelling.",Not an easy read—but an unforgettable one.,Modern Indian Literary Masterpieces,July,,,,,Yes,Critically Acclaimed,No,High,High,,
Where the Library Hides,,Isabel Ibañez,Female,United States,English,,2024,384,,,Fiction,Fantasy,Historical Fantasy,Adventure Fantasy,Young Adult,Yes,Secrets of the Nile,2,No,Egypt; Magic; Romance; Mystery,Fast-paced; Atmospheric,Hidden Magic; Adventure,Egyptian Fantasy; YA Fantasy; Historical Fantasy,Yes,Yes,Primary,Egyptian Fantasy,Fantasy Recommendation,Beginner,What the River Knows,"Ancient Egypt, hidden magic and romance come together beautifully.",The thrilling sequel expands Isabel Ibañez's magical world.,Some libraries hide more than books.,Egyptian Fantasy Books,September,,,,,Yes,Bestseller,No,High,High,,
What the River Knows,,Isabel Ibañez,Female,United States,English,,2023,432,,,Fiction,Fantasy,Historical Fantasy,Egyptian Fantasy,Young Adult,Yes,Secrets of the Nile,1,No,Egyptology; Mystery; Magic; Adventure,Adventurous; Romantic,Archaeology Adventure,Egyptian Mythology; Historical Fantasy; YA Fantasy,Yes,Yes,Primary,Egyptian Fantasy,Historical Fantasy Recommendation,Beginner,Divine Rivals; Belladonna,A magical Egyptian adventure filled with mystery and romance.,One of the strongest YA historical fantasies of recent years.,Indiana Jones meets Egyptian mythology.,Egyptian Mythology Fantasy Books,September,,,,,Yes,Bestseller,No,Very High,Very High,,
Vishnu Purana,,Bibek Debroy (Translator),Male,India,Sanskrit,Bibek Debroy,2022,~900,,,Non-fiction,Hindu Scriptures,Mythology,Purana,Adult,No,,,Yes,Vishnu; Cosmology; Dharma; Creation,Scholarly; Spiritual,Sacred Scripture,Vishnu Purana; Sanatan Dharma; Hindu Scriptures; Puranas,No,No,Secondary,Hindu Scriptures,Sanatan Reading Recommendation,Advanced,Shiva Purana; Bhagavata Purana,An essential Purana for understanding Vishnu and Hindu cosmology.,Bibek Debroy's translation makes this classic scripture highly accessible.,Every mythology lover should know this scripture.,Essential Hindu Scriptures,July,,,,,Yes,Classic Scripture,Numerous Adaptations,Moderate,High,,
Valmiki Ramayana,,Maharishi Valmiki,Male,Ancient India,Sanskrit,Various,Ancient,~2400,,,Non-fiction,Hindu Scriptures,Epic,Itihasa,Adult,No,,,Yes,Rama; Dharma; Duty; Devotion,Epic; Philosophical,Hero's Journey,Ramayana; Valmiki; Hindu Scriptures; Sanskrit Classics,No,No,Secondary,Hindu Scriptures,Foundational Reading Recommendation,Advanced,Ramayana by R.K. Narayan; Bridge of Rama,The original epic that shaped countless retellings across centuries.,The foundational telling of Lord Rama's journey and dharma.,Every Ramayana begins here.,Where to Start Reading the Ramayana,July,,,,,Yes,Timeless Classic,Numerous Adaptations,High,Very High,,
Tuesdays with Morrie,,Mitch Albom,Male,United States,English,,1997,192,,,Non-fiction,Memoir,Philosophy,Inspirational Memoir,Adult,No,,,Yes,Life; Death; Wisdom; Relationships,Emotional; Reflective,Mentor-Student Relationship,Memoir; Life Lessons; Philosophy; Inspirational,No,No,Secondary,Inspirational Books,Life Lessons Recommendation,Beginner,The Five People You Meet in Heaven; Ikigai,A timeless reminder of what truly matters in life.,Mitch Albom's conversations with Morrie continue to inspire millions.,This book will change how you look at life.,Books Everyone Should Read Once,January,,,,,Yes,International Bestseller,Film & TV Adaptation,Extremely High,Extremely High,,
The Yoga Sutras of Patanjali (Translation & Commentary),,Swami Satchidananda,Male,India,Sanskrit,Swami Satchidananda,1978,288,,,Non-fiction,Philosophy,Spirituality,Yoga Philosophy,Adult,No,,,Yes,Meditation; Self-realization; Mindfulness; Yoga,Reflective; Spiritual,Ancient Wisdom,Yoga; Patanjali; Hindu Philosophy; Spirituality; Meditation,No,No,Secondary,Hindu Philosophy,Spiritual Reading Recommendation,Intermediate,Bhagavad Gita; The Upanishads,One of the clearest guides to yogic philosophy and mindful living.,Swami Satchidananda explains Patanjali's wisdom for modern readers.,Yoga begins long before the mat.,Best Books on Yoga Philosophy,June,,,,,Yes,Spiritual Classic,No,Moderate,High,,
The Wonder That Was India,,A. L. Basham,Male,United Kingdom,English,,1954,576,,,Non-fiction,Indian History,Cultural History,Ancient India,Adult,No,,,Yes,Ancient India; Civilization; Religion; Culture,Scholarly; Informative,Historical Survey,Ancient India; Indian History; Culture; Civilization; Hinduism,No,No,Secondary,Indian History Essentials,Indian History Recommendation,Intermediate,India: A History; Early Indians,A timeless introduction to the history and culture of ancient India.,"A classic work exploring India's civilization, religion and philosophy.",Every Indian history reader should own this book.,Beginner Books on Ancient India,August,,,,,Yes,Classic,No,Moderate,High,,
The Women of Troy,,Pat Barker,Female,United Kingdom,English,,2021,320,,,Fiction,Mythological Fiction,Historical Fiction,Trojan War Retelling,Adult,Yes,Women of Troy Trilogy,2,No,War; Survival; Womanhood; Trauma,Emotional; Literary,Aftermath of War; Female Perspective,Greek Mythology; Troy; Retelling; Women-Centric,Yes,Yes,Primary,Greek Mythology Retellings,Mythology Recommendation,Intermediate,The Silence of the Girls; Ithaca; Ariadne,A powerful exploration of the women left behind after Troy's fall.,Pat Barker gives voice to the survivors of the Trojan War.,Troy ended. Their battle had just begun.,Best Trojan War Retellings,October,,,,,Yes,Bestseller,No,High,Very High,,
The Widows of Malabar Hill,,Sujata Massey,Female,United States,English,,2018,384,,,Fiction,Historical Mystery,Historical Fiction,Legal Mystery,Adult,Yes,Perveen Mistry Mysteries,1,No,Justice; Women's Rights; Colonial India,Atmospheric; Engaging,Female Detective; Historical Mystery,Historical Mystery; India; Female Detective; Parsi,Yes,Yes,Primary,Indian Historical Mysteries,Historical Mystery Recommendation,Beginner,A Rising Man; The Bangalore Detectives Club,A brilliant legal mystery set in colonial Bombay.,"Meet Perveen Mistry, India's first female solicitor solving impossible cases.",Meet the detective you've probably never heard of.,Indian Historical Mystery Books,February,,,,,Yes,Award-winning Series,No,Moderate,High,,
The White Tiger,,Aravind Adiga,Male,India,English,,2008,321,,,Fiction,Literary Fiction,Contemporary Fiction,Social Satire,Adult,No,,,Yes,Class; Corruption; Ambition; Inequality,Dark; Satirical,Unreliable Narrator; Social Commentary,Indian Literature; Booker Prize; Contemporary India,No,No,Secondary,Modern Indian Classics,Literary Fiction Recommendation,Intermediate,Sacred Games; A Fine Balance,A sharp and unforgettable satire on ambition and inequality.,Aravind Adiga's Booker Prize-winning novel remains strikingly relevant.,The darkest success story you'll ever read.,Modern Indian Classics Everyone Should Read,July,,,,,Yes,Booker Prize Winner,Film Adaptation,High,High,,
The Upanishads (Translation),,Eknath Easwaran,Male,India,Sanskrit,Eknath Easwaran,1987,368,,,Non-fiction,Hindu Scriptures,Philosophy,Spiritual Classics,Adult,No,,,Yes,Self; Consciousness; Spirituality; Wisdom,Reflective; Philosophical,Ancient Wisdom,Upanishads; Hindu Philosophy; Spirituality; Vedanta,No,No,Secondary,Hindu Scriptures,Spiritual Reading Recommendation,Intermediate,Bhagavad Gita; Yoga Sutras of Patanjali,A beautiful and accessible translation of Hindu philosophy.,Eknath Easwaran makes profound spiritual teachings approachable.,Ancient wisdom that still changes lives.,Best Books on Hindu Philosophy,July,,,,,Yes,Classic Scripture,No,Moderate,High,,
The Untold Story of Sita,,Dena Merriam,Female,United States,English,,2022,320,,,Non-fiction,Mythology,Spirituality,Ramayana Studies,Adult,No,,,Yes,Sita; Dharma; Divine Feminine,Reflective; Spiritual,Character Study,Sita; Ramayana; Hindu Mythology; Spiritual Books,Yes,Yes,Primary,Women of Ramayana,Mythology Recommendation,Beginner,Sita's Sister; The Liberation of Sita,A spiritual exploration of Sita beyond the traditional narrative.,A thoughtful look at one of the most revered women in Hindu tradition.,Was Sita more powerful than we realise?,Books That Reimagine Sita,July,,,,,Yes,Critically Acclaimed,No,Moderate,High,,
The Travelling Cat Chronicles,,Hiro Arikawa,Female,Japan,Japanese,Philip Gabriel,2012,288,,,Fiction,Literary Fiction,Contemporary Fiction,Japanese Fiction,Adult,No,,,Yes,Friendship; Love; Loss; Companionship,Heartwarming; Emotional,Animal Companion,Japanese Literature; Cats; Cozy Reads,Yes,No,Secondary,Japanese Comfort Reads,Comfort Read Recommendation,Beginner,The Guest Cat; We'll Prescribe You a Cat,"A moving story celebrating love, friendship and life's final journey.",Hiro Arikawa delivers one of Japan's most heartwarming novels.,You'll never look at your pet the same way again.,Emotional Japanese Fiction,November,,,,,Yes,International Bestseller,No,High,Very High,,
The Time Traveller Who Could Not Get Laid,,Abhishek Tripathi,Male,India,English,,2017,272,,,Fiction,Science Fiction,Humour,Time Travel,Adult,No,,,Yes,Time Travel; Love; Friendship,Funny; Lighthearted,Time Loop,Indian Sci-Fi; Time Travel; Humour,No,No,Secondary,Indian Science Fiction,Sci-Fi Recommendation,Beginner,Project Hail Mary; The Psychology of Time Travel,A humorous Indian take on time travel and relationships.,"Fast-paced, witty and packed with pop-culture references.",Time travel has never been this chaotic.,Indian Sci-Fi Books,May,,,,,Yes,No,No,Low,Moderate,,
The Thousand Faces of Night,,Githa Hariharan,Female,India,English,,1992,256,,,Fiction,Literary Fiction,Women's Fiction,Magical Realism,Adult,No,,,Yes,Womanhood; Identity; Myth,Literary; Reflective,Intergenerational Women,Indian Literature; Feminist Fiction; Magical Realism,Yes,Yes,Primary,Indian Literary Fiction,Literary Fiction Recommendation,Advanced,The Palace of Illusions; The God of Small Things,A lyrical novel exploring mythology and womanhood.,Githa Hariharan blends myth with modern Indian realities.,Mythology isn't just about gods—it's about women too.,Feminist Indian Literature,March,,,,,Yes,Commonwealth Award Winner,No,Moderate,High,,
The Secret History,,Donna Tartt,Female,United States,English,,1992,559,,,Fiction,Literary Fiction,Psychological Thriller,Dark Academia,Adult,No,,,Yes,Obsession; Morality; Murder,Dark; Atmospheric,Elite University; Unreliable Narrator,Dark Academia; Literary Thriller; Mystery,Yes,No,Secondary,Dark Academia Essentials,Dark Academia Recommendation,Advanced,If We Were Villains; Babel,One of the defining novels of the dark academia genre.,"Murder, obsession and elite academia combine brilliantly.",The original dark academia obsession.,Best Dark Academia Books,September,,,,,Yes,Modern Classic,No,Extremely High,Extremely High,,
The Scent of God,,Saikat Majumdar,Male,India,English,,2019,304,,,Fiction,Literary Fiction,Contemporary Fiction,Campus Fiction,Adult,No,,,Yes,Faith; Identity; Desire,Thought-provoking; Literary,Coming of Age,Indian Literary Fiction; Campus Novel,No,No,Secondary,Indian Literary Fiction,Literary Recommendation,Advanced,The Ministry of Utmost Happiness,"A thoughtful novel exploring faith, identity and modern India.",Saikat Majumdar examines religion and human desire with nuance.,Faith is rarely simple.,Contemporary Indian Literary Fiction,July,,,,,Yes,Critically Acclaimed,No,Moderate,Moderate,,
The Remains of the Day,,Kazuo Ishiguro,Male,United Kingdom,English,,1989,258,,,Fiction,Literary Fiction,Historical Fiction,Historical Drama,Adult,No,,,Yes,Regret; Memory; Duty,Quiet; Reflective,Unreliable Memory,Nobel Prize; Modern Classic; Literary Fiction,No,No,Secondary,Modern Classics,Classic Recommendation,Intermediate,Never Let Me Go; A Gentleman in Moscow,A quietly devastating masterpiece about regret and dignity.,Kazuo Ishiguro's Booker Prize-winning novel is unforgettable.,A novel where silence says everything.,Modern Classics Worth Reading,January,,,,,Yes,Booker Prize Winner,Film Adaptation,High,High,,
The Reading List,,Sara Nisha Adams,Female,United Kingdom,English,,2021,320,,,Fiction,Contemporary Fiction,Book Club Fiction,Feel-good Fiction,Adult,No,,,Yes,Books; Community; Healing,Hopeful; Cozy,Books About Books,Libraries; Reading; Feel-good Fiction,Yes,Yes,Primary,Books About Books,Feel-good Recommendation,Beginner,Book Lovers; The Library Book,"A celebration of books, libraries and unexpected friendships.",Perfect for readers looking for a comforting story.,Every book lover deserves this novel.,Books About Books,April,,,,,Yes,Bestseller,No,High,Very High,,
The Ramayana,,R. K. Narayan,Male,India,English,,1972,192,,,Fiction,Mythological Fiction,Classics,Epic Retelling,Adult,No,,,Yes,Dharma; Heroism; Family,Accessible; Timeless,Classic Retelling,Ramayana; Indian Classics; Mythology,No,No,Secondary,Indian Epics,Beginner Mythology Recommendation,Beginner,Mahabharata; Valmiki Ramayana,R. K. Narayan makes India's greatest epic wonderfully accessible.,A concise retelling ideal for readers new to Indian mythology.,New to the Ramayana? Start here.,Beginner-Friendly Ramayana Books,July,,,,,Yes,Classic,Multiple Adaptations,High,Very High,,
The Prophet,,Kahlil Gibran,Male,Lebanon,English,,1923,128,,,Fiction,Philosophy,Spiritual Literature,Poetic Prose,Adult,No,,,Yes,Love; Life; Freedom; Wisdom,Reflective; Inspirational,Wisdom Literature,Philosophy; Spiritual Classic; Poetry,No,No,Secondary,Spiritual Classics,Inspirational Recommendation,Beginner,Siddhartha; Tao Te Ching,A timeless collection of philosophical reflections on life.,Kahlil Gibran's masterpiece continues to inspire generations.,A book you'll underline on every page.,Books That Stay With You Forever,January,,,,,Yes,International Classic,Multiple Adaptations,High,High,,
The Palace of Illusions,,Chitra Banerjee Divakaruni,Female,India,English,,2008,384,,,Fiction,Mythological Fiction,Historical Fiction,Mahabharata Retelling,Adult,No,,,Yes,Draupadi; Destiny; Power,Emotional; Epic,Female Perspective,Mahabharata; Draupadi; Women-Centric,Yes,Yes,Primary,Mahabharata Retellings,Mythology Recommendation,Beginner,Song of Draupadi; Ajaya,Draupadi finally tells her own story.,One of the most beloved feminist retellings of the Mahabharata.,The Mahabharata through Draupadi's eyes.,Best Mahabharata Retellings,July,,,,,Yes,International Bestseller,No,Extremely High,Extremely High,,
The Midnight Library,,Matt Haig,Male,United Kingdom,English,,2020,304,,,Fiction,Contemporary Fiction,Speculative Fiction,Magical Realism,Adult,No,,,Yes,Regret; Hope; Choices,Uplifting; Emotional,Parallel Lives,Mental Health; Magical Realism; Contemporary Fiction,No,Yes,Primary,Speculative Fiction,Mental Health Recommendation,Beginner,The Invisible Life of Addie LaRue; Before the Coffee Gets Cold,"A hopeful novel about regrets, choices and second chances.",Matt Haig combines philosophy with magical realism beautifully.,What if you could live every version of your life?,Books About Second Chances,January,,,,,Yes,International Bestseller,Film Rights Sold,Extremely High,Extremely High,,
The Mahabharata (Penguin Classics Abridged),A Modern Rendering,Ramesh Menon,Male,India,English,Adaptation,2006,704,,,Fiction,Mythological Fiction,Classics,Mahabharata Retelling,Adult,No,,,Yes,Dharma; War; Family; Duty,Epic; Accessible,Epic Retelling,Mahabharata; Indian Mythology; Classics,No,No,Secondary,Indian Epics,Beginner Mahabharata Recommendation,Beginner,Mahabharata Unravelled; Palace of Illusions,A highly readable modern rendering of India's greatest epic.,Ramesh Menon makes the Mahabharata approachable without losing its depth.,Intimidated by the Mahabharata? Start here.,Beginner's Guide to the Mahabharata,July,,,,,Yes,Bestseller,No,High,Very High,,
The Lives of Others,,Neel Mukherjee,Male,India,English,,2014,528,,,Fiction,Literary Fiction,Historical Fiction,Family Saga,Adult,No,,,Yes,Politics; Family; Revolution,Dense; Literary,Multi-generational Saga,Indian Literature; Family Saga; Literary Fiction,No,No,Secondary,Indian Literary Fiction,Literary Recommendation,Advanced,A Fine Balance; Midnight's Children,A sweeping family saga set against political unrest in Bengal.,Richly layered and deeply rewarding literary fiction.,One family. One nation. Countless stories.,Multi-generational Indian Novels,August,,,,,Yes,Booker Prize Shortlisted,No,Moderate,Moderate,,
The Last House on Needless Street,,Catriona Ward,Female,United Kingdom,English,,2021,352,,,Fiction,Psychological Thriller,Horror,Gothic Thriller,Adult,No,,,Yes,Trauma; Identity; Mystery,Dark; Twisty,Unreliable Narrator,Psychological Thriller; Horror; Gothic,Yes,No,Secondary,Psychological Thrillers,Thriller Recommendation,Advanced,Never Lie; Hidden Pictures,A haunting psychological thriller with unforgettable twists.,"Catriona Ward masterfully blends horror, suspense and emotion.",Don't trust anything until the final page.,Psychological Thrillers That Break Your Brain,October,,,,,Yes,Award-winning Horror,TV Rights Optioned,High,High,,
The Land of Lost Gods,,Ahmet Ümit,Male,Türkiye,Turkish,Various,2024,480,,,Fiction,Historical Mystery,Literary Fiction,Archaeological Mystery,Adult,No,,,Yes,Ancient Civilizations; Murder; History; Identity,Atmospheric; Intelligent,Archaeological Investigation,Turkish Fiction; Historical Mystery; Archaeology; Ancient History,No,No,Secondary,Historical Mysteries,Historical Mystery Recommendation,Intermediate,The Name of the Rose; The Eight,A gripping archaeological mystery rooted in ancient civilizations.,"Ahmet Ümit blends crime, history and philosophy into an engrossing thriller.",Ancient ruins. Modern murder.,Best Historical Mystery Novels,September,,,,,Yes,Bestseller,TV Rights,Moderate,Moderate,,
The Kind Worth Killing,,Peter Swanson,Male,United States,English,,2015,320,,,Fiction,Thriller,Psychological Thriller,Crime Thriller,Adult,No,,,Yes,Murder; Revenge; Deception,Dark; Suspenseful,Cat-and-Mouse; Multiple POV,Psychological Thriller; Crime Fiction; Mystery,No,Yes,Secondary,Psychological Thrillers,Thriller Recommendation,Intermediate,Gone Girl; Never Lie,A brilliantly twisted psychological thriller full of shocking turns.,Peter Swanson delivers a suspense novel where no one can be trusted.,Trust no one after page one.,Twisty Psychological Thrillers,October,,,,,Yes,Bestseller,Film Rights,High,High,,
The Island of Missing Trees,,Elif Shafak,Female,Türkiye,English,,2021,368,,,Fiction,Literary Fiction,Historical Fiction,Magical Realism,Adult,No,,,Yes,Love; War; Identity; Memory,Emotional; Reflective,Dual Timeline; Family Secrets,Literary Fiction; Cyprus; Magical Realism,Yes,Yes,Primary,Literary Fiction,Literary Fiction Recommendation,Beginner,Pachinko; Homegoing,"A lyrical novel about love, war and belonging across generations.",Elif Shafak uses a fig tree to narrate an unforgettable family story.,Even trees remember history.,Literary Fiction That Stays With You,August,,,,,Yes,Bestseller,No,High,Very High,,
The Inheritance of Loss,,Kiran Desai,Female,India,English,,2006,336,,,Fiction,Literary Fiction,Historical Fiction,Postcolonial Fiction,Adult,No,,,Yes,Identity; Migration; Colonial Legacy,Literary; Thought-provoking,Multiple Perspectives,Booker Prize; Indian Literature; Literary Fiction,Yes,Yes,Primary,Booker Prize Winners,Literary Fiction Recommendation,Advanced,The God of Small Things; The Lives of Others,"A profound exploration of identity, migration and belonging.",Kiran Desai's Booker Prize-winning novel remains deeply relevant.,What does it really mean to belong?,Booker Prize Books Worth Reading,July,,,,,Yes,Booker Prize Winner,No,Moderate,High,,
The Indus Civilization,,Gregory L. Possehl,Male,United States,English,,2002,260,,,Non-fiction,Indian History,Archaeology,Ancient Civilization,Adult,No,,,Yes,Indus Valley; Archaeology; Urban Planning,Informative; Scholarly,Historical Survey,Indus Valley Civilization; Ancient India; Archaeology,No,No,Secondary,Indian History Essentials,Ancient India Recommendation,Advanced,The Wonder That Was India; Early Indians,One of the most respected introductions to the Indus Valley Civilization.,Gregory Possehl presents decades of archaeological research accessibly.,"Before the Mahabharata, there was this civilization.",Best Books on the Indus Valley Civilization,August,,,,,Yes,Academic Classic,No,Low,Moderate,,
The Holy Geeta,,Swami Chinmayananda,Male,India,Sanskrit,Swami Chinmayananda,1984,700,,,Non-fiction,Hindu Scriptures,Philosophy,Bhagavad Gita Commentary,Adult,No,,,Yes,Dharma; Karma; Self-realization,Spiritual; Reflective,Verse Commentary,Bhagavad Gita; Hindu Philosophy; Chinmaya Mission,No,No,Secondary,Hindu Scriptures,Spiritual Reading Recommendation,Intermediate,Bhagavad Gita; Holy Bible of Hinduism,A detailed commentary that makes the Gita easier to understand.,Swami Chinmayananda explains timeless teachings with practical insights.,The Bhagavad Gita explained for modern readers.,Bhagavad Gita Books for Beginners,July,,,,,Yes,Spiritual Classic,No,Moderate,High,,
The Henna Artist,,Alka Joshi,Female,India,English,,2020,384,,,Fiction,Historical Fiction,Women's Fiction,Cultural Fiction,Adult,Yes,Jaipur Trilogy,1,No,Independence; Identity; Women's Lives,Emotional; Immersive,Found Family; Secrets,Indian Historical Fiction; Jaipur; Women's Fiction,Yes,Yes,Primary,Indian Historical Fiction,Women's Fiction Recommendation,Beginner,The Secret Keeper of Jaipur; Lessons in Chemistry,A vibrant story of resilience and independence in post-independence India.,Lakshmi's journey through 1950s Jaipur is unforgettable.,She painted dreams with henna.,Best Indian Historical Fiction Books,March,,,,,Yes,Bestseller,Netflix in Development,Very High,Very High,,
The Great Alone,,Kristin Hannah,Female,United States,English,,2018,448,,,Fiction,Historical Fiction,Family Drama,Survival Fiction,Adult,No,,,Yes,Family; Survival; Domestic Abuse,Emotional; Intense,Coming of Age; Wilderness Survival,Kristin Hannah; Alaska; Historical Fiction,Yes,Yes,Primary,Emotional Historical Fiction,Emotional Read Recommendation,Intermediate,The Four Winds; Where the Crawdads Sing,"A powerful novel about survival, family and hope.",Kristin Hannah combines breathtaking landscapes with emotional storytelling.,Alaska has never felt this unforgettable.,Kristin Hannah Books Ranked,November,,,,,Yes,Bestseller,Film Rights,Very High,Very High,,
The Golden Son,,Shilpi Somaya Gowda,Female,Canada,English,,2015,384,,,Fiction,Contemporary Fiction,Literary Fiction,Family Drama,Adult,No,,,Yes,Family; Ambition; Culture Clash,Emotional; Heartfelt,Dual Setting,Indian Diaspora; Family Saga; Contemporary Fiction,Yes,Yes,Primary,Indian Diaspora Fiction,Family Drama Recommendation,Beginner,The Namesake; A Place for Us,"A heartfelt novel balancing dreams, duty and family expectations.",A moving cross-cultural family story spanning India and America.,Two countries. One impossible choice.,Indian Diaspora Books,May,,,,,Yes,Bestseller,No,Moderate,Moderate,,
The Golden Mystery Dwarka,,Shraddha Poppat,Female,India,English,,2023,250,,,Fiction,Mythological Thriller,Adventure,Mystery,Young Adult,No,,,Yes,Krishna; Dwarka; Treasure Hunt,Fast-paced; Adventurous,Ancient Secret; Hidden Treasure,Indian Mythology; Dwarka; Mystery; Adventure,Yes,Yes,Primary,Indian Mythology Adventures,Mythology Recommendation,Beginner,The Krishna Key; The Hidden Hindu,A fun mythology-inspired mystery set around the lost city of Dwarka.,"Adventure, archaeology and Krishna legends come together beautifully.",What secrets lie beneath Dwarka?,Mythological Mystery Books,July,,,,,Yes,No,No,Moderate,Moderate,,
The Far Field,,Madhuri Vijay,Female,India,English,,2019,352,,,Fiction,Literary Fiction,Political Fiction,Contemporary Fiction,Adult,No,,,Yes,Grief; Kashmir; Identity,Literary; Emotional,Self-discovery,Kashmir; Indian Literature; Literary Fiction,Yes,Yes,Primary,Indian Literary Fiction,Literary Fiction Recommendation,Advanced,A Burning; Kashmir,A beautifully written novel exploring grief and conflict in Kashmir.,Madhuri Vijay creates a powerful story of identity and loss.,Kashmir through a deeply human lens.,Literary Novels Set in Kashmir,August,,,,,Yes,Award-winning,No,Moderate,High,,
The Door-to-Door Bookstore,,Carsten Henn,Male,Germany,German,Various,2020,224,,,Fiction,Contemporary Fiction,Feel-good Fiction,Books About Books,Adult,No,,,Yes,Books; Friendship; Community,Cozy; Heartwarming,Found Family,Bookshop Fiction; Cozy Reads; Translated Fiction,No,No,Secondary,Books About Books,Cozy Read Recommendation,Beginner,The Reading List; Days at the Morisaki Bookshop,A heartwarming novel celebrating books and human connection.,A lonely bookseller discovers unexpected friendships through literature.,Every book finds the right reader eventually.,Cozy Books About Bookshops,December,,,,,Yes,International Bestseller,No,High,Very High,,
The Difficulty of Being Good,,Gurcharan Das,Male,India,English,,2009,448,,,Non-fiction,Philosophy,Indian Philosophy,Ethics,Adult,No,,,Yes,Mahabharata; Ethics; Dharma,Reflective; Intellectual,Mythology Explained,Mahabharata; Ethics; Indian Philosophy,No,No,Secondary,Indian Philosophy,Philosophy Recommendation,Intermediate,Mahabharata Unravelled; Bhagavad Gita,A fascinating exploration of ethics through the Mahabharata.,Gurcharan Das connects ancient wisdom with modern dilemmas.,The Mahabharata still answers today's questions.,Philosophy Through the Mahabharata,July,,,,,Yes,Bestseller,No,Moderate,High,,
The Devotion of Suspect X,,Keigo Higashino,Male,Japan,Japanese,Alexander O. Smith,2005,298,,,Fiction,Mystery,Crime Fiction,Detective Fiction,Adult,Yes,Detective Galileo,3,No,Genius; Sacrifice; Murder,Clever; Suspenseful,Whydunit; Detective Investigation,Japanese Mystery; Detective Galileo; Crime Fiction,No,No,Secondary,Japanese Crime Fiction,Mystery Recommendation,Intermediate,Malice; Journey Under the Midnight Sun,One of the finest Japanese crime novels ever written.,Keigo Higashino masterfully combines logic with emotion.,Can you solve the crime before the detective?,Best Japanese Mystery Novels,October,,,,,Yes,International Bestseller,Film Adaptations,Very High,Very High,,
The Covenant of Water,,Abraham Verghese,Male,United States,English,,2023,736,,,Fiction,Historical Fiction,Literary Fiction,Family Saga,Adult,No,,,Yes,Family; Medicine; Love; Generations,Rich; Emotional,Multi-generational Saga,Oprah Book Club; Historical Fiction; India,No,Yes,Primary,Multi-generational Sagas,Literary Fiction Recommendation,Intermediate,Cutting for Stone; Pachinko,A sweeping family saga spanning generations in Kerala.,Abraham Verghese delivers one of the finest literary novels of recent years.,One family. Three generations. Endless heartbreak.,Epic Family Sagas to Read,September,,,,,Yes,Oprah Book Club Pick,No,High,High,,
The Complete Works of Swami Vivekananda,,Swami Vivekananda,Male,India,English,,1907,4000+,,,Non-fiction,Spirituality,Philosophy,Collected Works,Adult,Yes,Complete Works,1–9,No,Vedanta; Yoga; Spirituality; Nation-building,Inspirational; Scholarly,Essays; Lectures,Vivekananda; Vedanta; Hindu Philosophy,No,No,Secondary,Spiritual Classics,Spiritual Reading Recommendation,Advanced,Complete Works of Ramakrishna; Upanishads,An essential collection for understanding Vedanta and Vivekananda's philosophy.,A foundational resource for readers interested in Indian spirituality.,Want to understand Vivekananda? Start here.,Essential Books on Swami Vivekananda,January,,,,,Yes,Spiritual Classic,No,Moderate,High,,
The Book That Wouldn't Burn,Library Trilogy Book 1,Mark Lawrence,Male,United Kingdom,English,,2023,560,,,Fiction,Fantasy,Epic Fantasy,Library Fantasy,Adult,Yes,Library Trilogy,1,No,Knowledge; Time; Destiny,Epic; Mysterious,Magical Library; Dual POV,Fantasy; Library; Epic Fantasy,No,Yes,Primary,Epic Fantasy,Fantasy Recommendation,Intermediate,Babel; The Name of the Wind,A spectacular fantasy built around the world's greatest library.,Mark Lawrence begins an ambitious trilogy full of mystery and imagination.,Imagine a library bigger than the world.,Fantasy Books Every Book Lover Should Read,September,,,,,Yes,Bestseller,No,High,High,,
The Book That Broke the World,Library Trilogy Book 2,Mark Lawrence,Male,United Kingdom,English,,2024,400,,,Fiction,Fantasy,Epic Fantasy,Library Fantasy,Adult,Yes,Library Trilogy,2,No,Knowledge; Time; Survival,Epic; Thought-provoking,Parallel Timelines,Fantasy; Library Trilogy; Epic Fantasy,No,Yes,Primary,Epic Fantasy,Fantasy Recommendation,Intermediate,The Book That Wouldn't Burn; Babel,An excellent continuation of Mark Lawrence's library fantasy.,Expands the world with even bigger mysteries and emotional stakes.,The library's secrets are only beginning.,Fantasy Series Worth Binge Reading,September,,,,,Yes,Bestseller,No,High,High,,
The Blue Bedspread,,Raj Kamal Jha,Male,India,English,,1999,224,,,Fiction,Literary Fiction,Psychological Fiction,Contemporary Fiction,Adult,No,,,Yes,Family; Trauma; Memory,Dark; Literary,Unreliable Narrator,Indian Literary Fiction; Psychological Fiction,No,No,Secondary,Indian Literary Fiction,Literary Fiction Recommendation,Advanced,The Scent of God; The Lives of Others,"A haunting literary novel exploring memory, guilt and family.","Raj Kamal Jha's debut is poetic, unsettling and unforgettable.",Some families hide impossible secrets.,Hidden Gems in Indian Literary Fiction,August,,,,,Yes,Critically Acclaimed,No,Low,Moderate,,
The Arrows of Ayodhya,,Raman Sharma,Male,India,English,,2023,320,,,Fiction,Mythological Fiction,Historical Fiction,Ramayana Retelling,Adult,No,,,Yes,Rama; Ayodhya; Dharma; War,Epic; Fast-paced,Epic Retelling,Ramayana; Indian Mythology; Ayodhya,No,No,Secondary,Ramayana Retellings,Mythology Recommendation,Beginner,Prince of Ayodhya; King of Ayodhya,A fresh fictional retelling inspired by the Ramayana.,"Raman Sharma revisits Ayodhya through action, intrigue and dharma.",Another journey into the world of Ayodhya.,Modern Ramayana Retellings,July,,,,,Yes,No,No,Moderate,Moderate,,
That Long Silence,,Shashi Deshpande,Female,India,English,,1988,240,,,Fiction,Literary Fiction,Women's Fiction,Contemporary Fiction,Adult,No,,,Yes,Marriage; Identity; Patriarchy; Self-discovery,Reflective; Literary,Domestic Drama,Indian Literature; Feminist Fiction; Women's Fiction,Yes,Yes,Primary,Indian Literary Fiction,Feminist Fiction Recommendation,Intermediate,The Thousand Faces of Night; Pinjar,"A landmark novel about silence, marriage and selfhood.",Shashi Deshpande explores the inner life of an Indian woman questioning her identity.,How long can a woman stay silent?,Feminist Classics from India,March,,,,,Yes,Sahitya Akademi Award,No,Moderate,High,,
Tara (The Sati Series V),,Koral Das Gupta,Female,India,English,,2022,240,,,Fiction,Mythological Fiction,Historical Fiction,Mythology Retelling,Adult,Yes,The Sati Series,5,No,Tara; Feminine Power; Mythology,Inspirational; Reflective,Forgotten Women,Indian Mythology; Tara; Sati Series,Yes,Yes,Primary,Indian Mythology Retellings,Mythology Recommendation,Beginner,Sita's Sister; Ahalya's Awakening,A fresh retelling that brings Tara's wisdom into the spotlight.,Koral Das Gupta continues her celebrated series on forgotten women of mythology.,The Ramayana had many remarkable women.,Forgotten Women of Indian Mythology,July,,,,,Yes,Critically Acclaimed,No,Moderate,High,,
Srimad Bhagavatam,,A. C. Bhaktivedanta Swami Prabhupada,Male,India,Sanskrit,A. C. Bhaktivedanta Swami Prabhupada,1972,18000+,,,Non-fiction,Hindu Scriptures,Spirituality,Purana,Adult,Yes,Srimad Bhagavatam,Multiple Volumes,No,Krishna; Bhakti; Dharma; Devotion,Spiritual; Philosophical,Sacred Scripture,Bhagavatam; Krishna; ISKCON; Vaishnavism,No,No,Secondary,Hindu Scriptures,Spiritual Reading Recommendation,Advanced,Bhagavad Gita; Vishnu Purana,One of Hinduism's most important devotional scriptures.,Prabhupada's translation and commentary are widely read across the world.,Want to understand Krishna deeply? Start here.,Essential Hindu Scriptures,August,,,,,Yes,Spiritual Classic,Multiple Adaptations,Moderate,High,,
Son of Darkness,,Gaurav Mohanty,Male,India,English,,2022,432,,,Fiction,Epic Fantasy,Mythological Fantasy,Grimdark Fantasy,Adult,Yes,The Raag of Rta,1,No,Mahabharata; War; Power; Destiny,Dark; Epic,Multiple POV,Indian Fantasy; Mahabharata Inspired; Grimdark,No,No,Secondary,Indian Fantasy,Fantasy Recommendation,Advanced,The Poppy War; Ajaya,A bold grimdark fantasy inspired by the Mahabharata.,Gaurav Mohanty reimagines India's greatest epic with morally grey characters.,The Mahabharata like you've never seen before.,Grimdark Fantasy Inspired by Mythology,October,,,,,Yes,Bestseller,No,High,High,,
Small Things Like These,,Claire Keegan,Female,Ireland,English,,2021,128,,,Fiction,Literary Fiction,Historical Fiction,Irish Fiction,Adult,No,,,Yes,Kindness; Family; Morality,Quiet; Emotional,Small-town Setting,Irish Literature; Literary Fiction; Novella,Yes,No,Secondary,Literary Fiction,Short Reads Recommendation,Beginner,Foster; The Remains of the Day,A quiet yet unforgettable novella about courage and compassion.,Claire Keegan proves that powerful stories don't need many pages.,A tiny book with a massive emotional impact.,Short Books That Stay With You,December,,,,,Yes,Booker Prize Shortlisted,Film Adaptation,High,High,,
Sita: An Illustrated Retelling of the Ramayana,,Devdutt Pattanaik,Male,India,English,,2013,248,,,Non-fiction,Mythology,Hindu Scriptures,Illustrated Retelling,Adult,No,,,Yes,Sita; Ramayana; Dharma,Accessible; Informative,Illustrated Mythology,Sita; Ramayana; Devdutt Pattanaik,No,Yes,Primary,Ramayana Retellings,Beginner Mythology Recommendation,Beginner,The Untold Story of Sita; Sita's Ramayana,An accessible and beautifully illustrated retelling of Sita's journey.,Devdutt Pattanaik presents the Ramayana through engaging visuals and storytelling.,New to the Ramayana? Start here.,Illustrated Mythology Books,July,,,,,Yes,Bestseller,No,Moderate,High,,
Shrimad Bhagavad Gita,,Dr. Akhilesh Kumar,Male,India,Sanskrit,Dr. Akhilesh Kumar,2021,450,,,Non-fiction,Hindu Scriptures,Philosophy,Bhagavad Gita Commentary,Adult,No,,,Yes,Dharma; Karma; Yoga; Devotion,Spiritual; Reflective,Commentary,Bhagavad Gita; Hindu Philosophy,No,No,Secondary,Hindu Scriptures,Spiritual Recommendation,Beginner,The Holy Geeta; Bhagavad Gita As It Is,A reader-friendly explanation of the timeless teachings of the Gita.,Dr. Akhilesh Kumar offers practical insights into Hindu philosophy.,The Bhagavad Gita explained simply.,Bhagavad Gita for Beginners,August,,,,,Yes,Spiritual Classic,No,Moderate,Moderate,,
Shiva Purana Retold,,Ramesh Menon,Male,India,English,,2024,520,,,Fiction,Mythological Fiction,Retellings,Hindu Mythology,Adult,No,,,Yes,Shiva; Parvati; Creation; Devotion,Engaging; Epic,Modern Retelling,Shiva; Hindu Mythology; Retelling,No,No,Secondary,Shiva Books,Shiva Recommendation,Beginner,Shiva; Shiva Purana,A modern retelling that makes Shiva's stories highly accessible.,Ramesh Menon simplifies complex mythology without losing its essence.,Looking for a beginner-friendly Shiva book?,Best Books on Lord Shiva,July,,,,,Yes,Bestseller,No,High,High,,
Shiva Purana,,J. L. Shastri,Male,India,Sanskrit,J. L. Shastri,1950,Multiple Volumes,,,Non-fiction,Hindu Scriptures,Mythology,Purana,Adult,Yes,Ancient Indian Tradition & Mythology Series,Multiple,No,Shiva; Cosmology; Dharma,Scholarly; Spiritual,Sacred Scripture,Shiva Purana; Sanskrit; Hindu Scriptures,No,No,Secondary,Hindu Scriptures,Sanatan Recommendation,Advanced,Shiva Purana Retold; Vishnu Purana,One of the foundational scriptures dedicated to Lord Shiva.,J. L. Shastri's translation is a respected reference edition.,Every Shiva devotee should read this.,Essential Shiva Scriptures,July,,,,,Yes,Spiritual Classic,No,Moderate,High,,
Shadow Play: Love & Blackmail,,Nitish Bhushan,Male,India,English,,2023,320,,,Fiction,Thriller,Romantic Suspense,Techno Thriller,Adult,No,,,Yes,Blackmail; Love; Technology,Fast-paced; Suspenseful,Secrets; Conspiracy,Indian Thriller; Romantic Suspense,No,No,Secondary,Indian Thrillers,Thriller Recommendation,Beginner,The Girl on the Train; Gone Girl,"A suspenseful blend of romance, technology and crime.",Nitish Bhushan delivers an entertaining modern thriller.,Love can be the most dangerous weapon.,Underrated Indian Thrillers,October,,,,,Yes,No,No,Low,Moderate,,
Serious Men,,Manu Joseph,Male,India,English,,2010,336,,,Fiction,Literary Fiction,Satire,Contemporary Fiction,Adult,No,,,Yes,Class; Science; Ambition,Satirical; Sharp,Social Commentary,Indian Literature; Satire,No,No,Secondary,Indian Literary Fiction,Satirical Fiction Recommendation,Intermediate,"The White Tiger; English, August","A witty satire examining ambition, science and social inequality.",Manu Joseph balances humour with sharp social commentary.,One of India's smartest satires.,Modern Indian Satire,June,,,,,Yes,Award-winning,Film Adaptation,Moderate,High,,
Rumi's Little Book of Life,,Rumi,Male,Persia,Persian,Various,Various,224,,,Non-fiction,Poetry,Spirituality,Inspirational,Adult,No,,,Yes,Love; Soul; Spirituality,Reflective; Meditative,Wisdom Collection,Rumi; Poetry; Spiritual Quotes,No,No,Secondary,Inspirational Books,Daily Inspiration Recommendation,Beginner,The Prophet; The Book of Joy,A beautiful collection of Rumi's timeless wisdom.,Perfect for readers seeking reflection and spiritual inspiration.,A few pages can change your day.,Inspirational Books to Read Slowly,January,,,,,Yes,Classic,No,High,High,,
Rock Paper Scissors,,Alice Feeney,Female,United Kingdom,English,,2021,304,,,Fiction,Psychological Thriller,Mystery,Domestic Thriller,Adult,No,,,Yes,Marriage; Secrets; Lies,Suspenseful; Dark,Unreliable Narrator,Thriller; Mystery; Alice Feeney,Yes,Yes,Primary,Psychological Thrillers,Thriller Recommendation,Beginner,The Kind Worth Killing; Behind Her Eyes,A clever domestic thriller packed with twists.,Alice Feeney keeps readers guessing until the very last page.,You'll question every character.,Twisty Domestic Thrillers,October,,,,,Yes,Bestseller,Film Rights,High,Very High,,
Ramachandra Series,,Amish Tripathi,Male,India,English,,2015–2019,400–450 each,,,Fiction,Mythological Fiction,Fantasy,Ramayana Retelling,Adult,Yes,Ram Chandra Series,1–4,No,Rama; Dharma; War,Epic; Fast-paced,Multi-book Epic,Amish Tripathi; Ramayana,No,No,Secondary,Ramayana Retellings,Mythology Recommendation,Beginner,Ramayana; Prince of Ayodhya,Amish Tripathi's modern retelling makes the Ramayana accessible to contemporary readers.,A fast-paced mythology series filled with action and philosophy.,The Ramayana reimagined for modern readers.,Ramayana Books in Order,July,,,,,Yes,Bestseller,No,Extremely High,Extremely High,,
Pyre,,Perumal Murugan,Male,India,Tamil,Aniruddan Vasudevan,2019 (English),240,,,Fiction,Literary Fiction,Contemporary Fiction,Social Fiction,Adult,No,,,Yes,Caste; Love; Society,Emotional; Intense,Tragic Romance,Tamil Literature; Caste,No,No,Secondary,Indian Literary Fiction,Literary Recommendation,Advanced,One Part Woman; Pinjar,"A heartbreaking novel about caste, love and violence.",Perumal Murugan once again explores the realities of rural India.,Love shouldn't be a crime.,Powerful Indian Literary Fiction,April,,,,,Yes,International Booker Longlist,No,Moderate,High,,
Pinjar,,Amrita Pritam,Female,India,Punjabi,Various,1950,224,,,Fiction,Historical Fiction,Partition Literature,Literary Fiction,Adult,No,,,Yes,Partition; Identity; Womanhood,Emotional; Poignant,Partition Story,Partition Literature; Punjabi Literature,Yes,Yes,Primary,Partition Literature,Partition Recommendation,Intermediate,Train to Pakistan; Ice-Candy Man,One of the finest novels about Partition from a woman's perspective.,Amrita Pritam's classic remains deeply moving decades later.,Partition through the eyes of one unforgettable woman.,Essential Partition Literature,August,,,,,Yes,Classic,Film Adaptation,High,Very High,,
Paper Boat Journey,,Manoj Phulambrikar,Male,India,English,,2023,220,,,Fiction,Contemporary Fiction,Inspirational Fiction,Coming-of-age,Adult,No,,,Yes,Dreams; Life; Hope,Uplifting; Reflective,Self-discovery,Indian Fiction; Inspirational,No,No,Secondary,Contemporary Indian Fiction,Inspirational Recommendation,Beginner,Tuesdays with Morrie; The Alchemist,"A hopeful story about dreams, resilience and life's journey.",An uplifting contemporary novel from an Indian perspective.,Sometimes life flows like a paper boat.,Inspirational Indian Fiction,January,,,,,Yes,No,No,Low,Low,,
Of Mice and Men,,John Steinbeck,Male,United States,English,,1937,107,,,Fiction,Classic Literature,Literary Fiction,Novella,Adult,No,,,Yes,Friendship; Dreams; Loneliness,Emotional; Tragic,Found Family,American Classics; Steinbeck,No,No,Secondary,Modern Classics,Classic Recommendation,Beginner,The Grapes of Wrath; The Remains of the Day,"A timeless novella about friendship, dreams and loss.",Steinbeck's classic continues to move generations of readers.,Only 100 pages—and unforgettable.,Classic Books Everyone Should Read,January,,,,,Yes,Modern Classic,Multiple Adaptations,High,High,,
No Exit,,Taylor Adams,Male,United States,English,,2017,336,,,Fiction,Thriller,Psychological Thriller,Survival Thriller,Adult,No,,,Yes,Survival; Kidnapping; Suspense,Fast-paced; Tense,Snowstorm; Single Location,Thriller; Survival; Mystery,No,Yes,Secondary,Survival Thrillers,Thriller Recommendation,Beginner,Misery; One by One,A relentless thriller that never lets readers breathe.,Taylor Adams traps strangers together during a snowstorm with deadly consequences.,One storm. One kidnapper. No way out.,Survival Thrillers That Keep You Awake,October,,,,,Yes,Bestseller,Film Adaptation,Very High,High,,
Never Let Me Go,,Kazuo Ishiguro,Male,United Kingdom,English,,2005,304,,,Fiction,Literary Fiction,Science Fiction,Dystopian Fiction,Adult,No,,,Yes,Memory; Humanity; Love,Melancholic; Reflective,Boarding School; Dystopian,Literary Sci-Fi; Modern Classic,No,Yes,Primary,Modern Classics,Literary Science Fiction Recommendation,Intermediate,Klara and the Sun; The Midnight Library,"A haunting masterpiece about memory, love and what makes us human.",Kazuo Ishiguro blends dystopian fiction with profound emotional depth.,This book will quietly break your heart.,Literary Sci-Fi Everyone Should Read,February,,,,,Yes,Modern Classic,Film Adaptation,High,Very High,,
Narcopolis,,Jeet Thayil,Male,India,English,,2012,320,,,Fiction,Literary Fiction,Historical Fiction,Contemporary Literary,Adult,No,,,Yes,Addiction; Identity; Bombay; Society,Dark; Poetic,Multiple Perspectives,Indian Literature; Literary Fiction; Mumbai,No,No,Secondary,Indian Literary Fiction,Literary Fiction Recommendation,Advanced,Sacred Games; The White Tiger,A haunting portrait of Bombay's forgotten underworld.,"Jeet Thayil's Booker-shortlisted novel is lyrical, raw and unforgettable.",The city has stories it never tells.,Modern Indian Literary Masterpieces,July,,,,,Yes,Booker Prize Shortlisted,No,Moderate,High,,
Maybe You Should Talk to Someone,,Lori Gottlieb,Female,United States,English,,2019,432,,,Non-fiction,Memoir,Psychology,Self-help,Adult,No,,,Yes,Therapy; Healing; Relationships; Growth,Insightful; Hopeful,Therapist Memoir,Psychology; Mental Health; Memoir,Yes,Yes,Primary,Memoirs & Personal Growth,Mental Health Recommendation,Beginner,The Choice; Reasons to Stay Alive,A therapist reminds us that everyone needs help sometimes.,Lori Gottlieb blends memoir with psychology in a deeply human book.,Even therapists need therapists.,Best Mental Health Books,May,,,,,Yes,New York Times Bestseller,TV Adaptation Announced,Very High,Very High,,
Markandeya Purana,,Bibek Debroy (Translator),Male,India,Sanskrit,Bibek Debroy,2024,700,,,Non-fiction,Hindu Scriptures,Mythology,Purana,Adult,No,,,Yes,Devi; Dharma; Cosmology,Spiritual; Scholarly,Sacred Scripture,Markandeya Purana; Devi Mahatmya; Hindu Scriptures,No,No,Secondary,Hindu Scriptures,Sanatan Recommendation,Advanced,Devi Bhagavatam; Vishnu Purana,An essential Purana featuring the celebrated Devi Mahatmya.,Bibek Debroy's translation makes this important scripture more accessible.,The scripture behind Durga's greatest story.,Essential Puranas to Read,July,,,,,Yes,Spiritual Classic,No,Moderate,High,,
Mandodari (The Sati Series IV),,Koral Das Gupta,Female,India,English,,2021,240,,,Fiction,Mythological Fiction,Historical Fiction,Mythology Retelling,Adult,Yes,The Sati Series,4,No,Mandodari; Lanka; Strength; Wisdom,Emotional; Reflective,Forgotten Women,Mandodari; Ramayana; Sati Series,Yes,Yes,Primary,Women of Ramayana,Mythology Recommendation,Beginner,Lanka's Princess; Mandodari: Queen of Lanka,A compassionate retelling of one of the Ramayana's wisest women.,Koral Das Gupta gives Mandodari the voice she always deserved.,Ravana's queen had her own story.,Forgotten Women of the Ramayana,July,,,,,Yes,Critically Acclaimed,No,Moderate,High,,
Mahagatha: 100 Tales from the Puranas,,Satyarth Nayak,Male,India,English,,2020,416,,,Non-fiction,Mythology,Hindu Scriptures,Puranic Stories,Adult,No,,,Yes,Gods; Legends; Dharma,Engaging; Informative,Story Collection,Puranas; Hindu Mythology; Indian Mythology,No,No,Secondary,Hindu Mythology,Mythology Recommendation,Beginner,Jaya; Indian Mythology,A wonderful gateway into the fascinating world of the Puranas.,Satyarth Nayak retells one hundred mythological stories in an engaging style.,Think you know Hindu mythology? Think again.,Beginner-Friendly Hindu Mythology Books,July,,,,,Yes,Bestseller,No,High,High,,
Mahadevi: The Unseen Truth Behind Existence,,Priyanka Kaintura,Female,India,English,,2023,280,,,Non-fiction,Spirituality,Hindu Philosophy,Goddess Studies,Adult,No,,,Yes,Divine Feminine; Shakti; Consciousness,Spiritual; Reflective,Philosophical Exploration,Mahadevi; Shakti; Sanatan Dharma,Yes,No,Primary,Spiritual Books,Divine Feminine Recommendation,Intermediate,The Untold Story of Sita; Devi Bhagavatam,A thoughtful exploration of Shakti and the Divine Feminine.,Priyanka Kaintura examines the spiritual significance of Mahadevi.,Understanding the feminine force of the universe.,Books on the Divine Feminine,October,,,,,Yes,Critically Acclaimed,No,Low,Moderate,,
Mahabharata: A Modern Retelling,,Carole Satyamurti,Female,United Kingdom,English,,2015,464,,,Fiction,Mythological Fiction,Epic Poetry,Mahabharata Retelling,Adult,No,,,Yes,Dharma; War; Family,Literary; Epic,Verse Retelling,Mahabharata; Epic Poetry; Retelling,Yes,No,Secondary,Mahabharata Retellings,Mythology Recommendation,Intermediate,The Palace of Illusions; Jaya,A poetic retelling that captures the emotional depth of the epic.,Carole Satyamurti transforms the Mahabharata into beautiful narrative verse.,The Mahabharata as poetry.,Different Ways to Read the Mahabharata,July,,,,,Yes,Critically Acclaimed,No,Moderate,High,,
Mahabharata Unravelled,,Ami Ganatra,Female,India,English,,2021,400,,,Non-fiction,Mythology,Philosophy,Mahabharata Studies,Adult,No,,,Yes,Dharma; Human Nature; Ethics,Accessible; Thought-provoking,Mythology Explained,Mahabharata; Hindu Philosophy,Yes,No,Secondary,Mahabharata Studies,Beginner Mythology Recommendation,Beginner,The Difficulty of Being Good; Jaya,A practical guide to understanding the Mahabharata's complexities.,Ami Ganatra separates myths from misconceptions with clarity.,The Mahabharata explained without confusion.,Beginner's Guide to the Mahabharata,July,,,,,Yes,Bestseller,No,High,Very High,,
Latitudes of Longing,,Shubhangi Swarup,Female,India,English,,2020,336,,,Fiction,Literary Fiction,Magical Realism,Contemporary Fiction,Adult,No,,,Yes,Nature; Love; Loss,Lyrical; Atmospheric,Interconnected Stories,Indian Literature; Literary Fiction,Yes,Yes,Primary,Indian Literary Fiction,Literary Recommendation,Advanced,The God of Small Things; The Far Field,"A lyrical novel connecting landscapes, memory and love.",Shubhangi Swarup crafts one of India's most original literary debuts.,Nature becomes a character in this novel.,Beautiful Indian Literary Fiction,August,,,,,Yes,Critically Acclaimed,No,Moderate,High,,
Ladies Coupe,,Anita Nair,Female,India,English,,2001,304,,,Fiction,Literary Fiction,Women's Fiction,Contemporary Fiction,Adult,No,,,Yes,Womanhood; Freedom; Identity,Reflective; Emotional,Journey of Self-discovery,Indian Women's Fiction; Feminist Fiction,Yes,Yes,Primary,Feminist Indian Fiction,Women's Fiction Recommendation,Beginner,"That Long Silence; Kim Jiyoung, Born 1982","Six women, one train journey and countless untold stories.",Anita Nair celebrates female resilience and self-discovery.,A train compartment full of unforgettable women.,Indian Feminist Fiction,March,,,,,Yes,Bestseller,No,Moderate,High,,
Kunti (The Sati Series II),,Koral Das Gupta,Female,India,English,,2017,240,,,Fiction,Mythological Fiction,Historical Fiction,Mythology Retelling,Adult,Yes,The Sati Series,2,No,Kunti; Motherhood; Strength,Emotional; Inspirational,Forgotten Women,Kunti; Mahabharata; Sati Series,Yes,Yes,Primary,Women of Mahabharata,Mythology Recommendation,Beginner,Karna's Wife; Song of Draupadi,A nuanced retelling of one of the Mahabharata's most complex mothers.,Koral Das Gupta reimagines Kunti with empathy and depth.,Was Kunti history's most misunderstood mother?,Forgotten Women of the Mahabharata,July,,,,,Yes,Critically Acclaimed,No,Moderate,High,,
Krishna's Other Song: A New Look at the Uddhava Gita,,Steven J. Rosen,Male,United States,English,,2007,320,,,Non-fiction,Hindu Philosophy,Spirituality,Scripture Commentary,Adult,No,,,Yes,Krishna; Bhakti; Uddhava Gita,Reflective; Spiritual,Commentary,Krishna; Uddhava Gita; Hindu Philosophy,No,No,Secondary,Hindu Philosophy,Spiritual Recommendation,Intermediate,Bhagavad Gita; Srimad Bhagavatam,A thoughtful study of Krishna's lesser-known teachings.,Steven Rosen introduces readers to the profound wisdom of the Uddhava Gita.,There's another Gita every Krishna devotee should know.,Books Beyond the Bhagavad Gita,August,,,,,Yes,Critically Acclaimed,No,Low,Moderate,,
"Kim Jiyoung, Born 1982",,Cho Nam-joo,Female,South Korea,Korean,Jamie Chang,2016,176,,,Fiction,Literary Fiction,Women's Fiction,Contemporary Fiction,Adult,No,,,Yes,Gender; Society; Identity,Emotional; Realistic,Social Commentary,Korean Literature; Feminism,Yes,Yes,Primary,Korean Literature,Feminist Fiction Recommendation,Beginner,Breasts and Eggs; Convenience Store Woman,A modern feminist classic from South Korea.,Cho Nam-joo exposes everyday sexism through one ordinary woman's life.,The book that sparked conversations across Korea.,Korean Feminist Books,March,,,,,Yes,International Bestseller,Film Adaptation,Very High,Very High,,
Jaya: An Illustrated Retelling of the Mahabharata,,Devdutt Pattanaik,Male,India,English,,2010,376,,,Non-fiction,Mythology,Hindu Scriptures,Illustrated Retelling,Adult,No,,,Yes,Mahabharata; Dharma; Karma,Accessible; Informative,Illustrated Mythology,Mahabharata; Devdutt Pattanaik,No,No,Secondary,Mahabharata Retellings,Beginner Mythology Recommendation,Beginner,Mahabharata Unravelled; Mahabharata by Ramesh Menon,One of the easiest and most enjoyable introductions to the Mahabharata.,Devdutt Pattanaik combines storytelling with illustrations and insights.,The Mahabharata made simple.,Best Mahabharata Books for Beginners,July,,,,,Yes,Bestseller,No,Very High,Very High,,
India: A History,,John Keay,Male,United Kingdom,English,,2000,640,,,Non-fiction,Indian History,Cultural History,General History,Adult,No,,,Yes,Civilization; Empire; Culture,Informative; Comprehensive,Historical Survey,Indian History; Civilization,No,No,Secondary,Indian History Essentials,Indian History Recommendation,Intermediate,The Wonder That Was India; Early Indians,A comprehensive history spanning thousands of years.,John Keay offers an engaging overview of India's remarkable past.,India's story is older than you think.,Best Books on Indian History,August,,,,,Yes,Bestseller,No,Moderate,High,,
Ikigai,The Japanese Secret to a Long and Happy Life,Héctor García & Francesc Miralles,Male,Spain,English,,2016,208,,,Non-fiction,Self-help,Personal Development,Lifestyle,Adult,No,,,Yes,Purpose; Happiness; Longevity,Motivational; Reflective,Practical Wisdom,Ikigai; Japanese Philosophy,No,No,Secondary,Personal Development,Self-help Recommendation,Beginner,The Little Book of Hygge; Atomic Habits,A simple guide to discovering purpose and living well.,One of the world's most popular books on happiness and longevity.,Why do Okinawans live so long?,Books That Can Change Your Life,January,,,,,Yes,International Bestseller,No,Extremely High,Extremely High,,
I Who Have Never Known Men,,Jacqueline Harpman,Female,Belgium,French,Ros Schwartz,1995,208,,,Fiction,Dystopian Fiction,Literary Fiction,Speculative Fiction,Adult,No,,,Yes,Isolation; Survival; Humanity,Haunting; Philosophical,Isolated Society,Feminist Dystopian; Literary Fiction,Yes,Yes,Primary,Feminist Dystopian Fiction,Dystopian Recommendation,Intermediate,Never Let Me Go; The Handmaid's Tale,"A haunting exploration of freedom, loneliness and humanity.",Jacqueline Harpman's cult classic continues to gain new readers.,One of the strangest books you'll ever read.,Feminist Dystopian Novels,November,,,,,Yes,Cult Classic,No,Very High,Very High,,
How to Kill Men and Get Away With It,,Katy Brent,Female,United Kingdom,English,,2022,384,,,Fiction,Thriller,Dark Comedy,Psychological Thriller,Adult,No,,,Yes,Revenge; Justice; Feminism,Dark; Fast-paced,Vigilante,Dark Comedy; Feminist Thriller,Yes,Yes,Primary,Dark Comedy Thrillers,Thriller Recommendation,Beginner,Finlay Donovan Is Killing It; Sweetpea,A wickedly funny feminist revenge thriller.,"Katy Brent mixes satire, suspense and dark humour brilliantly.",Revenge has never been this entertaining.,Darkly Funny Thrillers,October,,,,,Yes,Bestseller,TV Rights,Very High,Very High,,
Heart Overruled,,Debanjana Mukherjee,Female,India,English,,2024,320,,,Fiction,Contemporary Romance,Women's Fiction,Romantic Comedy,Adult,No,,,Yes,Love; Family; Second Chances,Warm; Feel-good,Slow Burn,Indian Romance; Contemporary Fiction,Yes,Yes,Primary,Indian Romance,Romance Recommendation,Beginner,You Deserve Each Other; Book Lovers,A heartwarming romance about choosing love over expectations.,Debanjana Mukherjee delivers an emotional contemporary love story.,When the heart refuses to follow logic.,Underrated Indian Romance Novels,February,,,,,Yes,New Release,No,Moderate,Moderate,,
Half the Night Is Gone,,Amitabha Bagchi,Male,India,English,,2018,544,,,Fiction,Literary Fiction,Historical Fiction,Family Saga,Adult,No,,,Yes,Grief; Family; Tradition,Literary; Reflective,Multi-generational Story,Indian Literary Fiction; Family Saga,No,No,Secondary,Indian Literary Fiction,Literary Recommendation,Advanced,The Lives of Others; A Suitable Boy,"A richly layered novel exploring grief, family and tradition.",Amitabha Bagchi creates a moving meditation on memory and modern India.,A modern Indian classic hiding in plain sight.,Indian Literary Fiction Everyone Should Read,August,,,,,Yes,Critically Acclaimed,No,Moderate,High,,
Garuda Purana,,Ernest Wood & S. V. Subrahmanyam (Translators),Male,India,Sanskrit,Ernest Wood & S. V. Subrahmanyam,1911,500,,,Non-fiction,Hindu Scriptures,Mythology,Purana,Adult,No,,,Yes,Afterlife; Dharma; Karma; Moksha,Spiritual; Philosophical,Sacred Scripture,Garuda Purana; Hindu Scriptures; Afterlife,No,No,Secondary,Hindu Scriptures,Sanatan Recommendation,Advanced,Vishnu Purana; Markandeya Purana,"A profound scripture exploring life, death and liberation.","One of Hinduism's essential Puranas explaining karma, the afterlife and dharma.",Ever wondered what Hinduism says about the afterlife?,Essential Hindu Puranas,July,,,,,Yes,Spiritual Classic,No,Moderate,High,,
Foster,,Claire Keegan,Female,Ireland,English,,2010,96,,,Fiction,Literary Fiction,Coming-of-age,Novella,Adult,No,,,Yes,Family; Kindness; Childhood,Quiet; Emotional,Rural Setting,Irish Literature; Novella,Yes,Yes,Primary,Literary Novellas,Short Reads Recommendation,Beginner,Small Things Like These; The Remains of the Day,"A tender novella about love, kindness and belonging.",Claire Keegan delivers extraordinary emotional depth in under 100 pages.,Proof that short books can leave the biggest impact.,Best Literary Novellas,December,,,,,Yes,Critically Acclaimed,Film Adaptation,High,High,,
Em and the Big Hoom,,Jerry Pinto,Male,India,English,,2012,240,,,Fiction,Literary Fiction,Family Drama,Contemporary Fiction,Adult,No,,,Yes,Mental Illness; Family; Love,Emotional; Heartfelt,Dysfunctional Family,Indian Literature; Mental Health,No,No,Secondary,Indian Literary Fiction,Literary Fiction Recommendation,Intermediate,Maybe You Should Talk to Someone; Serious Men,"A moving portrait of family, humour and mental illness.",Jerry Pinto balances heartbreak and warmth with remarkable honesty.,One of India's most emotional family novels.,Books That Talk About Mental Health,May,,,,,Yes,Hindu Literary Prize Winner,No,Moderate,High,,
Eleanor Oliphant Is Completely Fine,,Gail Honeyman,Female,United Kingdom,English,,2017,336,,,Fiction,Contemporary Fiction,Literary Fiction,Women's Fiction,Adult,No,,,Yes,Loneliness; Healing; Friendship,Heartwarming; Emotional,Found Family,Contemporary Fiction; Mental Health,Yes,Yes,Primary,Contemporary Fiction,Feel-good Recommendation,Beginner,The Midnight Library; Remarkably Bright Creatures,"A heartwarming story of loneliness, healing and unexpected friendship.",Gail Honeyman creates an unforgettable heroine finding her place in the world.,She isn't fine... and that's what makes this book beautiful.,Books About Healing,January,,,,,Yes,International Bestseller,Film Rights,Extremely High,Extremely High,,
Early India: From the Origins to AD 1300,,Romila Thapar,Female,India,English,,2002,576,,,Non-fiction,Indian History,Ancient History,Academic History,Adult,No,,,Yes,Ancient India; Civilization; Culture,Informative; Scholarly,Historical Survey,Ancient India; Indian History,Yes,No,Secondary,Indian History Essentials,Indian History Recommendation,Advanced,India: A History; The Wonder That Was India,A definitive history of ancient India by one of its greatest historians.,Romila Thapar presents India's early civilization with depth and clarity.,Want to truly understand ancient India?,Essential Books on Ancient India,August,,,,,Yes,Academic Classic,No,Moderate,High,,
Durga: The Baaghini,,Krishnamurthy Shrikanth,Male,India,English,,2024,360,,,Fiction,Mythological Fiction,Fantasy,Durga Retelling,Adult,Yes,Tattva Verse Saga,1,No,Durga; Shakti; Good vs Evil,Epic; Fast-paced,Divine Heroine,Durga; Indian Fantasy; Mythology,No,Yes,Primary,Indian Mythological Fantasy,Mythology Recommendation,Intermediate,Son of Darkness; The Poppy War,A fierce fantasy inspired by Goddess Durga and Indian mythology.,Krishnamurthy Shrikanth launches an ambitious mythological fantasy saga.,Durga as you've never imagined her before.,Modern Indian Mythological Fantasy,October,,,,,Yes,New Release,No,Moderate,High,,
Draupadi (The Sati Series III),,Koral Das Gupta,Female,India,English,,2019,240,,,Fiction,Mythological Fiction,Historical Fiction,Mythology Retelling,Adult,Yes,The Sati Series,3,No,Draupadi; Mahabharata; Womanhood,Emotional; Reflective,Forgotten Women,Draupadi; Mahabharata; Sati Series,Yes,Yes,Primary,Women of Mahabharata,Mythology Recommendation,Beginner,Song of Draupadi; The Palace of Illusions,A thoughtful reimagining of Draupadi beyond the stereotypes.,Koral Das Gupta explores the emotional journey of Panchali.,Was Draupadi ever truly understood?,Women of the Mahabharata,July,,,,,Yes,Critically Acclaimed,No,Moderate,High,,
Difficult Daughters,,Manju Kapur,Female,India,English,,1998,272,,,Fiction,Historical Fiction,Women's Fiction,Literary Fiction,Adult,No,,,Yes,Family; Partition; Womanhood,Emotional; Literary,Mother-Daughter Relationships,Indian Literature; Partition,Yes,Yes,Primary,Partition Literature,Literary Recommendation,Intermediate,Pinjar; A Woman Is No Man,A compelling coming-of-age story set against India's Partition.,Manju Kapur blends personal choices with historical upheaval.,One woman. One country. Countless expectations.,Women's Voices in Partition Literature,August,,,,,Yes,Commonwealth Writers' Prize Winner,No,Moderate,High,,
Devi Purana,,Ramesh Menon,Male,India,English,,2023,520,,,Non-fiction,Hindu Scriptures,Mythology,Purana Retelling,Adult,No,,,Yes,Goddess; Shakti; Creation,Accessible; Spiritual,Modern Retelling,Devi Purana; Hindu Mythology,No,No,Secondary,Hindu Scriptures,Spiritual Recommendation,Intermediate,Devi Bhagavatam Retold; Mahadevi,A readable introduction to the stories and philosophy of the Goddess.,Ramesh Menon brings the Devi Purana alive for modern readers.,Discover the many forms of the Divine Mother.,Books on Goddess Worship,October,,,,,Yes,Bestseller,No,Moderate,High,,
Devi for Millennials,,Bibek Debroy,Male,India,English,,2021,240,,,Non-fiction,Mythology,Spirituality,Popular Mythology,Adult,No,,,Yes,Devi; Feminine Divine; Hinduism,Accessible; Conversational,Mythology Explained,Devi; Hindu Mythology,No,No,Secondary,Modern Mythology,Beginner Mythology Recommendation,Beginner,Mahagatha; Jaya,A modern introduction to Devi traditions for today's readers.,Bibek Debroy explains mythology in an engaging contemporary style.,Mythology made relevant for modern readers.,Beginner-Friendly Hindu Mythology,October,,,,,Yes,Bestseller,No,Moderate,Moderate,,
Devi Bhagavatam Retold,,Ramesh Menon,Male,India,English,,2024,500,,,Fiction,Mythological Fiction,Retellings,Hindu Mythology,Adult,No,,,Yes,Devi; Shakti; Bhakti,Epic; Accessible,Modern Retelling,Devi Bhagavatam; Goddess,No,No,Secondary,Hindu Mythology,Mythology Recommendation,Beginner,Shiva Purana Retold; Mahagatha,A beautifully retold version of one of Hinduism's most important scriptures.,Ramesh Menon simplifies complex stories without losing their essence.,The Goddess takes centre stage.,Essential Devi Books,October,,,,,Yes,Bestseller,No,High,High,,
Cuckold,,Kiran Nagarkar,Male,India,English,,1997,600,,,Fiction,Historical Fiction,Literary Fiction,Historical Epic,Adult,No,,,Yes,Love; Politics; Mewar,Rich; Literary,Royal Court,Indian Historical Fiction,No,No,Secondary,Indian Historical Fiction,Historical Fiction Recommendation,Advanced,The Persian Boy; Mistress of Rome,"A magnificent historical epic of love, war and royal politics.",Kiran Nagarkar's masterpiece reimagines the life of Maharana Pratap's era.,One of India's greatest historical novels.,Best Indian Historical Fiction,September,,,,,Yes,Sahitya Akademi Award,No,Moderate,High,,
Convenience Store Woman,,Sayaka Murata,Female,Japan,Japanese,Ginny Tapley Takemori,2016,176,,,Fiction,Literary Fiction,Contemporary Fiction,Japanese Fiction,Adult,No,,,Yes,Identity; Society; Work,Quirky; Reflective,Unconventional Heroine,Japanese Literature; Cozy,Yes,Yes,Primary,Japanese Literature,Cozy Literary Recommendation,Beginner,Almond; Days at the Morisaki Bookshop,A wonderfully quirky novel about finding happiness outside society's expectations.,Sayaka Murata's modern classic is both funny and thought-provoking.,"What if being ""normal"" isn't the goal?",Best Japanese Contemporary Fiction,April,,,,,Yes,International Bestseller,No,Extremely High,Extremely High,,
Clear Light of Day,,Anita Desai,Female,India,English,,1980,288,,,Fiction,Literary Fiction,Family Drama,Contemporary Classic,Adult,No,,,Yes,Memory; Family; Partition,Reflective; Slow-paced,Family Relationships,Indian Classics; Literary Fiction,Yes,Yes,Primary,Indian Literary Classics,Classic Recommendation,Advanced,That Long Silence; The Thousand Faces of Night,"A beautifully written meditation on family, memory and time.",Anita Desai's classic remains one of Indian literature's finest novels.,Some families never really leave us.,Indian Literary Classics,January,,,,,Yes,Booker Prize Shortlisted,No,Moderate,High,,
Chronicle of a Corpse Bearer,,Cyrus Mistry,Male,India,English,,2012,592,,,Fiction,Historical Fiction,Literary Fiction,Social Fiction,Adult,No,,,Yes,Caste; Identity; Parsi Community,Dark; Literary,Social Commentary,Indian Literary Fiction; Parsi,No,No,Secondary,Indian Literary Fiction,Literary Recommendation,Advanced,Narcopolis; The Lives of Others,A powerful novel exploring caste and the forgotten Parsi community.,Cyrus Mistry delivers an unforgettable historical and social narrative.,A story about those history forgot.,Hidden Gems of Indian Literature,September,,,,,Yes,Crossword Book Award Winner,No,Low,Moderate,,
Chowringhee,,Shankar,Male,India,Bengali,Arunava Sinha,1962,432,,,Fiction,Literary Fiction,Historical Fiction,Bengali Classic,Adult,No,,,Yes,Kolkata; Society; Class,Atmospheric; Character-driven,Hotel Setting,Bengali Literature; Kolkata,No,No,Secondary,Bengali Classics,Classic Recommendation,Intermediate,City of Djinns; The Great Indian Novel,A timeless portrait of Kolkata through the lives inside a luxury hotel.,Shankar's beloved Bengali classic captures an entire era.,Every hotel room hides a story.,Bengali Classics Everyone Should Read,June,,,,,Yes,Classic Bestseller,Film Adaptation,Moderate,High,,
Buddha: A Story of Enlightenment,,Deepak Chopra,Male,India,English,,2007,336,,,Fiction,Historical Fiction,Spiritual Fiction,Biographical Novel,Adult,No,,,Yes,Buddha; Enlightenment; Spirituality,Reflective; Inspirational,Spiritual Journey,Buddha; Spiritual Fiction,No,No,Secondary,Spiritual Fiction,Spiritual Recommendation,Beginner,Siddhartha; The Prophet,A fictional yet insightful retelling of Buddha's spiritual journey.,Deepak Chopra presents enlightenment in an accessible narrative form.,The journey from prince to Buddha.,Books on Gautama Buddha,May,,,,,Yes,International Bestseller,No,High,High,,
Bhagavad Gita (Translation),,Eknath Easwaran,Male,India,Sanskrit,Eknath Easwaran,1985,320,,,Non-fiction,Hindu Scriptures,Philosophy,Translation,Adult,No,,,Yes,Dharma; Karma; Yoga,Accessible; Spiritual,Translation,Bhagavad Gita; Hindu Philosophy,No,No,Secondary,Hindu Scriptures,Spiritual Recommendation,Beginner,The Holy Geeta; Bhagavad Gita As It Is,One of the most accessible English translations of the Gita.,Eknath Easwaran balances readability with philosophical depth.,Looking for your first Bhagavad Gita? Start here.,Best Bhagavad Gita Translations,July,,,,,Yes,Spiritual Classic,No,High,Very High,,
Bhagavad Gita (Commentary),,Swami Sivananda,Male,India,Sanskrit,Swami Sivananda,1942,700,,,Non-fiction,Hindu Scriptures,Philosophy,Commentary,Adult,No,,,Yes,Karma; Bhakti; Jnana,Scholarly; Spiritual,Commentary,Bhagavad Gita; Sivananda,No,No,Secondary,Hindu Scriptures,Philosophy Recommendation,Advanced,The Yoga Sutras of Patanjali; Bhagavad Gita Translation,A detailed commentary for readers seeking deeper understanding.,Swami Sivananda explains every chapter through Vedantic philosophy.,Ready to go beyond just reading the Gita?,Advanced Bhagavad Gita Study,July,,,,,Yes,Spiritual Classic,No,Moderate,High,,
Beyond the Blinding Sun,,Jayanta Gopal Borpujari,Male,India,English,,2024,320,,,Fiction,Historical Fiction,Literary Fiction,Assam Fiction,Adult,No,,,Yes,Colonial India; Identity; Assam,Literary; Reflective,Historical Drama,Assamese Literature; Indian Fiction,No,No,Secondary,Indian Historical Fiction,Literary Recommendation,Intermediate,The Far Field; Half the Night Is Gone,A thoughtful historical novel rooted in Assam's rich cultural landscape.,Jayanta Gopal Borpujari blends history with compelling storytelling.,Discover a side of India rarely seen in fiction.,Historical Fiction Set in Northeast India,August,,,,,Yes,Critically Acclaimed,No,Low,Moderate,,
Before We Visit the Goddess,,Chitra Banerjee Divakaruni,Female,India,English,,2016,240,,,Fiction,Literary Fiction,Women's Fiction,Family Saga,Adult,No,,,Yes,Mother-Daughter Relationships; Family; Identity,Emotional; Reflective,Multi-generational Story,Indian Literature; Women's Fiction,Yes,Yes,Primary,Indian Literary Fiction,Women's Fiction Recommendation,Intermediate,The Namesake; Ladies Coupe,A moving multigenerational story about mothers and daughters.,"Chitra Banerjee Divakaruni explores love, sacrifice and family across generations.",Three generations. One unforgettable story.,Mother-Daughter Books to Read,May,,,,,Yes,Bestseller,No,Moderate,High,,
Before the Coffee Gets Cold,,Toshikazu Kawaguchi,Male,Japan,Japanese,Geoffrey Trousselot,2015,272,,,Fiction,Magical Realism,Contemporary Fiction,Japanese Fiction,Adult,Yes,Before the Coffee Gets Cold,1,No,Time Travel; Regret; Love; Second Chances,Cozy; Emotional,Café Setting,Japanese Literature; Time Travel; Cozy Fiction,No,Yes,Secondary,Japanese Healing Fiction,Cozy Recommendation,Beginner,Tales from the Café; What You Are Looking For Is in the Library,A comforting novel about second chances and the people we'd revisit.,A magical café allows customers to travel through time—with one condition.,"If you could revisit one moment, would you?",Cozy Japanese Books,December,,,,,Yes,International Bestseller,Film Adaptation,Extremely High,Extremely High,,
Autobiography of a Yogi,,Paramahansa Yogananda,Male,India,English,,1946,544,,,Non-fiction,Spiritual Memoir,Philosophy,Autobiography,Adult,No,,,Yes,Yoga; Spirituality; Self-realization,Inspirational; Spiritual,Personal Journey,Yoga; Spiritual Classics,No,No,Secondary,Spiritual Classics,Spiritual Recommendation,Intermediate,The Prophet; Bhagavad Gita,One of the most influential spiritual autobiographies ever written.,Paramahansa Yogananda shares his extraordinary spiritual journey and teachings.,The book that inspired millions.,Spiritual Books Everyone Should Read,January,,,,,Yes,Spiritual Classic,No,High,High,,
Ashtavakra Gita,,Swami Chinmayananda,Male,India,Sanskrit,Swami Chinmayananda,1970,320,,,Non-fiction,Hindu Scriptures,Philosophy,Commentary,Adult,No,,,Yes,Advaita; Self; Liberation,Philosophical; Reflective,Scripture Commentary,Ashtavakra Gita; Vedanta,No,No,Secondary,Hindu Scriptures,Philosophy Recommendation,Advanced,Bhagavad Gita; Yoga Sutras of Patanjali,A profound Advaita text exploring the nature of the Self.,Swami Chinmayananda's commentary makes this philosophical classic approachable.,One of Hinduism's deepest philosophical texts.,Essential Vedanta Books,July,,,,,Yes,Spiritual Classic,No,Moderate,High,,
Ashoka: The Search for India's Lost Emperor,,Charles Allen,Male,United Kingdom,English,,2012,432,,,Non-fiction,Indian History,Biography,Ancient History,Adult,No,,,Yes,Ashoka; Mauryan Empire; Buddhism,Informative; Engaging,Historical Biography,Ashoka; Ancient India,No,No,Secondary,Indian History Essentials,History Recommendation,Intermediate,India: A History; Early India,A fascinating biography of one of India's greatest emperors.,Charles Allen traces Ashoka's life through archaeology and history.,Meet the emperor who changed India forever.,Best Books on Emperor Ashoka,August,,,,,Yes,Bestseller,No,Moderate,High,,
Ashes to Ashes,,Tami Hoag,Female,United States,English,,1999,560,,,Fiction,Crime Thriller,Mystery,Serial Killer Thriller,Adult,Yes,Kovac & Liska,2,No,Murder; Investigation; Crime,Dark; Suspenseful,Detective Duo,Crime Thriller; Mystery,Yes,Yes,Primary,Crime Thrillers,Thriller Recommendation,Intermediate,The Kind Worth Killing; Never Lie,A gripping serial killer thriller packed with suspense.,Tami Hoag delivers a tense investigation with memorable detectives.,Every clue leads somewhere darker.,Best Crime Thrillers,October,,,,,Yes,Bestseller,No,Moderate,Moderate,,
Animal Farm,,George Orwell,Male,United Kingdom,English,,1945,112,,,Fiction,Classic Literature,Political Satire,Allegory,Adult,No,,,Yes,Power; Corruption; Revolution,Satirical; Thought-provoking,Talking Animals,Classics; Political Fiction,No,No,Secondary,Classic Literature,Classic Recommendation,Beginner,1984; Brave New World,A timeless political satire that remains remarkably relevant.,George Orwell's allegorical masterpiece critiques power and corruption.,All animals are equal... or are they?,Classics That Still Matter Today,January,,,,,Yes,Modern Classic,Multiple Adaptations,Extremely High,Extremely High,,
Angels & Demons,,Dan Brown,Male,United States,English,,2000,616,,,Fiction,Thriller,Mystery,Conspiracy Thriller,Adult,Yes,Robert Langdon,1,No,Religion; Science; Secret Societies,Fast-paced; Suspenseful,Treasure Hunt,Dan Brown; Robert Langdon,No,No,Secondary,Robert Langdon Series,Thriller Recommendation,Beginner,The Da Vinci Code; The Lost Symbol,"A thrilling race against time through science, religion and history.",Dan Brown's Robert Langdon debut remains one of his most exciting novels.,The conspiracy starts here.,Dan Brown Books in Order,September,,,,,Yes,International Bestseller,Film Adaptation,Very High,Very High,,
Ancient India,,R. C. Majumdar,Male,India,English,,1977,400,,,Non-fiction,Indian History,Ancient History,Academic History,Adult,No,,,Yes,Civilization; Culture; Ancient India,Informative; Scholarly,Historical Survey,Ancient India; Indian History,No,No,Secondary,Indian History Essentials,History Recommendation,Advanced,Early India; The Wonder That Was India,A respected overview of ancient India's political and cultural history.,R. C. Majumdar's work remains a valuable historical reference.,Looking beyond mythology into history.,Essential Books on Ancient India,August,,,,,Yes,Academic Classic,No,Low,Moderate,,
An Atlas of Impossible Longing,,Anuradha Roy,Female,India,English,,2008,304,,,Fiction,Literary Fiction,Historical Fiction,Family Saga,Adult,No,,,Yes,Love; History; Family,Atmospheric; Reflective,Generational Story,Indian Literary Fiction,Yes,Yes,Primary,Indian Literary Fiction,Literary Recommendation,Intermediate,Latitudes of Longing; The God of Small Things,"A beautifully written novel about family, history and longing.",Anuradha Roy blends intimate storytelling with India's changing landscape.,Some places never leave your heart.,Beautiful Indian Literary Fiction,June,,,,,Yes,Critically Acclaimed,No,Moderate,High,,
Ahalya (The Sati Series I),,Koral Das Gupta,Female,India,English,,2016,220,,,Fiction,Mythological Fiction,Historical Fiction,Mythology Retelling,Adult,Yes,The Sati Series,1,No,Ahalya; Redemption; Womanhood,Emotional; Reflective,Forgotten Women,Ahalya; Indian Mythology,Yes,Yes,Primary,Women of Indian Mythology,Mythology Recommendation,Beginner,Ahalya's Awakening; Sita's Sister,A compassionate retelling of one of mythology's most misunderstood women.,Koral Das Gupta begins the acclaimed Sati Series with Ahalya's story.,Was Ahalya ever truly heard?,Forgotten Women of Indian Mythology,July,,,,,Yes,Critically Acclaimed,No,Moderate,High,,
A Man Called Ove,,Fredrik Backman,Male,Sweden,Swedish,Henning Koch,2012,337,,,Fiction,Contemporary Fiction,Literary Fiction,Feel-good Fiction,Adult,No,,,Yes,Grief; Friendship; Community,Heartwarming; Emotional,Grumpy Hero,Feel-good; Swedish Literature,No,No,Secondary,Feel-good Fiction,Emotional Read Recommendation,Beginner,My Friends; The Reading List,A heartwarming novel proving it's never too late for friendship.,Fredrik Backman's beloved story balances humour with heartbreak.,The grumpiest man might steal your heart.,Feel-good Books That Make You Cry,February,,,,,Yes,International Bestseller,Film Adaptation,Extremely High,Extremely High,,
A Fine Balance,,Rohinton Mistry,Male,India,English,,1995,624,,,Fiction,Literary Fiction,Historical Fiction,Family Saga,Adult,No,,,Yes,Emergency; Poverty; Friendship,Emotional; Powerful,Interwoven Lives,Indian Literary Fiction,No,No,Secondary,Indian Literary Classics,Literary Recommendation,Advanced,The Lives of Others; Half the Night Is Gone,A sweeping masterpiece set during India's Emergency.,Rohinton Mistry captures hope and suffering with extraordinary compassion.,One of India's greatest novels.,Indian Literary Classics Everyone Should Read,August,,,,,Yes,Oprah Book Club Pick,No,High,Very High,,
A Burning,,Megha Majumdar,Female,India,English,,2020,304,,,Fiction,Literary Fiction,Political Fiction,Contemporary Fiction,Adult,No,,,Yes,Justice; Class; Politics,Fast-paced; Emotional,Multiple POV,Contemporary Indian Fiction,Yes,Yes,Primary,Contemporary Indian Fiction,Literary Recommendation,Beginner,Serious Men; The White Tiger,"A sharp novel exploring justice, class and politics in modern India.","Megha Majumdar's debut is fast-paced, intelligent and unforgettable.",One accusation can destroy everything.,Contemporary Indian Fiction,April,,,,,Yes,International Bestseller,No,High,High,,
"84, Charing Cross Road",,Helene Hanff,Female,United States,English,,1970,112,,,Non-fiction,Memoir,Letters,Epistolary,Adult,No,,,Yes,Books; Friendship; Literature,Warm; Nostalgic,Letter Exchange,Books About Books,Yes,Yes,Primary,Books About Books,Book Lover Recommendation,Beginner,The Reading List; Days at the Morisaki Bookshop,A charming collection of letters celebrating books and friendship.,A timeless love letter to readers and independent bookshops.,Every book lover should read this once.,Books About Bookshops & Reading,April,,,,,Yes,Modern Classic,Film Adaptation,High,Very High,,
1984,,George Orwell,Male,United Kingdom,English,,1949,328,,,Fiction,Dystopian Fiction,Classic Literature,Political Fiction,Adult,No,,,Yes,Surveillance; Freedom; Totalitarianism,Dark; Thought-provoking,Oppressive Government,Dystopian Classics,No,No,Secondary,Dystopian Classics,Classic Recommendation,Intermediate,Animal Farm; Fahrenheit 451,One of the greatest dystopian novels ever written.,George Orwell's vision of surveillance and authoritarianism remains chillingly relevant.,Big Brother is still watching.,Dystopian Classics Everyone Should Read,January,,,,,Yes,Modern Classic,Multiple Adaptations,Extremely High,Extremely High,,
Origin,,Dan Brown,Male,United States,English,,2017,461,,,Fiction,Thriller,Mystery,Conspiracy Thriller,Adult,Yes,Robert Langdon,5,No,Science; Religion; Technology,Fast-paced; Suspenseful,Treasure Hunt,Dan Brown; Robert Langdon,No,No,Secondary,Robert Langdon Series,Thriller Recommendation,Beginner,Angels & Demons; Inferno,"Dan Brown explores science, religion and humanity's greatest questions.",Another addictive Robert Langdon adventure packed with puzzles.,What if science answered humanity's biggest question?,Best Dan Brown Books,September,,,,,Yes,International Bestseller,No,Very High,Very High,,
The Lost Symbol,,Dan Brown,Male,United States,English,,2009,528,,,Fiction,Thriller,Mystery,Conspiracy Thriller,Adult,Yes,Robert Langdon,3,No,Freemasonry; Secrets; History,Fast-paced; Suspenseful,Treasure Hunt,Dan Brown; Robert Langdon,No,No,Secondary,Robert Langdon Series,Thriller Recommendation,Beginner,Angels & Demons; Origin,"A mystery centred around Freemasonry, hidden knowledge and history.",Robert Langdon uncovers secrets buried within Washington D.C.,History hides its biggest secrets in plain sight.,Robert Langdon Books Ranked,September,,,,,Yes,International Bestseller,TV Adaptation,High,High,,
Digital Fortress,,Dan Brown,Male,United States,English,,1998,384,,,Fiction,Techno Thriller,Suspense,Cyber Thriller,Adult,No,,,Yes,Cryptography; NSA; Technology,Fast-paced; Tense,Hacker Thriller,Techno Thriller; Cyber Crime,No,Yes,Secondary,Tech Thrillers,Thriller Recommendation,Beginner,Project Hail Mary; Shadow Play,Dan Brown's techno-thriller about cryptography and government surveillance.,"A fast-paced story of codebreaking, secrets and impossible choices.","Before AI thrillers, there was this.",Best Techno Thrillers,October,,,,,Yes,Bestseller,No,Moderate,Moderate,,
The Queen's Secret,,Melissa de la Cruz,Female,United States,English,,2020,320,,,Fiction,Fantasy,Young Adult Fantasy,Court Fantasy,Young Adult,Yes,Queen's Secret Saga,2,No,Magic; Loyalty; Power,Fast-paced; Adventurous,Hidden Identity,YA Fantasy; Royal Intrigue,Yes,Yes,Primary,YA Fantasy,Fantasy Recommendation,Beginner,The Queen's Assassin; Red Queen,A magical royal fantasy filled with secrets and rebellion.,A princess discovers dangerous truths that could reshape her kingdom.,Every queen has a secret worth killing for.,Underrated YA Fantasy Books,October,,,,,Yes,No,No,Moderate,Moderate,,
The Queen's Assassin,,Melissa de la Cruz,Female,United States,English,,2020,400,,,Fiction,Fantasy,Young Adult Fantasy,Court Fantasy,Young Adult,Yes,Queen's Secret Saga,1,No,Assassins; Magic; Romance,Action-packed; Adventurous,Assassin Romance,YA Fantasy; Assassins,Yes,Yes,Primary,YA Fantasy,Fantasy Recommendation,Beginner,Divine Rivals; The Queen's Secret,"A thrilling blend of court intrigue, romance and assassins.",An assassin and a future queen become unlikely allies.,Would you trust the person sent to kill you?,Assassin Fantasy Books,October,,,,,Yes,Bestseller,No,Moderate,High,,
The Krishna Key,,Ashwin Sanghi,Male,India,English,,2012,432,,,Fiction,Thriller,Mythological Thriller,Conspiracy Thriller,Adult,No,,,Yes,Krishna; Secrets; History,Fast-paced; Suspenseful,Treasure Hunt,Indian Thriller; Krishna,No,No,Secondary,Indian Mythological Thrillers,Thriller Recommendation,Beginner,Chanakya's Chant; The Rozabal Line,A gripping thriller where mythology meets modern conspiracy.,Ashwin Sanghi combines ancient secrets with relentless suspense.,What if Krishna left behind a secret code?,Best Indian Mythological Thrillers,August,,,,,Yes,Bestseller,Film Rights,High,High,,
The Sialkot Saga,,Ashwin Sanghi,Male,India,English,,2016,592,,,Fiction,Historical Fiction,Family Saga,Business Fiction,Adult,No,,,Yes,Partition; Business; Legacy,Epic; Engaging,Multi-generational Story,Indian Historical Fiction,No,No,Secondary,Partition Fiction,Historical Fiction Recommendation,Intermediate,A Fine Balance; The Golden Son,An epic family saga spanning Partition and modern India.,"A sweeping novel of ambition, identity and legacy.",One family. Two nations. Generations of history.,Books on India's Partition,August,,,,,Yes,Bestseller,No,Moderate,High,,
Elektra,,Jennifer Saint,Female,United Kingdom,English,,2022,368,,,Fiction,Mythological Fiction,Greek Mythology,Retelling,Adult,No,,,Yes,Elektra; Clytemnestra; Troy,Emotional; Epic,Multiple Women POV,Greek Mythology; Feminist Retelling,Yes,Yes,Primary,Greek Mythology Retellings,Mythology Recommendation,Beginner,Ariadne; Clytemnestra,A powerful retelling through the women of the Trojan War.,Jennifer Saint gives voice to the women history overlooked.,Was Elektra a heroine or a villain?,Women of Greek Mythology,June,,,,,Yes,Bestseller,No,High,Very High,,
Hekate,,Nikita Gill,Female,United Kingdom,English,,2024,320,,,Fiction,Mythological Fiction,Poetry,Feminist Retelling,Adult,No,,,Yes,Hecate; Magic; Womanhood,Lyrical; Reflective,Goddess Retelling,Greek Mythology; Poetry,Yes,Yes,Primary,Greek Mythology,Mythology Recommendation,Intermediate,Divine Might; Pandora's Jar,A lyrical reimagining of the goddess of magic and crossroads.,Nikita Gill celebrates feminine power through myth and poetry.,Meet the goddess history feared.,Goddesses of Greek Mythology,October,,,,,Yes,Bestseller,No,Moderate,High,,
The Quest,,Wilbur Smith,Male,South Africa,English,,2007,624,,,Fiction,Historical Adventure,Historical Fiction,Ancient Egypt Fiction,Adult,Yes,Ancient Egypt Series,4,No,Adventure; Egypt; Survival,Epic; Action-packed,Quest Narrative,Ancient Egypt; Adventure,No,No,Secondary,Historical Adventure,Adventure Recommendation,Intermediate,River God; Warlock,A grand historical adventure set in ancient Egypt.,"Wilbur Smith delivers action, history and unforgettable landscapes.",Travel back to ancient Egypt through fiction.,Historical Adventure Novels,September,,,,,Yes,Bestseller,No,Moderate,Moderate,,
The Little Coffee Shop of Kabul,,Deborah Rodriguez,Female,United States,English,,2012,320,,,Fiction,Women's Fiction,Contemporary Fiction,International Fiction,Adult,No,,,Yes,Friendship; Afghanistan; Women,Warm; Emotional,Found Family,Afghanistan; Women's Fiction,Yes,Yes,Primary,International Women's Fiction,Emotional Recommendation,Beginner,A Thousand Splendid Suns; The Stationery Shop,A heartwarming story of friendship and resilience in Afghanistan.,Five women find hope inside a tiny Kabul café.,Sometimes healing begins over coffee.,Books Set in Afghanistan,March,,,,,Yes,International Bestseller,No,Moderate,High,,
The Last Knot,,Shabir Ahmad Mir,Male,India,English,,2023,300,,,Fiction,Literary Fiction,Contemporary Fiction,Kashmir Fiction,Adult,No,,,Yes,Kashmir; Memory; Identity,Reflective; Emotional,Family Drama,Kashmiri Literature,No,No,Secondary,Kashmir Literature,Literary Recommendation,Intermediate,Kashmir; The Far Field,A moving story rooted in Kashmir's history and memories.,"An emotional exploration of loss, belonging and identity.",Kashmir through the eyes of its people.,Books Set in Kashmir,August,,,,,Yes,Critically Acclaimed,No,Low,Moderate,,
Rooh,,Manav Kaul,Male,India,Hindi,Various,2020,240,,,Fiction,Literary Fiction,Contemporary Fiction,Short Stories,Adult,No,,,Yes,Loneliness; Love; Human Emotions,Quiet; Reflective,Slice of Life,Hindi Literature,No,No,Secondary,Contemporary Indian Literature,Literary Recommendation,Beginner,Stori; A Bird on My Windowsill,A gentle exploration of human emotions and relationships.,"Manav Kaul writes with simplicity, warmth and introspection.",Some books whisper instead of shout.,Quiet Literary Reads,February,,,,,Yes,Bestseller,No,Moderate,High,,
The Fury,,Alex Michaelides,Male,Cyprus,English,,2024,320,,,Fiction,Psychological Thriller,Mystery,Domestic Thriller,Adult,No,,,Yes,Secrets; Murder; Betrayal,Twisty; Suspenseful,Unreliable Narrator,Thriller; Mystery,No,Yes,Secondary,Psychological Thrillers,Thriller Recommendation,Beginner,Never Lie; The Silent Patient,A twist-filled psychological thriller from Alex Michaelides.,Friends gather on a private island where nothing is what it seems.,Everyone has a version of the truth.,Psychological Thrillers with Twists,October,,,,,Yes,Bestseller,Film Rights,Very High,Very High,,
The Scent of Fallen Stars,,Aishwarya Jha,Female,India,English,,2024,300,,,Fiction,Contemporary Fiction,Literary Fiction,Romance,Adult,No,,,Yes,Love; Dreams; Healing,Emotional; Gentle,Character-driven,Indian Fiction,Yes,Yes,Primary,Indian Contemporary Fiction,Romance Recommendation,Beginner,Promise Me Sunshine; Talking at Night,"A tender novel about healing, love and finding yourself again.",A contemporary story blending romance with emotional growth.,Some scars shine brighter than stars.,Emotional Indian Romance Books,February,,,,,Yes,New Release,No,Moderate,Moderate,,
A Bird on My Windowsill,,Manav Kaul,Male,India,Hindi,Various,2021,200,,,Fiction,Literary Fiction,Essays,Reflective Writing,Adult,No,,,Yes,Everyday Life; Memories,Thoughtful; Gentle,Personal Reflections,Hindi Literature,No,No,Secondary,Literary Essays,Reflective Reading,Beginner,Rooh; Rumi's Little Book of Life,A collection of thoughtful reflections on everyday life.,Manav Kaul captures beauty in ordinary moments.,Slow down and notice the little things.,Books That Feel Like Therapy,January,,,,,Yes,Bestseller,No,Moderate,Moderate,,
The Woman in the Wood,,Lesley Pearse,Female,United Kingdom,English,,2020,432,,,Fiction,Historical Fiction,Mystery,Women's Fiction,Adult,No,,,Yes,Secrets; Survival; Family,Emotional; Atmospheric,Hidden Past,Historical Fiction,Yes,Yes,Primary,Historical Mystery,Mystery Recommendation,Intermediate,The Last House on Needless Street; The Innocent Wife,A compelling mystery layered with family secrets.,Lesley Pearse blends historical fiction with emotional suspense.,Some forests never reveal all their secrets.,Historical Mystery Books,October,,,,,Yes,Bestseller,No,Moderate,Moderate,,
The Time Traveler's Wife,,Audrey Niffenegger,Female,United States,English,,2003,560,,,Fiction,Romance,Science Fiction,Time Travel Romance,Adult,No,,,Yes,Love; Time; Fate,Emotional; Bittersweet,Time Travel Romance,Romance; Sci-Fi,Yes,Yes,Primary,Time Travel Romance,Romance Recommendation,Intermediate,The Seven Year Slip; Before the Coffee Gets Cold,One of the most unforgettable love stories ever written.,A timeless romance where love survives impossible circumstances.,What if love couldn't follow time?,Best Time Travel Romance Books,February,,,,,Yes,International Bestseller,Film & TV Adaptations,Very High,Very High,,
The Innocent Wife,,Amy Lloyd,Female,United Kingdom,English,,2018,352,,,Fiction,Psychological Thriller,Crime Fiction,Domestic Thriller,Adult,No,,,Yes,Marriage; Secrets; Crime,Dark; Suspenseful,True Crime Connection,Thriller,Yes,Yes,Primary,Psychological Thrillers,Thriller Recommendation,Beginner,Rock Paper Scissors; Gone Girl,A chilling thriller about obsession and dangerous truths.,A woman marries a man convicted of murder—then doubts everything.,Would you marry someone accused of murder?,Domestic Thrillers,October,,,,,Yes,Bestseller,No,High,High,,
Harem,,Barbara Nadel,Female,United Kingdom,English,,2012,432,,,Fiction,Historical Fiction,Women's Fiction,Ottoman Fiction,Adult,No,,,Yes,Women; Empire; Survival,Rich; Atmospheric,Historical Drama,Ottoman History,Yes,No,Secondary,International Crime Fiction,Crime Recommendation,Intermediate,The Widows of Malabar Hill; The Devotion of Suspect X,A richly atmospheric detective novel set in Turkey.,Barbara Nadel combines mystery with cultural depth.,Crime fiction with an unforgettable setting.,International Detective Fiction,September,,,,,Yes,Award-winning Series,No,Low,Moderate,,
Brida,,Paulo Coelho,Male,Brazil,Portuguese,Various,1990,272,,,Fiction,Spiritual Fiction,Magical Realism,Philosophical Fiction,Adult,No,,,Yes,Destiny; Love; Spirituality,Reflective; Mystical,Spiritual Journey,Paulo Coelho,No,Yes,Secondary,Spiritual Fiction,Spiritual Recommendation,Beginner,The Alchemist; Autobiography of a Yogi,"A philosophical novel about destiny, love and self-discovery.",Paulo Coelho blends spirituality with magical realism.,Sometimes the greatest journey is inward.,Paulo Coelho Books Ranked,January,,,,,Yes,International Bestseller,No,High,Very High,,
A Perilous Pal,,Laura Bradford,Female,United States,English,,2023,288,,,Fiction,Cozy Mystery,Mystery,Small-town Mystery,Adult,Yes,Amish Mystery Series,Multiple,No,Friendship; Mystery,Cozy; Light,Amateur Sleuth,Cozy Mystery,Yes,Yes,Primary,Cozy Mysteries,Cozy Mystery Recommendation,Beginner,The Proof Is in the Poison; Finlay Donovan Is Killing It,A charming mystery filled with friendship and amateur sleuthing.,A cozy whodunit perfect for light mystery lovers.,Cozy mysteries are the perfect comfort reads.,Cozy Mystery Recommendations,November,,,,,Yes,Series Favorite,No,Moderate,Moderate,,
The Proof Is in the Poison,,Diane Kelly,Female,United States,English,,2021,304,,,Fiction,Cozy Mystery,Crime Fiction,Culinary Mystery,Adult,Yes,House-Flipper Mystery,5,No,Mystery; Community,Light; Entertaining,Amateur Detective,Cozy Mystery,Yes,Yes,Primary,Cozy Mysteries,Cozy Mystery Recommendation,Beginner,A Perilous Pal; Arsenic and Adobo,A fun and witty mystery with plenty of laughs.,Diane Kelly delivers another entertaining amateur sleuth adventure.,Murder has never been this cozy.,Best Cozy Mystery Series,November,,,,,Yes,Series Bestseller,No,Moderate,Moderate,,
Bleachers,,John Grisham,Male,United States,English,,2003,176,,,Fiction,Contemporary Fiction,Sports Fiction,Small-town Drama,Adult,No,,,Yes,Redemption; Friendship; Nostalgia,Reflective; Emotional,Returning Home,Sports Fiction; John Grisham,No,No,Secondary,Sports Fiction,Emotional Fiction Recommendation,Beginner,A Man Called Ove; Friday Night Lights,A heartfelt novel about second chances and hometown memories.,Former football teammates reunite to confront old regrets and lasting friendships.,Sometimes going home is the hardest journey.,Books About Friendship & Redemption,September,,,,,Yes,Bestseller,No,Low,Moderate,,
Buddha,A Story of Enlightenment,Deepak Chopra,Male,India,English,,2007,336,,,Fiction,Spiritual Fiction,Historical Fiction,Philosophical Fiction,Adult,No,,,Yes,Enlightenment; Compassion; Spirituality,Reflective; Inspirational,Spiritual Journey,Buddha; Spiritual Fiction,No,No,Secondary,Spiritual Fiction,Spiritual Recommendation,Beginner,Siddhartha; Autobiography of a Yogi,A thoughtful fictional retelling of the Buddha's path to enlightenment.,Deepak Chopra reimagines the life of Gautama Buddha with compassion and wisdom.,The journey from prince to enlightened teacher.,Books on Buddha & Spirituality,May,,,,,Yes,International Bestseller,No,High,High,,
Chowringhee,,Sankar,Male,India,Bengali,Arunava Sinha,1962,432,,,Fiction,Literary Fiction,Classic Literature,Bengali Classic,Adult,No,,,Yes,Society; Ambition; Kolkata,Atmospheric; Reflective,Interconnected Lives,Bengali Literature; Kolkata,No,No,Secondary,Indian Literary Classics,Classic Recommendation,Intermediate,City of Djinns; The Great Indian Novel,A timeless portrait of Kolkata through the lives inside a luxury hotel.,"Sankar's Bengali classic captures ambition, love and society in post-independence India.",Every hotel room hides a story.,Bengali Classics Everyone Should Read,June,,,,,Yes,Classic Bestseller,Film Adaptation,Moderate,High,,
The Iliad,,Nick McCarty,Male,United States,English,,2022,320,,,Fiction,Mythological Fiction,Historical Fiction,Greek Mythology Retelling,Adult,No,,,Yes,Trojan War; Honor; Heroism,Epic; Action-packed,War Epic,Greek Mythology,No,No,Secondary,Greek Mythology,Mythology Recommendation,Intermediate,The Song of Achilles; The Odyssey,A modern retelling of one of history's greatest war epics.,The Trojan War comes alive through heroic battles and unforgettable legends.,"Before every myth, there was a war.",Greek Mythology Starter Books,June,,,,,Yes,Modern Retelling,No,Moderate,High,,
My Sister's Keeper,,Jodi Picoult,Female,United States,English,,2004,432,,,Fiction,Contemporary Fiction,Family Drama,Medical Fiction,Adult,No,,,Yes,Family; Ethics; Sacrifice,Emotional; Heartbreaking,Moral Dilemma,Family Fiction,Yes,Yes,Primary,Family Drama,Emotional Read Recommendation,Intermediate,The Fault in Our Stars; Me Before You,"A heartbreaking novel about love, family and impossible choices.","Jodi Picoult explores ethics, sacrifice and what it truly means to love someone.",What would you sacrifice for your family?,Books That Will Make You Cry,February,,,,,Yes,International Bestseller,Film Adaptation,Very High,Very High,,
The Apothecary,,Maile Meloy,Female,United States,English,,2011,368,,,Fiction,Historical Fantasy,Young Adult,Adventure,Young Adult,Yes,The Apothecary Trilogy,1,No,Magic; Cold War; Adventure,Fast-paced; Magical,Secret Mission,YA Fantasy,Yes,Yes,Primary,YA Historical Fantasy,Fantasy Recommendation,Beginner,The Golden Compass; A Deadly Education,A magical Cold War adventure filled with secrets and danger.,A young girl joins an extraordinary quest involving ancient alchemy.,History becomes magical in this unforgettable adventure.,Underrated YA Fantasy,October,,,,,Yes,Award Winner,No,Moderate,Moderate,,
Sea of Poppies,,Amitav Ghosh,Male,India,English,,2008,560,,,Fiction,Historical Fiction,Literary Fiction,Colonial Fiction,Adult,Yes,Ibis Trilogy,1,No,Colonial India; Migration; Opium Trade,Epic; Richly Layered,Ensemble Cast,Indian Historical Fiction,No,Yes,Secondary,Indian Historical Fiction,Historical Fiction Recommendation,Advanced,A Fine Balance; The Covenant of Water,A sweeping historical epic set during the opium trade.,Amitav Ghosh begins the magnificent Ibis Trilogy with unforgettable characters.,One ship. Countless destinies.,Best Indian Historical Fiction,August,,,,,Yes,Booker Prize Shortlisted,No,High,High,,
The Bankster,,Ravi Subramanian,Male,India,English,,2012,360,,,Fiction,Thriller,Financial Thriller,Corporate Fiction,Adult,No,,,Yes,Banking; Corruption; Corporate Crime,Fast-paced; Suspenseful,Corporate Conspiracy,Indian Thriller,No,No,Secondary,Indian Thrillers,Thriller Recommendation,Beginner,The Silent Patient; The Kind Worth Killing,A gripping financial thriller exposing corruption and corporate greed.,Ravi Subramanian blends banking scandals with page-turning suspense.,Trust no one when money is involved.,Indian Corporate Thrillers,September,,,,,Yes,Bestseller,No,Moderate,Moderate,,
The Rule of Three,,Sam Ripley,Male,United Kingdom,English,,2018,432,,,Fiction,Thriller,Crime Fiction,Psychological Thriller,Adult,No,,,Yes,Revenge; Secrets; Justice,Tense; Suspenseful,Cat-and-Mouse,Crime Thriller,No,Yes,Secondary,Crime Thrillers,Thriller Recommendation,Intermediate,Rock Paper Scissors; The Fury,A tense psychological thriller driven by revenge and buried secrets.,Three people become trapped in a deadly game where everyone has something to hide.,Three people. One deadly secret.,Psychological Thrillers You Can't Predict,October,,,,,Yes,Critically Acclaimed,No,Moderate,Moderate,,
Mahabharata Unravelled Part 2,,Ami Ganatra,Female,India,English,,2021,400,,,Non-fiction,Indian Mythology,Hindu Scriptures,Mythological Analysis,Adult,Yes,Mahabharata Unravelled,2,No,Mahabharata; Dharma; Philosophy,Informative; Engaging,Myth Explained,Mahabharata; Indian Mythology,Yes,No,Secondary,Indian Mythology,Mythology Recommendation,Intermediate,Jaya; Yuganta,A deeper exploration of Mahabharata's overlooked lessons and characters.,"Ami Ganatra explains complex events through logic, context and scripture.",The Mahabharata is more relevant than ever.,Mahabharata Books Beyond Retellings,July,,,,,Yes,Bestseller,No,High,Very High,,
The Untold Story of Sita,,Dena Merriam,Female,United States,English,,2022,352,,,Non-fiction,Indian Mythology,Spirituality,Mythological Study,Adult,No,,,Yes,Sita; Ramayana; Divine Feminine,Reflective; Spiritual,Women's Perspective,Ramayana; Sita,Yes,Yes,Primary,Women of Indian Mythology,Mythology Recommendation,Intermediate,Sita's Sister; The Liberation of Sita,A spiritual exploration of Sita beyond the traditional narrative.,"Dena Merriam presents Sita as a symbol of strength, wisdom and divine purpose.",Was Sita stronger than we ever imagined?,Books About Sita,July,,,,,Yes,Critically Acclaimed,No,Moderate,High,,
Remarkable Creatures,,Tracy Chevalier,Female,United Kingdom,English,,2009,336,,,Fiction,Historical Fiction,Literary Fiction,Biographical Fiction,Adult,No,,,Yes,Fossils; Friendship; Science,Inspiring; Reflective,Based on True Story,Historical Fiction,Yes,Yes,Primary,Historical Fiction,Historical Fiction Recommendation,Beginner,Lessons in Chemistry; The Signature of All Things,The inspiring true story of two women who changed science forever.,"Tracy Chevalier celebrates friendship, fossils and forgotten female pioneers.",The women history forgot changed science forever.,Historical Fiction About Real Women,March,,,,,Yes,Bestseller,No,Moderate,High,,
Heads You Win,,Jeffrey Archer,Male,United Kingdom,English,,2018,432,,,Fiction,Contemporary Fiction,Historical Fiction,Family Saga,Adult,No,,,Yes,Identity; Fate; Ambition,Engaging; Fast-paced,Alternate Lives,Jeffrey Archer,No,No,Secondary,Family Saga,Literary Recommendation,Beginner,Kane and Abel; The Sialkot Saga,A fascinating novel exploring how one decision can change an entire life.,Jeffrey Archer tells two parallel lives shaped by a single twist of fate.,What if one choice changed everything?,Jeffrey Archer Books Ranked,September,,,,,Yes,International Bestseller,No,Moderate,High,,
If Tomorrow Comes,,Sidney Sheldon,Male,United States,English,,1985,416,,,Fiction,Thriller,Crime Fiction,Heist Thriller,Adult,No,,,Yes,Revenge; Justice; Survival,Fast-paced; Entertaining,Con Artist,Classic Thriller,No,Yes,Secondary,Classic Thrillers,Thriller Recommendation,Beginner,The Count of Monte Cristo; The Kind Worth Killing,A classic revenge thriller featuring one of Sidney Sheldon's smartest heroines.,Tracy Whitney transforms from victim to brilliant con artist.,She lost everything... then planned the perfect revenge.,Sidney Sheldon Books to Start With,October,,,,,Yes,International Bestseller,TV Adaptation,High,High,,
Maximum Ride,,James Patterson,Male,United States,English,,2005,432,,,Fiction,Young Adult,Science Fiction,Dystopian Adventure,Young Adult,Yes,Maximum Ride,1,No,Survival; Experiments; Found Family,Fast-paced; Action-packed,Chosen One,YA Sci-Fi,No,Yes,Secondary,YA Science Fiction,YA Recommendation,Beginner,The Hunger Games; Iron Widow,A thrilling adventure about genetically engineered children fighting for freedom.,James Patterson launches an action-packed dystopian series.,Kids with wings. A world hunting them.,Best YA Sci-Fi Series,November,,,,,Yes,Bestseller,Film in Development,High,High,,
On Earth We're Briefly Gorgeous,,Ocean Vuong,Male,United States,English,,2019,256,,,Fiction,Literary Fiction,Coming-of-Age,LGBTQ+ Fiction,Adult,No,,,Yes,Identity; Family; Memory,Poetic; Emotional,Epistolary,Literary Fiction,No,No,Secondary,Literary Fiction,Literary Recommendation,Advanced,Real Life; Shuggie Bain,"A breathtaking novel about identity, family and love.",Ocean Vuong writes a deeply personal letter exploring memory and belonging.,Every sentence feels like poetry.,Modern Literary Masterpieces,April,,,,,Yes,Award-winning,No,High,Very High,,
The Vegetarian,,Han Kang,Female,South Korea,Korean,Deborah Smith,2007,192,,,Fiction,Literary Fiction,Psychological Fiction,Korean Literature,Adult,No,,,Yes,Identity; Violence; Freedom,Disturbing; Thought-provoking,Body Horror,Korean Literature,Yes,Yes,Primary,Korean Literary Fiction,Literary Recommendation,Advanced,"Kim Jiyoung, Born 1982; Butter","A haunting novel questioning identity, violence and societal expectations.",Han Kang's International Booker-winning novel is unforgettable and unsettling.,The book everyone talks about—but few forget.,Korean Literary Fiction,April,,,,,Yes,International Booker Prize Winner,Film Adaptation,Very High,Very High,,
The Fault in Our Stars,,John Green,Male,United States,English,,2012,313,,,Fiction,Young Adult,Romance,Contemporary Fiction,Young Adult,No,,,Yes,Love; Illness; Hope,Emotional; Heartbreaking,Terminal Illness,YA Romance,No,Yes,Secondary,YA Romance,Romance Recommendation,Beginner,Five Feet Apart; You've Reached Sam,A heartbreaking romance that celebrates life despite loss.,John Green's beloved novel remains one of YA's defining love stories.,Some stories stay with you forever.,YA Books That Will Break Your Heart,February,,,,,Yes,International Bestseller,Film Adaptation,Extremely High,Extremely High,,
All the Light We Cannot See,,Anthony Doerr,Male,United States,English,,2014,544,,,Fiction,Historical Fiction,Literary Fiction,WWII Fiction,Adult,No,,,Yes,War; Humanity; Survival,Beautiful; Emotional,Dual Timeline,World War II Fiction,No,Yes,Secondary,World War II Fiction,Historical Fiction Recommendation,Intermediate,The Book Thief; The Nightingale,A beautifully written novel about hope during the darkest of times.,Anthony Doerr weaves together two unforgettable lives during World War II.,One of the finest historical novels ever written.,Best World War II Novels,August,,,,,Yes,Pulitzer Prize Winner,Netflix Adaptation,High,Very High,,
A Gentleman in Moscow,,Amor Towles,Male,United States,English,,2016,462,,,Fiction,Historical Fiction,Literary Fiction,Character-driven Fiction,Adult,No,,,Yes,Friendship; Resilience; History,Elegant; Reflective,Confined Setting,Literary Fiction; Russia,No,No,Secondary,Literary Fiction,Comfort Read Recommendation,Intermediate,The Remains of the Day; The Lincoln Highway,"An elegant novel celebrating resilience, friendship and finding meaning in confinement.",Amor Towles crafts one of modern literature's most charming protagonists.,A man confined to a hotel lives an extraordinary life.,Books That Feel Like Slow Living,January,,,,,Yes,International Bestseller,TV Adaptation,High,Very High,,
Sapiens: A Brief History of Humankind,,Yuval Noah Harari,Male,Israel,Hebrew,,2011,498,,,Non-fiction,History,Anthropology,Popular Science,Adult,No,,,Yes,Human Evolution; Civilization; Society,Thought-provoking; Informative,Big History,History; Anthropology; Civilization,No,No,Secondary,History & Civilization,History Recommendation,Intermediate,"Homo Deus; Guns, Germs, and Steel",A fascinating journey through the history of humankind.,"Yuval Noah Harari explains how humans shaped the modern world through culture, science and belief.",The book that changes how you see humanity.,Best History Books Everyone Should Read,January,,,,,Yes,International Bestseller,No,Extremely High,Extremely High,,
Atomic Habits: An Easy & Proven Way to Build Good Habits & Break Bad Ones,,James Clear,Male,United States,English,,2018,320,,,Non-fiction,Self-help,Personal Development,Productivity,Adult,No,,,Yes,Habits; Success; Self-improvement,Practical; Motivational,Habit Building,Self-help; Productivity,No,No,Secondary,Self-help Essentials,Productivity Recommendation,Beginner,The Power of Habit; Deep Work,One of the most practical books ever written on building better habits.,James Clear provides simple systems for lasting personal improvement.,Tiny habits. Massive life changes.,Best Self-help Books That Actually Work,January,,,,,Yes,Global Bestseller,No,Extremely High,Extremely High,,
Fifty Shades of Grey,Fifty Shades #1,E. L. James,Female,United Kingdom,English,,2011,514,,,Fiction,Romance,Contemporary Fiction,Erotic Romance,Adult,Yes,Fifty Shades,1,No,Desire; Relationships; Power Dynamics,Steamy; Dramatic,Billionaire Romance,Romance; Contemporary,Yes,Yes,Primary,Contemporary Romance,Romance Recommendation,Beginner,Bared to You; Twisted Love,The novel that redefined modern commercial romance.,Anastasia Steele enters an intense relationship that transforms both their lives.,The romance novel that broke the internet.,Most Controversial Romance Books,February,,,,,Yes,International Bestseller,Film Adaptation,Very High,Very High,,
Gone Girl,,Gillian Flynn,Female,United States,English,,2012,432,,,Fiction,Psychological Thriller,Mystery,Domestic Thriller,Adult,No,,,Yes,Marriage; Deception; Revenge,Dark; Twisty,Unreliable Narrator,Thriller; Mystery,Yes,Yes,Primary,Psychological Thrillers,Thriller Recommendation,Intermediate,The Silent Patient; Rock Paper Scissors,A masterclass in unreliable narration and shocking twists.,"Gillian Flynn's iconic thriller explores marriage, manipulation and revenge.",Trust no one—not even the narrator.,Psychological Thrillers Everyone Should Read,October,,,,,Yes,International Bestseller,Film Adaptation,Extremely High,Extremely High,,
Draupadi - India's First Daughter,,Vamshi Krishna,Male,India,English,,2021,320,,,Fiction,Mythological Fiction,Historical Fiction,Mahabharata Retelling,Adult,No,,,Yes,Draupadi; Dharma; Womanhood,Emotional; Epic,Mythology Retelling,Mahabharata; Draupadi,No,Yes,Primary,Women of Indian Mythology,Mythology Recommendation,Beginner,The Palace of Illusions; Song of Draupadi,A fresh retelling celebrating Draupadi's courage and resilience.,Vamshi Krishna reimagines one of the Mahabharata's most influential women.,Was Draupadi history's strongest queen?,Books About Draupadi,July,,,,,Yes,Critically Acclaimed,No,Moderate,High,,
India's Most Fearless,True Stories of Modern Military Heroes,Shiv Aroor & Rahul Singh,Male,India,English,,2019,344,,,Non-fiction,Military History,Biography,True Stories,Adult,Yes,India's Most Fearless,1,No,Courage; Patriotism; War Heroes,Inspiring; Intense,Real-life Heroes,Indian Army; Military,No,No,Secondary,Indian Military History,Non-fiction Recommendation,Beginner,Boots Belts Berets; Kargil,Inspiring true stories of extraordinary courage from the Indian Armed Forces.,Real-life military missions told with honesty and intensity.,Real heroes. Real sacrifices.,Best Books on the Indian Army,January,,,,,Yes,National Bestseller,Web Series Inspiration,High,High,,
Chanakya's Chant,,Ashwin Sanghi,Male,India,English,,2010,396,,,Fiction,Thriller,Historical Fiction,Political Thriller,Adult,No,,,Yes,Chanakya; Politics; Power,Fast-paced; Intelligent,Dual Timeline,Indian Thriller; Chanakya,No,No,Secondary,Indian Mythological Thrillers,Thriller Recommendation,Beginner,The Krishna Key; The Rozabal Line,"Politics, history and Chanakya's wisdom collide in a gripping thriller.",Ashwin Sanghi blends ancient strategy with modern political intrigue.,What would Chanakya do today?,Best Indian Thrillers,August,,,,,Yes,Bestseller,No,High,High,,
Cracking The Code,My Journey to Bollywood,Ayushmann Khurrana,Male,India,English,,2015,272,,,Non-fiction,Memoir,Biography,Celebrity Memoir,Adult,No,,,Yes,Dreams; Success; Bollywood,Inspirational; Honest,Personal Journey,Bollywood; Memoir,No,No,Secondary,Celebrity Memoirs,Memoir Recommendation,Beginner,Unfinished; Open,Ayushmann Khurrana shares the inspiring journey behind his success.,"A candid memoir about perseverance, dreams and unconventional choices.","Before Bollywood, there was struggle.",Inspiring Celebrity Memoirs,January,,,,,Yes,Bestseller,No,Moderate,Moderate,,
Reflections of a Man,,Amari Soul,Male,United States,English,,2013,200,,,Non-fiction,Relationships,Self-help,Personal Growth,Adult,No,,,Yes,Love; Relationships; Self-worth,Reflective; Motivational,Life Lessons,Relationships; Self-help,No,No,Secondary,Relationships & Personal Growth,Self-help Recommendation,Beginner,All About Love; Everything I Know About Love,"A reflective guide to love, relationships and emotional maturity.",Amari Soul explores healthy relationships through thoughtful life lessons.,A book that starts conversations about love.,Books on Healthy Relationships,February,,,,,Yes,Bestseller,No,Very High,High,,
The Modern Break-Up,,Daniel Chidiac,Male,Australia,English,,2019,320,,,Fiction,Contemporary Fiction,Romance,Relationship Fiction,Adult,No,,,Yes,Love; Healing; Growth,Emotional; Hopeful,Second Chances,Romance; Contemporary,No,Yes,Secondary,Contemporary Romance,Emotional Read Recommendation,Beginner,Talking at Night; Promise Me Sunshine,A heartfelt novel about moving forward after heartbreak.,"Daniel Chidiac explores healing, self-love and finding hope again.",Healing begins after goodbye.,Books About Moving On,February,,,,,Yes,Popular Release,No,Moderate,Moderate,,
Boots Belts Berets,,Tanushree Podder,Female,India,English,,2022,320,,,Fiction,Military Fiction,Contemporary Fiction,Family Drama,Adult,No,,,Yes,Army Life; Family; Sacrifice,Emotional; Inspiring,Military Family,Indian Military Fiction,Yes,Yes,Primary,Indian Military Fiction,Women's Fiction Recommendation,Beginner,India's Most Fearless; The Last Knot,"A moving novel about army families, sacrifice and resilience.",Tanushree Podder gives voice to the women behind the uniform.,Behind every soldier stands an untold story.,Books About Army Families,January,,,,,Yes,Critically Acclaimed,No,Moderate,High,,
Apprenticed to a Himalayan Master,A Yogi's Autobiography,Sri M.,Male,India,English,,2010,296,,,Non-fiction,Spiritual Memoir,Autobiography,Yoga,Adult,No,,,Yes,Spiritual Journey; Guru; Meditation,Inspirational; Reflective,Personal Transformation,Spirituality; Yoga,No,No,Secondary,Spiritual Memoirs,Spiritual Recommendation,Intermediate,Autobiography of a Yogi; The Secret Letters of the Monk Who Sold His Ferrari,An inspiring memoir of spiritual discovery in the Himalayas.,Sri M. recounts an extraordinary journey guided by his Himalayan master.,A real-life spiritual adventure.,Books for Spiritual Growth,January,,,,,Yes,Bestseller,No,High,High,,
A Hundred Little Flames,,Preeti Shenoy,Female,India,English,,2017,288,,,Fiction,Contemporary Fiction,Family Drama,Indian Fiction,Adult,No,,,Yes,Family; Memory; Relationships,Warm; Emotional,Grandparent-Grandchild Bond,Indian Fiction,Yes,Yes,Primary,Contemporary Indian Fiction,Emotional Read Recommendation,Beginner,Before We Visit the Goddess; The Namesake,"A tender novel celebrating family, memory and unconditional love.",Preeti Shenoy tells a moving story of a grandson reconnecting with his grandfather.,Some relationships deserve a second chance.,Emotional Indian Fiction,April,,,,,Yes,Bestseller,No,High,High,,
Train to Pakistan,,Khushwant Singh,Male,India,English,,1956,288,,,Fiction,Historical Fiction,Partition Literature,Literary Fiction,Adult,No,,,Yes,Partition; Humanity; Violence,Powerful; Emotional,Village Setting,Partition Literature,No,Yes,Secondary,Partition Literature,Historical Fiction Recommendation,Intermediate,Tamas; Ice-Candy Man,One of the most powerful novels ever written about India's Partition.,Khushwant Singh captures humanity amid unimaginable violence.,"If you read one Partition novel, make it this.",Essential Partition Books,August,,,,,Yes,Modern Classic,Film Adaptation,High,Very High,,
A Thousand Splendid Suns,,Khaled Hosseini,Male,Afghanistan,English,,2007,384,,,Fiction,Historical Fiction,Literary Fiction,Women's Fiction,Adult,No,,,Yes,Friendship; War; Resilience,Heartbreaking; Hopeful,Female Friendship,Afghanistan; Women's Fiction,No,Yes,Primary,Women's Fiction,Emotional Read Recommendation,Beginner,The Kite Runner; The Lion Women of Tehran,"A heartbreaking story of friendship, resilience and hope.",Two Afghan women forge an unforgettable bond across decades of conflict.,This book will stay with you forever.,Books That Will Make You Cry,March,,,,,Yes,International Bestseller,Stage Adaptation,Extremely High,Extremely High,,
Suheldev & the Battle of Bahraich,Indic Chronicles #1,Amish Tripathi,Male,India,English,,2020,352,,,Fiction,Historical Fiction,Mythological Fiction,Historical Epic,Adult,Yes,Indic Chronicles,1,No,Indian History; War; Leadership,Epic; Action-packed,Historical Hero,Indian History,No,No,Secondary,Indian Historical Fiction,History Recommendation,Beginner,The Arrows of Ayodhya; The Krishna Key,Amish Tripathi brings an overlooked Indian hero to life.,A fast-paced historical novel celebrating courage and leadership.,The forgotten warrior India should remember.,Books on Unsung Indian Heroes,August,,,,,Yes,Bestseller,No,High,High,,
Give Your Heart a Break,,Anuj Tiwari,Male,India,English,,2015,240,,,Fiction,Romance,Contemporary Fiction,New Adult Romance,Adult,No,,,Yes,Love; Healing; Heartbreak,Emotional; Romantic,Second Chances,Indian Romance,No,Yes,Secondary,Indian Romance,Romance Recommendation,Beginner,The Modern Break-Up; Yours Truly,A sweet contemporary romance about healing and second chances.,"Anuj Tiwari explores love, heartbreak and emotional recovery.",Sometimes your heart needs time too.,Contemporary Indian Romance,February,,,,,Yes,Popular Romance,No,Moderate,Moderate,,
The Secret Letters of the Monk Who Sold His Ferrari,,Robin Sharma,Male,Canada,English,,2011,224,,,Non-fiction,Self-help,Spirituality,Personal Development,Adult,Yes,Monk Who Sold His Ferrari,3,No,Purpose; Wisdom; Success,Motivational; Reflective,Mentor Figure,Self-help; Spirituality,No,No,Secondary,Spiritual Self-help,Personal Growth Recommendation,Beginner,The Monk Who Sold His Ferrari; Ikigai,A motivational book blending life lessons with spiritual wisdom.,Robin Sharma continues his bestselling series through inspiring letters.,Success begins within.,Robin Sharma Books in Order,January,,,,,Yes,International Bestseller,No,High,High,,
Dharma,Decoding the Epics for a Meaningful Life,Amish Tripathi,Male,India,English,,2025,320,,,Non-fiction,Indian Philosophy,Mythology,Spirituality,Adult,No,,,Yes,Dharma; Ramayana; Mahabharata,Thought-provoking; Practical,Epic Lessons,Indian Philosophy; Dharma,No,No,Secondary,Indian Philosophy,Mythology Recommendation,Beginner,Mahabharata Unravelled; Jaya,A practical guide to applying epic wisdom in modern life.,Amish Tripathi explains timeless lessons from the Ramayana and Mahabharata.,Ancient wisdom for modern problems.,Books on Dharma & Indian Philosophy,July,,,,,Yes,Bestseller,No,High,Very High,,
The Bard of Blood,,Bilal Siddiqi,Male,India,English,,2015,384,,,Fiction,Spy Thriller,Political Thriller,Espionage,Adult,No,,,Yes,Intelligence; Terrorism; Espionage,Fast-paced; Suspenseful,Secret Agent,Spy Thriller; Indian Thriller,No,No,Secondary,Indian Spy Thrillers,Thriller Recommendation,Intermediate,The Fury; The Silent Patient,A gripping espionage thriller packed with danger and political intrigue.,Bilal Siddiqi follows an intelligence operative on a high-stakes mission.,One mission could change everything.,Best Indian Spy Thrillers,October,,,,,Yes,Bestseller,Netflix Adaptation,High,High,,
The Mahabharata Secret,,Christopher C. Doyle,Male,India,English,,2013,396,,,Fiction,Thriller,Mythological Fiction,Archaeological Thriller,Adult,Yes,Mahabharata Quest,1,No,Mahabharata; Ancient Secrets; Adventure,Fast-paced; Suspenseful,Treasure Hunt,Indian Thriller; Mahabharata,No,No,Secondary,Indian Mythological Thrillers,Mythology Recommendation,Beginner,The Krishna Key; Chanakya's Chant,"A thrilling blend of archaeology, mythology and modern adventure.",Christopher C. Doyle transforms the Mahabharata into a fast-paced conspiracy thriller.,What if the Mahabharata still held an undiscovered secret?,Best Indian Mythology Thrillers,July,,,,,Yes,Bestseller,No,High,High,,
The Kite Runner,,Khaled Hosseini,Male,Afghanistan,English,,2003,371,,,Fiction,Literary Fiction,Historical Fiction,Coming-of-Age,Adult,No,,,Yes,Friendship; Redemption; Afghanistan,Emotional; Heartbreaking,Childhood Friends,Afghanistan Fiction,No,No,Secondary,Literary Fiction,Emotional Read Recommendation,Beginner,A Thousand Splendid Suns; As Long as the Lemon Trees Grow,"A devastating story of friendship, guilt and redemption.","Khaled Hosseini's modern classic explores love, betrayal and forgiveness against Afghanistan's turbulent history.",Few books break your heart like this one.,Books That Stay With You Forever,March,,,,,Yes,International Bestseller,Film Adaptation,Extremely High,Extremely High,,
The Silent Patient,,Alex Michaelides,Male,United Kingdom,English,,2019,336,,,Fiction,Psychological Thriller,Mystery,Crime Thriller,Adult,No,,,Yes,Trauma; Obsession; Secrets,Dark; Twisty,Unreliable Narrator,Psychological Thriller,No,Yes,Secondary,Psychological Thrillers,Thriller Recommendation,Beginner,Gone Girl; Rock Paper Scissors,One of the most addictive psychological thrillers of recent years.,A therapist becomes obsessed with uncovering why a woman stopped speaking after murdering her husband.,That ending changes everything.,Beginner-Friendly Psychological Thrillers,October,,,,,Yes,International Bestseller,Film Rights Acquired,Extremely High,Extremely High,,
Sidney Sheldon's The Phoenix,,Tilly Bagshawe,Female,United Kingdom,English,,2020,400,,,Fiction,Thriller,Crime Fiction,International Thriller,Adult,No,Sidney Sheldon Universe,,Yes,Revenge; Wealth; Power,Fast-paced; Entertaining,High Stakes,Sidney Sheldon,Yes,Yes,Primary,Sidney Sheldon Collection,Thriller Recommendation,Beginner,If Tomorrow Comes; Heads You Win,A glamorous international thriller filled with danger and revenge.,Tilly Bagshawe continues Sidney Sheldon's legacy with high-stakes suspense.,Sidney Sheldon fans won't want to miss this.,Books Similar to Sidney Sheldon,September,,,,,Yes,Bestseller,No,Moderate,Moderate,,
You Are the Best Friend,,Ajay K. Pandey,Male,India,English,,2015,224,,,Fiction,Contemporary Fiction,Romance,Inspirational Fiction,Adult,No,,,Yes,Friendship; Love; Hope,Emotional; Uplifting,Life Lessons,Indian Contemporary,No,Yes,Secondary,Indian Contemporary Fiction,Emotional Read Recommendation,Beginner,I Too Had a Love Story; Give Your Heart a Break,"A touching story celebrating friendship, hope and unconditional love.",Ajay K. Pandey delivers an emotional novel about relationships that change lives.,The best friendships deserve stories too.,Emotional Indian Fiction,February,,,,,Yes,Bestseller,No,Moderate,Moderate,,
Her Last Wish,,Ajay K. Pandey,Male,India,English,,2018,280,,,Fiction,Contemporary Fiction,Romance,Emotional Fiction,Adult,No,,,Yes,Love; Loss; Family,Emotional; Heartbreaking,Last Wish,Indian Romance,No,Yes,Primary,Indian Romance,Romance Recommendation,Beginner,A Thousand Boy Kisses; The Fault in Our Stars,"A moving novel about love, loss and keeping promises.","Ajay K. Pandey explores grief, family and the strength to move forward.",Bring tissues before you start reading.,Heartbreaking Indian Romance,February,,,,,Yes,Bestseller,No,Moderate,Moderate,,
The Secret of the Nagas,Shiva Trilogy #2,Amish Tripathi,Male,India,English,,2011,396,,,Fiction,Mythological Fiction,Fantasy,Indian Mythology,Adult,Yes,Shiva Trilogy,2,No,Shiva; Nagas; Destiny,Epic; Fast-paced,Chosen One,Shiva Trilogy,No,Yes,Secondary,Shiva Trilogy,Mythology Recommendation,Beginner,The Oath of the Vayuputras; The Palace of Illusions,The thrilling second installment of Amish Tripathi's bestselling trilogy.,Shiva's journey deepens as shocking truths about the Nagas are revealed.,The mystery gets bigger in book two.,Shiva Trilogy Reading Order,July,,,,,Yes,International Bestseller,No,Extremely High,Extremely High,,
The Oath of the Vayuputras,Shiva Trilogy #3,Amish Tripathi,Male,India,English,,2013,575,,,Fiction,Mythological Fiction,Fantasy,Indian Mythology,Adult,Yes,Shiva Trilogy,3,No,Shiva; Dharma; War,Epic; Action-packed,Final Battle,Shiva Trilogy,No,Yes,Secondary,Shiva Trilogy,Mythology Recommendation,Intermediate,The Secret of the Nagas; Scion of Ikshvaku,An epic conclusion to one of India's most beloved mythology trilogies.,Shiva faces impossible choices in a battle that decides the fate of humanity.,Every legend deserves an unforgettable ending.,Best Indian Mythology Series,July,,,,,Yes,International Bestseller,No,Extremely High,Extremely High,,
Scion of Ikshvaku,Ram Chandra #1,Amish Tripathi,Male,India,English,,2015,350,,,Fiction,Mythological Fiction,Fantasy,Ramayana Retelling,Adult,Yes,Ram Chandra Series,1,No,Rama; Duty; Dharma,Epic; Inspirational,Hero's Journey,Ramayana Retelling,No,Yes,Secondary,Ram Chandra Series,Mythology Recommendation,Beginner,Sita: Warrior of Mithila; Raavan,A fresh and action-packed retelling of Rama's story.,"Amish Tripathi reimagines the Ramayana through politics, strategy and destiny.",Meet Rama before he became a legend.,Ramayana Retellings to Read,July,,,,,Yes,International Bestseller,No,Extremely High,Extremely High,,
Sita: Warrior of Mithila,Ram Chandra #2,Amish Tripathi,Male,India,English,,2017,376,,,Fiction,Mythological Fiction,Fantasy,Ramayana Retelling,Adult,Yes,Ram Chandra Series,2,No,Sita; Leadership; Strength,Empowering; Epic,Strong Female Lead,Sita; Ramayana,No,Yes,Primary,Ram Chandra Series,Women-Centric Mythology Recommendation,Beginner,The Liberation of Sita; Sita's Sister,"Sita takes center stage as a warrior, leader and strategist.",A powerful feminist reinterpretation of one of mythology's most iconic women.,Sita was always more than a queen.,Best Books About Sita,July,,,,,Yes,International Bestseller,No,Extremely High,Extremely High,,
Raavan: Enemy of Aryavarta,Ram Chandra #3,Amish Tripathi,Male,India,English,,2019,420,,,Fiction,Mythological Fiction,Fantasy,Ramayana Retelling,Adult,Yes,Ram Chandra Series,3,No,Raavan; Ambition; Destiny,Dark; Epic,Antihero,Ramayana,No,No,Secondary,Ram Chandra Series,Mythology Recommendation,Intermediate,Song of Ravana; Lanka's Princess,A compelling exploration of one of mythology's greatest antiheroes.,Amish Tripathi humanizes Raavan while preserving the epic scale of the Ramayana.,Every villain has a story worth hearing.,Books That Reimagine Raavan,July,,,,,Yes,International Bestseller,No,Very High,Very High,,
Shiva Trilogy,Shiva Trilogy #1–3,Amish Tripathi,Male,India,English,,2015,1200,,,Fiction,Mythological Fiction,Fantasy,Box Set,Adult,Yes,Shiva Trilogy,Collection,No,Shiva; Dharma; Good vs Evil,Epic; Immersive,Mythology Retelling,Shiva Trilogy Collection,No,Yes,Secondary,Indian Mythology Essentials,Series Recommendation,Beginner,Ram Chandra Series; Mahabharata Series,One of the most influential mythology trilogies in modern Indian fiction.,A complete collection of Amish Tripathi's bestselling Shiva saga.,The trilogy that changed Indian mythology fiction forever.,Best Indian Mythology Series,July,,,,,Yes,Multi-million Bestseller,No,Extremely High,Extremely High,,
Forever Is a Lie,,Novoneel Chakraborty,Male,India,English,,2016,300,,,Fiction,Romantic Thriller,Mystery,Suspense Romance,Adult,No,,,Yes,Love; Secrets; Obsession,Suspenseful; Emotional,Dark Romance,Romantic Thriller,No,Yes,Primary,Romantic Thrillers,Romance Recommendation,Beginner,Forever Is True; The Silent Patient,A suspenseful romance where love and secrets collide.,Novoneel Chakraborty blends emotional relationships with mystery and danger.,Love can be the biggest lie of all.,Indian Romantic Thrillers,February,,,,,Yes,Bestseller,No,High,High,,
Forever Is True,,Novoneel Chakraborty,Male,India,English,,2017,320,,,Fiction,Romantic Thriller,Mystery,Suspense Romance,Adult,No,,,Yes,Love; Mystery; Redemption,Emotional; Suspenseful,Relationship Secrets,Indian Thriller,No,Yes,Primary,Romantic Thrillers,Romance Recommendation,Beginner,Forever Is a Lie; Rock Paper Scissors,"A dramatic story of love, betrayal and redemption.",The emotional continuation of Novoneel Chakraborty's bestselling romance.,Can love survive every secret?,Romance Books with Twists,February,,,,,Yes,Bestseller,No,High,High,,
Men Without Women,,Haruki Murakami,Male,Japan,Japanese,Philip Gabriel; Ted Goossen,2014,240,,,Fiction,Literary Fiction,Short Stories,Japanese Literature,Adult,No,,,Yes,Loneliness; Love; Memory,Quiet; Reflective,Interconnected Stories,Japanese Literature,No,No,Secondary,Japanese Literature,Literary Recommendation,Intermediate,Norwegian Wood; First Person Singular,Seven beautifully melancholic stories about loneliness and connection.,"Haruki Murakami explores love, memory and isolation through unforgettable characters.",Quiet stories that echo long after you finish them.,Best Haruki Murakami Books,April,,,,,Yes,International Bestseller,Film Inspiration,Very High,Very High,,
The Whispering Dwapara: The Rise of Maharathis,,Rishi Shrivastava,Male,India,English,,2023,400,,,Fiction,Mythological Fiction,Fantasy,Mahabharata Retelling,Adult,Yes,The Whispering Dwapara,1,No,Mahabharata; Warriors; Destiny,Epic; Action-packed,Multiple POVs,Mahabharata,No,No,Secondary,Mahabharata Retellings,Mythology Recommendation,Intermediate,The Kaunteyas; Ajaya,An ambitious retelling that expands the world of the Mahabharata.,Rishi Shrivastava brings legendary warriors to life with cinematic storytelling.,The Mahabharata you've never read before.,New Mahabharata Retellings,July,,,,,Yes,Popular Release,No,Moderate,High,,
The Kaunteyas,,Madhavi S. Mahadevan,Female,India,English,,2016,416,,,Fiction,Mythological Fiction,Historical Fiction,Mahabharata Retelling,Adult,No,,,Yes,Pandavas; Dharma; Family,Epic; Emotional,Multiple POVs,Mahabharata Retelling,Yes,Yes,Primary,Mahabharata Retellings,Mythology Recommendation,Intermediate,Ajaya; Song of Draupadi,A nuanced retelling focusing on the Pandavas and their complex relationships.,Madhavi S. Mahadevan gives fresh emotional depth to familiar epic events.,Every hero has another side to their story.,Mahabharata Books Beyond the Basics,July,,,,,Yes,Critically Acclaimed,No,Moderate,High,,
Where the Forest Meets the Stars,,Glendy Vanderah,Female,United States,English,,2019,336,,,Fiction,Contemporary Fiction,Literary Fiction,Magical Realism,Adult,No,,,Yes,Healing; Grief; Hope,Heartwarming; Emotional,Found Family,Literary Fiction,Yes,Yes,Primary,Feel-good Literary Fiction,Comfort Read Recommendation,Beginner,The House in the Cerulean Sea; Remarkably Bright Creatures,"A magical and uplifting story about grief, healing and hope.",A mysterious child transforms the lives of two grieving strangers.,Some stories feel like a warm hug.,Comfort Books to Heal Your Soul,November,,,,,Yes,Award-winning Debut,No,High,Very High,,
The Story Begins at the End,,Sujay,Male,India,English,,2021,280,,,Fiction,Contemporary Fiction,Literary Fiction,Inspirational Fiction,Adult,No,,,Yes,Life; Choices; Hope,Reflective; Emotional,Personal Growth,Indian Contemporary,No,Yes,Secondary,Indian Contemporary Fiction,Literary Recommendation,Beginner,Heart Overruled; Promise Me Sunshine,"An emotional novel about hope, choices and new beginnings.",Sujay explores life's turning points through heartfelt storytelling.,Sometimes endings are where life truly begins.,Underrated Indian Contemporary Books,April,,,,,Yes,Popular Release,No,Low,Moderate,,
The Coin,,Sandeep Sharma,Male,India,English,,2022,320,,,Fiction,Thriller,Mystery,Crime Thriller,Adult,No,,,Yes,Greed; Fate; Secrets,Suspenseful; Fast-paced,Ordinary Person in Extraordinary Situation,Indian Thriller,No,No,Secondary,Indian Thrillers,Thriller Recommendation,Beginner,The Bankster; The Rule of Three,A suspenseful thriller where one small object changes everything.,"Sandeep Sharma crafts a mystery driven by greed, fate and unexpected consequences.",What if one coin changed your destiny?,Hidden Gem Indian Thrillers,October,,,,,Yes,Popular Release,No,Low,Moderate,,
Something I Never Told You,,Shravya Bhinder,Female,India,English,,2020,320,,,Fiction,Contemporary Fiction,Romance,Emotional Fiction,Adult,No,,,Yes,Love; Mental Health; Healing,Emotional; Heartbreaking,Second Chances,Indian Romance,Yes,Yes,Primary,Indian Contemporary Romance,Emotional Read Recommendation,Beginner,You Are the Best Friend; Give Your Heart a Break,"A moving story about love, grief and second chances.","Shravya Bhinder explores heartbreak, healing and the importance of choosing yourself.",Some words remain unspoken forever.,Emotional Indian Romance Books,February,,,,,Yes,Bestseller,No,High,High,,
11 Hours,,Daniel Paul Singh,Male,India,English,,2020,300,,,Fiction,Thriller,Crime Fiction,Psychological Thriller,Adult,No,,,Yes,Survival; Kidnapping; Time Pressure,Fast-paced; Suspenseful,Race Against Time,Indian Thriller,No,Yes,Secondary,Indian Psychological Thrillers,Thriller Recommendation,Beginner,The Silent Patient; No Exit,A gripping race-against-time thriller packed with suspense.,Every passing hour brings new dangers as shocking secrets unfold.,You won't stop turning the pages.,Fast-Paced Indian Thrillers,October,,,,,Yes,Popular Release,No,Moderate,Moderate,,
Who Will Cry When You Die?,,Robin Sharma,Male,Canada,English,,1999,224,,,Non-fiction,Self-help,Personal Development,Inspirational,Adult,No,,,Yes,Purpose; Happiness; Success,Motivational; Reflective,Life Lessons,Robin Sharma,No,No,Secondary,Self-help Essentials,Personal Growth Recommendation,Beginner,Atomic Habits; The Monk Who Sold His Ferrari,"Short, practical lessons for living a more meaningful life.",Robin Sharma shares simple habits that create lasting happiness and purpose.,A few pages can change your perspective.,Robin Sharma Books in Order,January,,,,,Yes,International Bestseller,No,Very High,Very High,,
The Monk Who Sold His Ferrari,A Fable About Fulfilling Your Dreams and Reaching Your Destiny,Robin Sharma,Male,Canada,English,,1997,198,,,Non-fiction,Self-help,Spirituality,Personal Development,Adult,Yes,Monk Who Sold His Ferrari,1,No,Purpose; Mindfulness; Success,Inspirational; Reflective,Mentor Story,Personal Growth,No,No,Secondary,Spiritual Self-help,Personal Growth Recommendation,Beginner,Ikigai; Apprenticed to a Himalayan Master,"A timeless fable about success, purpose and inner peace.",Robin Sharma blends storytelling with practical wisdom for a balanced life.,The self-help classic that inspired millions.,Best Beginner Self-help Books,January,,,,,Yes,International Bestseller,No,Extremely High,Extremely High,,
The Girl Who Lived,,Christopher Greyson,Male,United States,English,,2017,332,,,Fiction,Psychological Thriller,Mystery,Crime Thriller,Adult,No,,,Yes,Trauma; Murder; Survival,Dark; Suspenseful,Small-town Mystery,Psychological Thriller,No,Yes,Primary,Psychological Thrillers,Thriller Recommendation,Beginner,Never Lie; The Last House on Needless Street,A chilling psychological thriller about survival and buried truths.,A lone survivor returns to uncover the terrifying truth behind her family's murder.,The survivor remembers more than she should.,Psychological Thrillers with Twist Endings,October,,,,,Yes,Bestseller,No,Moderate,Moderate,,
Soldier's Girl,Love Story of a Para Commando,Swapnil Pandey,Male,India,English,,2022,250,,,Fiction,Military Romance,Contemporary Fiction,Indian Military Fiction,Adult,No,,,Yes,Love; Duty; Sacrifice,Emotional; Inspirational,Army Romance,Indian Army,No,Yes,Primary,Indian Military Fiction,Romance Recommendation,Beginner,Love Story of a Commando; The Force Behind the Forces,A heartfelt love story shaped by sacrifice and military duty.,Swapnil Pandey captures the emotional reality of loving someone who serves the nation.,Love doesn't stop at the border.,Army Romance Books,January,,,,,Yes,Popular Release,No,Moderate,High,,
Love Story of a Commando,,Swapnil Pandey,Male,India,English,,2023,280,,,Fiction,Military Romance,Contemporary Fiction,Indian Military Fiction,Adult,No,,,Yes,Love; Service; Separation,Emotional; Heartfelt,Long-distance Love,Army Romance,No,Yes,Primary,Indian Military Fiction,Romance Recommendation,Beginner,Soldier's Girl; Boots Belts Berets,An emotional romance inspired by the lives of Indian soldiers.,"A touching story of love, distance and unwavering commitment.",Behind every uniform is a love story.,Books About Army Love Stories,January,,,,,Yes,Popular Release,No,Moderate,High,,
Soldier and Spice,An Army Wife's Life,Aditi Mathur Kumar,Female,India,English,,2017,240,,,Non-fiction,Memoir,Military Life,Personal Narrative,Adult,No,,,Yes,Army Life; Marriage; Resilience,Warm; Reflective,Army Wife,Indian Army,Yes,Yes,Primary,Indian Military Memoirs,Memoir Recommendation,Beginner,The Force Behind the Forces; Boots Belts Berets,A warm memoir celebrating the resilience of Indian Army wives.,"Aditi Mathur Kumar shares the challenges, humour and strength of military life.",The untold side of military families.,Memoirs by Army Wives,January,,,,,Yes,Critically Acclaimed,No,Moderate,High,,
The Vault of Vishnu,,Ashwin Sanghi,Male,India,English,,2025,400,,,Fiction,Thriller,Mythological Thriller,Historical Mystery,Adult,No,,,Yes,Vishnu; Ancient Secrets; Conspiracy,Fast-paced; Suspenseful,Treasure Hunt,Indian Thriller,No,No,Secondary,Indian Mythological Thrillers,Mythology Recommendation,Beginner,The Krishna Key; The Mahabharata Secret,A high-stakes thriller where mythology meets modern conspiracy.,Ashwin Sanghi blends ancient legends with contemporary suspense.,What if Vishnu left behind a hidden vault?,New Indian Mythology Thrillers,July,,,,,Yes,Bestseller,No,High,Very High,,
Kashi: Secret of the Black Temple,Harappa Series,Vineet Bajpai,Male,India,English,,2019,420,,,Fiction,Mythological Thriller,Historical Fiction,Adventure Thriller,Adult,Yes,Harappa Trilogy,2,No,Ancient India; Secrets; Adventure,Fast-paced; Action-packed,Hidden Civilization,Harappa Series,No,No,Secondary,Harappa Series,Mythology Recommendation,Intermediate,Harappa; The Vault of Vishnu,Ancient secrets and modern danger collide in the sacred city of Kashi.,Vineet Bajpai expands his Harappa universe with mythology and adventure.,Kashi hides more than temples.,Books Like The Krishna Key,July,,,,,Yes,Bestseller,No,Moderate,High,,
Pralay,The Great Deluge,Vineet Bajpai,Male,India,English,,2017,400,,,Fiction,Mythological Thriller,Historical Fiction,Adventure,Adult,Yes,Harappa Trilogy,3,No,Apocalypse; Ancient India; Mythology,Epic; Suspenseful,Lost Civilization,Indian Mythology,No,No,Secondary,Harappa Series,Mythology Recommendation,Intermediate,Harappa; The Secret of the Nagas,"A thrilling conclusion combining mythology, history and action.",The fate of civilization hangs on ancient secrets buried for centuries.,Every civilization has an ending.,Indian Mythological Adventure Books,July,,,,,Yes,Bestseller,No,Moderate,High,,
Harappa,Curse of the Blood River,Vineet Bajpai,Male,India,English,,2016,400,,,Fiction,Mythological Thriller,Historical Fiction,Adventure,Adult,Yes,Harappa Trilogy,1,No,Harappan Civilization; Mystery; History,Fast-paced; Cinematic,Archaeological Mystery,Harappa,No,Yes,Secondary,Harappa Series,Mythology Recommendation,Beginner,The Mahabharata Secret; Chanakya's Chant,A gripping archaeological thriller rooted in India's ancient past.,The search for the lost Harappan civilization begins with deadly consequences.,What if Harappa never disappeared?,Beginner Indian Mythology Thrillers,July,,,,,Yes,Bestseller,No,Moderate,High,,
I Owe You One,,Sophie Kinsella,Female,United Kingdom,English,,2019,432,,,Fiction,Contemporary Romance,Chick Lit,Romantic Comedy,Adult,No,,,Yes,Kindness; Love; Fate,Light-hearted; Feel-good,Meet Cute,Romantic Comedy,Yes,Yes,Primary,Romantic Comedies,Feel-good Recommendation,Beginner,Book Lovers; Practice Makes Perfect,"A charming romantic comedy about kindness, luck and unexpected love.","Sophie Kinsella delivers another delightful, laugh-out-loud romance.",One small favour changes everything.,Feel-good Romance Books,February,,,,,Yes,Bestseller,No,High,High,,
Where the Crawdads Sing,,Delia Owens,Female,United States,English,,2018,384,,,Fiction,Literary Fiction,Mystery,Coming-of-Age,Adult,No,,,Yes,Nature; Loneliness; Survival,Atmospheric; Emotional,Isolated Heroine,Literary Mystery,Yes,Yes,Primary,Literary Fiction,Literary Recommendation,Intermediate,The Great Alone; Hamnet,A beautifully written mystery wrapped inside a coming-of-age story.,"Delia Owens combines nature writing, heartbreak and suspense in a modern classic.",The marsh becomes a character of its own.,Literary Fiction Everyone Should Read,April,,,,,Yes,International Bestseller,Film Adaptation,Extremely High,Extremely High,,
Dark Matter,,Blake Crouch,Male,United States,English,,2016,352,,,Fiction,Science Fiction,Thriller,Multiverse Fiction,Adult,No,,,Yes,Identity; Parallel Worlds; Family,Fast-paced; Mind-bending,Alternate Reality,Sci-Fi Thriller,No,No,Secondary,Science Fiction Essentials,Sci-Fi Recommendation,Beginner,Project Hail Mary; Recursion,A mind-bending thriller that questions identity and reality.,Blake Crouch delivers one of the most accessible and addictive science fiction novels.,What if another version of you stole your life?,Beginner Science Fiction Books,November,,,,,Yes,International Bestseller,TV Adaptation in Development,Extremely High,Extremely High,,
Mossad,The Greatest Missions of the Israeli Secret Service,Michael Bar-Zohar & Nissim Mishal,Male,Israel,English,,2012,384,,,Non-fiction,Military History,Intelligence,True Stories,Adult,No,,,Yes,Espionage; Intelligence; History,Informative; Gripping,Secret Missions,Mossad; Espionage,No,No,Secondary,Military & Espionage,Non-fiction Recommendation,Intermediate,India's Most Fearless; No Margin for Error,Incredible true stories from one of the world's most secretive intelligence agencies.,A gripping collection of real espionage operations and covert missions.,Truth is more unbelievable than fiction.,Best Spy Non-fiction Books,January,,,,,Yes,International Bestseller,Documentary Inspiration,Moderate,Moderate,,
Escape from Harem,,Tanushree Podder,Female,India,English,,2013,320,,,Fiction,Historical Fiction,Adventure,Women's Fiction,Adult,No,,,Yes,Freedom; Survival; Courage,Emotional; Dramatic,Escape Story,Historical Fiction,Yes,Yes,Primary,Historical Fiction,Historical Fiction Recommendation,Intermediate,The Red Tent; The Queen Who Ruled the Waves,"A dramatic historical novel about courage, survival and freedom.",Tanushree Podder imagines an unforgettable woman's fight against oppression.,One woman's escape changed everything.,Historical Fiction with Strong Women,March,,,,,Yes,Critically Acclaimed,No,Moderate,High,,
The Girls in Green,,Tanushree Podder,Female,India,English,,2021,336,,,Fiction,Military Fiction,Women's Fiction,Indian Army Fiction,Adult,No,,,Yes,Women Soldiers; Duty; Courage,Inspiring; Emotional,Military Women,Indian Army,Yes,Yes,Primary,Indian Military Fiction,Women's Fiction Recommendation,Beginner,Boots Belts Berets; Soldier and Spice,A powerful tribute to women serving in the Indian Armed Forces.,"Stories of courage, determination and patriotism from women in uniform.",Meet the women protecting the nation.,Women in the Indian Army,January,,,,,Yes,Popular Release,No,Moderate,High,,
No Margin for Error,,Tanushree Podder,Female,India,English,,2024,352,,,Fiction,Military Thriller,Contemporary Fiction,Indian Army Fiction,Adult,No,,,Yes,Patriotism; Duty; Mission,Suspenseful; Fast-paced,Military Operation,Indian Military,Yes,Yes,Primary,Indian Military Thrillers,Thriller Recommendation,Beginner,The Girls in Green; India's Most Fearless,A tense military thriller inspired by high-risk operations.,"Tanushree Podder blends action, patriotism and suspense in a gripping narrative.",Every decision could be the last.,Military Thrillers to Read,January,,,,,Yes,Popular Release,No,Moderate,Moderate,,
The Force Behind the Forces,Stories of Brave Indian Army Wives,Swapnil Pandey,Male,India,English,,2023,280,,,Non-fiction,Military Memoir,Biography,Inspirational Stories,Adult,No,,,Yes,Army Wives; Sacrifice; Courage,Inspiring; Emotional,Real-life Stories,Indian Army Wives,No,Yes,Primary,Military Memoirs,Memoir Recommendation,Beginner,Soldier and Spice; Boots Belts Berets,Inspiring real stories of the women standing behind India's soldiers.,"Swapnil Pandey highlights the courage, resilience and sacrifices of Army wives.",Behind every hero stands another hero.,Books About Army Wives,January,,,,,Yes,Critically Acclaimed,No,Moderate,High,,
Before You Breathe,Colonel Acharya #2,Tanushree Podder,Female,India,English,,2024,352,,,Fiction,Military Thriller,Crime Fiction,Investigative Thriller,Adult,Yes,Colonel Acharya,2,No,Military; Investigation; Duty,Fast-paced; Suspenseful,Military Investigation,Indian Military Thriller,Yes,Yes,Primary,Indian Military Thrillers,Thriller Recommendation,Intermediate,No Margin for Error; The Girls in Green,A gripping military investigation with emotional depth and relentless suspense.,Colonel Acharya returns for another high-stakes mission where every breath counts.,One mission. Zero room for mistakes.,Indian Military Thriller Series,January,,,,,Yes,Popular Release,No,Moderate,Moderate,,
Signboard at Dholavira,,Nishith S. Parikh,Male,India,English,,2023,320,,,Fiction,Historical Thriller,Archaeological Fiction,Indus Valley Mystery,Adult,No,,,Yes,Indus Valley; History; Mystery,Atmospheric; Suspenseful,Ancient Civilization,Indian History Thriller,No,No,Secondary,Indian Historical Thrillers,History Recommendation,Intermediate,Harappa; The Mahabharata Secret,An archaeological mystery rooted in the forgotten civilization of Dholavira.,Ancient clues lead to a thrilling modern-day investigation.,What secrets did the Indus Valley leave behind?,Books Inspired by the Indus Valley Civilization,August,,,,,Yes,Popular Release,No,Moderate,High,,
The Nightingale,,Kristin Hannah,Female,United States,English,,2015,440,,,Fiction,Historical Fiction,Literary Fiction,World War II Fiction,Adult,No,,,Yes,Sisterhood; War; Survival,Emotional; Powerful,Strong Female Leads,WWII Fiction,Yes,Yes,Primary,World War II Fiction,Historical Fiction Recommendation,Beginner,The Women of Troy; All the Light We Cannot See,"A powerful story of courage, sacrifice and sisterhood during World War II.",Kristin Hannah's unforgettable novel celebrates the resilience of ordinary women in extraordinary times.,One of the greatest historical novels ever written.,Books About Courageous Women,March,,,,,Yes,International Bestseller,Film Adaptation,Extremely High,Extremely High,,
Wastra,,Rohan Kailasam,Male,India,English,,2024,350,,,Fiction,Mythological Thriller,Historical Fiction,Ancient India,Adult,No,,,Yes,Mythology; Ancient Secrets; Adventure,Fast-paced; Cinematic,Lost Artifact,Indian Mythology,No,No,Secondary,Indian Mythological Thrillers,Mythology Recommendation,Beginner,The Vault of Vishnu; The Krishna Key,"Mythology, history and suspense blend into an action-packed adventure.",Ancient relics and forgotten legends drive a gripping modern mystery.,What if history hid the ultimate weapon?,New Indian Mythology Thrillers,July,,,,,Yes,Popular Release,No,Moderate,High,,
Naari,,Vamshi Krishna,Male,India,English,,2024,320,,,Fiction,Mythological Fiction,Historical Fiction,Women-Centric Mythology,Adult,No,,,Yes,Divine Feminine; Strength; Indian Mythology,Emotional; Inspiring,Strong Women,Women in Mythology,No,Yes,Primary,Women of Indian Mythology,Mythology Recommendation,Beginner,Draupadi – India's First Daughter; Mahagauri,A celebration of the strength and divinity of women across Indian mythology.,Vamshi Krishna highlights powerful female figures often overlooked in traditional narratives.,The women who shaped mythology deserve their own stories.,Books Celebrating Women in Mythology,March,,,,,Yes,Critically Acclaimed,No,Moderate,High,,
The Last Symbol,,Nishith S. Parikh,Male,India,English,,2024,340,,,Fiction,Mythological Thriller,Mystery,Historical Adventure,Adult,No,,,Yes,Symbols; Ancient India; Secrets,Fast-paced; Suspenseful,Treasure Hunt,Indian Thriller,No,No,Secondary,Indian Historical Thrillers,Thriller Recommendation,Beginner,Signboard at Dholavira; Chanakya's Chant,"A fast-paced historical mystery filled with codes, symbols and ancient secrets.",Nishith S. Parikh crafts a suspenseful quest across India's forgotten past.,Every symbol tells a hidden story.,Historical Mystery Books,August,,,,,Yes,Popular Release,No,Moderate,Moderate,,
The Mini Sequel to The Alexander Secret: A Secret Revealed,,Christopher C. Doyle,Male,India,English,,2015,80,,,Fiction,Thriller,Mythological Fiction,Short Story,Adult,Yes,Mahabharata Quest,1.5,No,Ancient Mystery; Adventure,Quick; Suspenseful,Companion Story,Mahabharata Quest,No,No,Secondary,Mahabharata Quest,Series Companion Recommendation,Beginner,The Mahabharata Secret; The Alexander Secret,A short companion story expanding the Mahabharata Quest universe.,Christopher C. Doyle offers readers another glimpse into his mythology thriller series.,A small story with big revelations.,Companion Books Worth Reading,July,,,,,Yes,Companion Novella,No,Low,Low,,
The Wielder of the Trishul,Deva-Asura Katha #1,Satyam Srivastava,Male,India,English,,2023,420,,,Fiction,Mythological Fantasy,Epic Fantasy,Indian Mythology,Adult,Yes,Deva-Asura Katha,1,No,Gods; Destiny; War,Epic; Action-packed,Chosen One,Indian Fantasy,No,No,Secondary,Indian Mythological Fantasy,Fantasy Recommendation,Intermediate,Sons of Darkness; The Poppy War,A grand fantasy inspired by Indian mythology and the eternal battle between Devas and Asuras.,The first installment introduces a hero destined to wield unimaginable power.,Every legend begins with a chosen one.,New Indian Fantasy Series,July,,,,,Yes,Popular Release,No,Moderate,High,,
Ikigai,The Japanese Secret to a Long and Happy Life,Héctor García & Francesc Miralles,Male,Spain,English,,2016,208,,,Non-fiction,Self-help,Philosophy,Lifestyle,Adult,No,,,Yes,Purpose; Happiness; Longevity,Reflective; Practical,Japanese Wisdom,Ikigai; Self-help,No,No,Secondary,Japanese Philosophy,Self-help Recommendation,Beginner,Atomic Habits; The Monk Who Sold His Ferrari,A gentle guide to discovering purpose and living a meaningful life.,"Blending Japanese philosophy with practical wisdom, this modern classic inspires intentional living.",The Japanese secret to a happier life.,Books for a Better Life,January,,,,,Yes,International Bestseller,No,Extremely High,Extremely High,,
A Language of Lies,,Saugata Chakraborty,Male,India,English,,2023,320,,,Fiction,Psychological Thriller,Mystery,Crime Thriller,Adult,No,,,Yes,Deception; Murder; Secrets,Dark; Suspenseful,Unreliable Narrator,Indian Thriller,No,Yes,Secondary,Psychological Thrillers,Thriller Recommendation,Beginner,The Silent Patient; Gone Girl,A tense psychological thriller where every truth hides another lie.,"Saugata Chakraborty explores deception, guilt and dangerous secrets.",Trust becomes the biggest illusion.,Underrated Indian Psychological Thrillers,October,,,,,Yes,Popular Release,No,Moderate,Moderate,,
Murdrum: The Probe Begins,Murdrum #1,Sohil Makwana,Male,India,English,,2023,300,,,Fiction,Crime Thriller,Mystery,Detective Fiction,Adult,Yes,Murdrum,1,No,Murder; Investigation; Crime,Fast-paced; Gripping,Detective Investigation,Indian Crime Thriller,No,No,Secondary,Indian Crime Thrillers,Mystery Recommendation,Beginner,One Arranged Murder; The Devotion of Suspect X,A gripping detective thriller that launches an intriguing mystery series.,"The first investigation introduces a world of crime, puzzles and relentless suspense.",Every mystery begins with one clue.,Indian Detective Series,October,,,,,Yes,Popular Release,No,Moderate,Moderate,,
Double Trouble,Murdrum #2,Sohil Makwana,Male,India,English,,2024,320,,,Fiction,Crime Thriller,Mystery,Detective Fiction,Adult,Yes,Murdrum,2,No,Murder; Mystery; Justice,Suspenseful; Fast-paced,Serial Investigation,Murdrum Series,No,No,Secondary,Indian Crime Thrillers,Mystery Recommendation,Beginner,Murdrum; Rock Paper Scissors,The stakes rise as another complex investigation unfolds.,Sohil Makwana continues his detective series with more twists and dangerous revelations.,Two mysteries. Twice the danger.,Mystery Series Worth Binge Reading,October,,,,,Yes,Popular Release,No,Moderate,Moderate,,
The Lost World,,Pranay Bhalerao,Male,India,English,,2022,350,,,Fiction,Fantasy,Adventure,Lost Civilization,Adult,Yes,Lost World Saga,1,No,Ancient Civilization; Exploration,Adventurous; Fast-paced,Hidden World,Fantasy Adventure,No,No,Secondary,Fantasy Adventure,Fantasy Recommendation,Beginner,Project Hail Mary; Journey to the Center of the Earth,An adventurous fantasy exploring forgotten civilizations and hidden worlds.,Pranay Bhalerao creates an exciting world full of mystery and exploration.,What if an entire world remained undiscovered?,Adventure Fantasy Books,November,,,,,Yes,Popular Release,No,Low,Moderate,,
The Mahabharata Quest: The Alexander Secret,,Christopher C. Doyle,Male,India,English,,2014,392,,,Fiction,Mythological Thriller,Adventure,Archaeological Thriller,Adult,Yes,Mahabharata Quest,2,No,Alexander; Mahabharata; Mystery,Fast-paced; Suspenseful,Treasure Hunt,Mythology Thriller,No,No,Secondary,Indian Mythological Thrillers,Mythology Recommendation,Beginner,The Mahabharata Secret; The Secret of the Druids,"Ancient history, mythology and archaeology collide in a thrilling adventure.",Christopher C. Doyle takes readers on a globe-spanning search connected to Alexander the Great.,What if Alexander discovered the Mahabharata's greatest secret?,Mythology Meets Adventure,July,,,,,Yes,Bestseller,No,High,High,,
The Secret of the Druids,,Christopher C. Doyle,Male,India,English,,2022,384,,,Fiction,Historical Thriller,Adventure,Archaeological Mystery,Adult,Yes,Mahabharata Quest,3,No,Druids; Ancient Secrets; Adventure,Suspenseful; Action-packed,Hidden History,Adventure Thriller,No,No,Secondary,Mahabharata Quest,Adventure Recommendation,Intermediate,The Alexander Secret; The Vault of Vishnu,Another exhilarating archaeological thriller blending mythology with history.,Ancient Druids and Indian legends intersect in a fast-moving international adventure.,History hides more connections than we imagine.,Adventure Books Inspired by History,August,,,,,Yes,Popular Release,No,Moderate,Moderate,,
The Lost World Rises,,Pranay Bhalerao,Male,India,English,,2024,380,,,Fiction,Fantasy,Adventure,Lost Civilization,Adult,Yes,Lost World Saga,2,No,Ancient World; Exploration,Epic; Adventurous,Hidden Kingdom,Fantasy Series,No,No,Secondary,Fantasy Adventure,Fantasy Recommendation,Intermediate,The Lost World; The Book That Wouldn't Burn,The adventure continues with bigger discoveries and greater dangers.,"Hidden civilizations, forgotten knowledge and epic exploration drive this sequel.",Every lost world eventually rises again.,Fantasy Sequels Worth Reading,November,,,,,Yes,Popular Release,No,Low,Moderate,,
One Arranged Murder,,Chetan Bhagat,Male,India,English,,2020,308,,,Fiction,Mystery,Crime Fiction,Detective Fiction,Adult,Yes,Keshav & Saurabh,2,No,Murder; Friendship; Investigation,Light; Suspenseful,Amateur Detectives,Indian Mystery,No,No,Secondary,Indian Mystery,Mystery Recommendation,Beginner,The Girl in Room 105; The Thursday Murder Club,"A light, entertaining murder mystery with humour and suspense.",Chetan Bhagat's amateur detectives investigate a shocking arranged marriage murder.,Murder meets matchmaking.,Beginner Mystery Books,September,,,,,Yes,Bestseller,No,High,High,,
Jabberwockiers,,Rajessh M. Iyer,Male,India,English,,2023,320,,,Fiction,Science Fiction,Thriller,Techno Thriller,Adult,No,,,Yes,Artificial Intelligence; Technology,Thought-provoking; Fast-paced,AI Gone Wrong,Sci-Fi Thriller,No,No,Secondary,Science Fiction,Sci-Fi Recommendation,Intermediate,Dark Matter; Project Hail Mary,A thought-provoking techno-thriller exploring the future of artificial intelligence.,Rajessh M. Iyer combines cutting-edge technology with gripping suspense.,"When AI becomes unpredictable, who stays in control?",Indian Science Fiction Books,November,,,,,Yes,Popular Release,No,Low,Moderate,,
The Raavan Key,What if your loved one goes missing mysteriously? (Drumatulya Trilogy #1),Pravin Agarwal,Male,India,English,,2023,360,,,Fiction,Mythological Thriller,Mystery,Supernatural Thriller,Adult,Yes,Drumatulya Trilogy,1,No,Raavan; Mystery; Mythology,Suspenseful; Dark,Missing Person,Indian Mythology Thriller,No,Yes,Secondary,Indian Mythological Thrillers,Thriller Recommendation,Beginner,The Vault of Vishnu; The Krishna Key,"Mythology, suspense and missing-person mystery come together in an addictive thriller.",Pravin Agarwal launches the Drumatulya Trilogy with an intriguing premise.,What if Raavan left behind one final secret?,New Mythology Thriller Series,July,,,,,Yes,Popular Release,No,Moderate,High,,
The Woman Within,,Nitya Ravi,Female,India,English,,2023,280,,,Non-fiction,Personal Development,Women's Empowerment,Self-help,Adult,No,,,Yes,Confidence; Growth; Womanhood,Motivational; Reflective,Empowerment,Women's Self-help,Yes,Yes,Primary,Women's Personal Growth,Self-help Recommendation,Beginner,The Mountain Is You; Reflections of a Man,An empowering guide encouraging women to rediscover confidence and purpose.,"Nitya Ravi inspires readers to embrace self-worth, resilience and authentic living.",The strongest version of you is already within.,Books Every Woman Should Read,March,,,,,Yes,Popular Release,No,Moderate,Moderate,,
The Girl on the Train,,Paula Hawkins,Female,United Kingdom,English,,2015,336,,,Fiction,Psychological Thriller,Mystery,Domestic Noir,Adult,No,,,Yes,Memory; Obsession; Murder,Dark; Suspenseful,Unreliable Narrator,Psychological Thriller,Yes,Yes,Primary,Psychological Thrillers,Thriller Recommendation,Beginner,Gone Girl; The Silent Patient,A gripping psychological thriller where memory becomes the biggest mystery.,Rachel's daily train ride turns into an obsession that uncovers a shocking crime.,Can you trust someone who can't trust her own memories?,Psychological Thrillers with Unreliable Narrators,October,,,,,Yes,International Bestseller,Film Adaptation,Extremely High,Extremely High,,
Mir Qasim's Tunnel,,Swarnendu Bhushan,Male,India,English,,2023,320,,,Fiction,Historical Fiction,Thriller,Colonial India,Adult,No,,,Yes,History; Politics; Revolution,Atmospheric; Suspenseful,Hidden History,Indian Historical Fiction,No,No,Secondary,Indian Historical Fiction,History Recommendation,Intermediate,The Wonder That Was India; Signboard at Dholavira,A historical mystery rooted in India's colonial past.,Swarnendu Bhushan blends forgotten history with suspense and political intrigue.,Some tunnels hide history. Others hide secrets.,Hidden Stories from Indian History,August,,,,,Yes,Popular Release,No,Low,Moderate,,
The Girl in the Red Lipstick,,Ajay K. Pandey,Male,India,English,,2022,280,,,Fiction,Contemporary Romance,Women's Fiction,Emotional Fiction,Adult,No,,,Yes,Love; Loss; Healing,Emotional; Heartfelt,Second Chances,Indian Romance,No,Yes,Primary,Indian Contemporary Romance,Romance Recommendation,Beginner,Something I Never Told You; I Wish I Could Tell Her,"A heartfelt romance exploring love, loss and emotional healing.",Ajay K. Pandey delivers another emotional story about relationships and second chances.,Some smiles hide unimaginable pain.,Emotional Indian Romance Books,February,,,,,Yes,Popular Release,No,Moderate,Moderate,,
The Song of Achilles,,Madeline Miller,Female,United States,English,,2011,416,,,Fiction,Mythological Fiction,Historical Fiction,Greek Myth Retelling,Adult,No,,,Yes,Love; War; Destiny,Emotional; Lyrical,Friends to Lovers,Greek Mythology,Yes,No,Secondary,Greek Mythology Retellings,Mythology Recommendation,Beginner,Ariadne; The Penelopiad,A breathtaking retelling of Achilles and Patroclus' legendary love story.,Madeline Miller reimagines Greek mythology through a deeply human and emotional lens.,The myth that broke millions of readers.,Greek Mythology Books Everyone Should Read,June,,,,,Yes,International Bestseller,Stage Adaptation,Extremely High,Extremely High,,
Rebellion,Warlord of Ayodhya #1,Shatrujeet Nath,Male,India,English,,2019,432,,,Fiction,Historical Fiction,Epic Fantasy,Ancient India,Adult,Yes,Warlord of Ayodhya,1,No,Kingdoms; War; Power,Epic; Action-packed,Political Intrigue,Indian Historical Fantasy,No,No,Secondary,Indian Historical Fantasy,Historical Fiction Recommendation,Intermediate,Sons of Darkness; The Accursed God,"An epic tale of kingdoms, war and political ambition in ancient Ayodhya.",Shatrujeet Nath creates a sweeping historical fantasy inspired by Indian history.,"Before Ram, there were kings who fought for Ayodhya.",Indian Historical Fantasy Series,July,,,,,Yes,Critically Acclaimed,No,Moderate,High,,
The Accursed God,,Vivek Dutta Mishra,Male,India,English,,2022,420,,,Fiction,Mythological Fiction,Historical Fiction,Mahabharata Retelling,Adult,No,,,Yes,Karma; Destiny; Mahabharata,Emotional; Philosophical,Retelling,Indian Mythology,No,No,Secondary,Mahabharata Retellings,Mythology Recommendation,Intermediate,Yajnaseni; Ajaya,"A fresh retelling of the Mahabharata exploring morality, destiny and power.",Vivek Dutta Mishra revisits familiar legends with philosophical depth.,Every curse has a forgotten story.,Mahabharata Retellings Worth Reading,August,,,,,Yes,Critically Acclaimed,No,Moderate,High,,
Janaka and Ashtavakra: A Journey Beyond,,Ashraf Karayath,Male,India,English,,2022,240,,,Non-fiction,Philosophy,Spirituality,Indian Wisdom,Adult,No,,,Yes,Vedanta; Self-realization; Wisdom,Reflective; Spiritual,Guru-Disciple,Indian Philosophy,No,No,Secondary,Indian Philosophy,Spiritual Reading Recommendation,Intermediate,The Yoga Sutras of Patanjali; Ashtavakra Gita,A thoughtful exploration of Vedantic wisdom through Janaka and Ashtavakra.,"A reflective journey into self-realization, detachment and inner peace.",Ancient wisdom that still changes lives today.,Beginner Books on Indian Philosophy,January,,,,,Yes,Critically Acclaimed,No,Low,Moderate,,
The Love Hypothesis,,Ali Hazelwood,Female,Italy/United States,English,,2021,384,,,Fiction,Contemporary Romance,Romantic Comedy,STEM Romance,Adult,No,,,Yes,Love; Academia; Science,Funny; Heartwarming,Fake Dating,Rom-Com,Yes,Yes,Primary,Romantic Comedies,Romance Recommendation,Beginner,The Hating Game; Book Lovers,"A witty STEM romance filled with fake dating, banter and irresistible chemistry.",Ali Hazelwood's bestselling debut became one of BookTok's biggest romance sensations.,Fake dating has never been this adorable.,Best STEM Romance Books,February,,,,,Yes,International Bestseller,Film Rights Sold,Extremely High,Extremely High,,
The Forest of Enchantments,,Chitra Banerjee Divakaruni,Female,India,English,,2019,368,,,Fiction,Mythological Fiction,Historical Fiction,Ramayana Retelling,Adult,No,,,Yes,Sita; Strength; Womanhood,Emotional; Poetic,Female Perspective,Ramayana Retelling,Yes,Yes,Primary,Ramayana Retellings,Mythology Recommendation,Beginner,Sita's Ramayana; The Untold Story of Sita,Sita finally tells her own story in this lyrical Ramayana retelling.,Chitra Banerjee Divakaruni gives voice to one of mythology's most misunderstood women.,What if Sita narrated the Ramayana?,Feminist Ramayana Retellings,March,,,,,Yes,Bestseller,No,High,Extremely High,,
The Dressmaker's Gift,,Fiona Valpy,Female,United Kingdom,English,,2018,400,,,Fiction,Historical Fiction,Women's Fiction,WWII Fiction,Adult,No,,,Yes,Friendship; Family; War,Emotional; Hopeful,Dual Timeline,Historical Fiction,Yes,Yes,Primary,Historical Fiction,Historical Fiction Recommendation,Beginner,The Nightingale; The Giver of Stars,"A moving dual-timeline novel about friendship, courage and hope during World War II.",Fiona Valpy blends historical drama with heartfelt relationships.,Some dresses carry memories that never fade.,World War II Historical Fiction,March,,,,,Yes,Bestseller,No,Moderate,High,,
An Eye for an Eye,Detective Kate Young #1,Carol Wyer,Female,United Kingdom,English,,2021,384,,,Fiction,Crime Thriller,Mystery,Police Procedural,Adult,Yes,Detective Kate Young,1,No,Murder; Justice; Investigation,Fast-paced; Dark,Detective Series,Crime Thriller,Yes,Yes,Primary,Detective Kate Young Series,Crime Thriller Recommendation,Beginner,The Kind Worth Killing; Never Lie,A gripping detective novel introducing an unforgettable investigator.,Kate Young must solve a brutal murder while confronting her own personal demons.,Justice always comes with a price.,Detective Series Worth Starting,October,,,,,Yes,Bestseller,TV Optioned,Moderate,Moderate,,
Ugly Love,,Colleen Hoover,Female,United States,English,,2014,336,,,Fiction,Contemporary Romance,New Adult,Emotional Romance,Adult,No,,,Yes,Love; Grief; Healing,Emotional; Heartbreaking,Friends with Benefits,Colleen Hoover,Yes,Yes,Primary,Contemporary Romance,Romance Recommendation,Beginner,It Ends with Us; Yours Truly,"An emotional romance about grief, healing and learning to love again.",Colleen Hoover explores heartbreak and vulnerability through an unforgettable relationship.,This book will leave your heart in pieces.,Saddest Romance Books,February,,,,,Yes,International Bestseller,No,Extremely High,Extremely High,,
It Ends with Us,It Ends with Us #1,Colleen Hoover,Female,United States,English,,2016,376,,,Fiction,Contemporary Romance,Women's Fiction,Domestic Drama,Adult,Yes,It Ends with Us,1,No,Abuse; Healing; Love,Emotional; Powerful,Second Chance,BookTok Romance,Yes,Yes,Primary,Women's Fiction,Women's Fiction Recommendation,Beginner,Reminders of Him; Part of Your World,A powerful novel about breaking cycles of abuse and choosing yourself.,One of Colleen Hoover's most impactful stories tackling difficult but important themes.,The romance everyone talks about—but it's so much more than romance.,Books About Emotional Strength,February,,,,,Yes,International Bestseller,Film Adaptation,Extremely High,Extremely High,,
The Hating Game,,Sally Thorne,Female,Australia,English,,2016,384,,,Fiction,Romantic Comedy,Contemporary Romance,Workplace Romance,Adult,No,,,Yes,Love; Rivalry; Workplace,Funny; Feel-good,Enemies to Lovers,Rom-Com,Yes,Yes,Primary,Romantic Comedies,Romance Recommendation,Beginner,The Love Hypothesis; Practice Makes Perfect,A hilarious enemies-to-lovers workplace romance full of sparkling chemistry.,Sally Thorne delivers one of the most beloved modern romantic comedies.,From office enemies to unforgettable lovers.,Best Enemies-to-Lovers Books,February,,,,,Yes,International Bestseller,Film Adaptation,Extremely High,Extremely High,,
The Protectors of Kavaach,,Pranay Bhalerao,Male,India,English,,2024,360,,,Fiction,Fantasy,Mythological Fantasy,Epic Adventure,Adult,No,,,Yes,Guardians; Ancient Powers; Adventure,Epic; Fast-paced,Chosen One,Indian Fantasy,No,No,Secondary,Indian Fantasy,Fantasy Recommendation,Beginner,The Lost World; The Wielder of the Trishul,A fast-paced fantasy adventure inspired by Indian mythology.,Ancient protectors rise to defend powerful secrets from dangerous enemies.,Every kingdom needs its guardians.,New Indian Fantasy Books,July,,,,,Yes,Popular Release,No,Moderate,Moderate,,
Norwegian Wood,,Haruki Murakami,Male,Japan,Japanese,Jay Rubin,1987,296,,,Fiction,Literary Fiction,Romance,Coming-of-Age,Adult,No,,,Yes,Love; Loneliness; Loss,Melancholic; Reflective,Nostalgic Romance,Japanese Literature,No,No,Secondary,Japanese Literature,Literary Fiction Recommendation,Intermediate,Kafka on the Shore; Almond,"A melancholic coming-of-age novel exploring love, loneliness and memory.",Murakami's most accessible novel remains a modern literary classic.,Some books stay with you forever.,Beginner Haruki Murakami Books,April,,,,,Yes,International Bestseller,Film Adaptation,High,Extremely High,,
Yajnaseni: The Story of Draupadi,,Pratibha Ray,Female,India,Odia,Pradip Bhattacharya,1984,400,,,Fiction,Mythological Fiction,Historical Fiction,Mahabharata Retelling,Adult,No,,,Yes,Draupadi; Dharma; Womanhood,Emotional; Philosophical,Female Perspective,Mahabharata,Yes,Yes,Primary,Mahabharata Retellings,Mythology Recommendation,Intermediate,The Palace of Illusions; Song of Draupadi,"Draupadi finally narrates her own life, pain and resilience.",A landmark retelling that presents one of mythology's strongest female voices.,The Mahabharata through Draupadi's eyes changes everything.,Best Books on Draupadi,August,,,,,Yes,Award-winning,No,High,High,,
I Wish I Could Tell Her,,Ajay K. Pandey,Male,India,English,,2021,280,,,Fiction,Contemporary Romance,Emotional Fiction,Inspirational Romance,Adult,No,,,Yes,Love; Regret; Hope,Emotional; Heartfelt,Unspoken Feelings,Indian Romance,No,Yes,Primary,Indian Contemporary Romance,Romance Recommendation,Beginner,You Are the Best Friend; The Girl in the Red Lipstick,"A touching novel about love, regret and the words left unsaid.",Ajay K. Pandey delivers another emotional journey filled with hope and healing.,Some confessions arrive too late.,Emotional Romance Books,February,,,,,Yes,Popular Release,No,Moderate,Moderate,,
Verity,,Colleen Hoover,Female,United States,English,,2018,336,,,Fiction,Psychological Thriller,Mystery,Domestic Suspense,Adult,No,,,Yes,Obsession; Secrets; Marriage,Dark; Twisted,Unreliable Narrator,Thriller,Yes,Yes,Primary,Psychological Thrillers,Thriller Recommendation,Beginner,The Housemaid; Rock Paper Scissors,A twisted psychological thriller that keeps readers questioning every page.,Colleen Hoover surprises readers with one of her darkest and most addictive novels.,Nothing is as it seems inside Verity's house.,Thrillers That Will Shock You,October,,,,,Yes,International Bestseller,TV Adaptation in Development,Extremely High,Extremely High,,
Kafka on the Shore,,Haruki Murakami,Male,Japan,Japanese,Philip Gabriel,2002,505,,,Fiction,Magical Realism,Literary Fiction,Surreal Fiction,Adult,No,,,Yes,Identity; Fate; Dreams,Atmospheric; Thought-provoking,Parallel Narratives,Japanese Literature,No,No,Secondary,Japanese Literary Fiction,Literary Fiction Recommendation,Advanced,Norwegian Wood; The Wind-Up Bird Chronicle,"A surreal masterpiece blending dreams, philosophy and magical realism.","Murakami's iconic novel explores identity, fate and the subconscious through parallel narratives.",Not every book is meant to be understood—some are meant to be felt.,Best Haruki Murakami Books,April,,,,,Yes,International Bestseller,No,High,Extremely High,,
The Alchemist,,Paulo Coelho,Male,Brazil,Portuguese,Alan R. Clarke,1988,208,,,Fiction,Literary Fiction,Philosophy,Inspirational Fiction,Adult,No,,,Yes,Dreams; Destiny; Self-discovery,Reflective; Inspirational,Hero's Journey,Modern Classic,No,No,Secondary,Modern Classics,Inspirational Recommendation,Beginner,Siddhartha; Ikigai,A timeless novel about following your dreams and discovering your purpose.,Paulo Coelho's modern classic inspires readers to pursue their Personal Legend.,The book that changed millions of lives.,Books That Make You Reflect,January,,,,,Yes,International Bestseller,Film in Development,Extremely High,Extremely High,,
The Magicians of Mazda,,Ashwin Sanghi,Male,India,English,,2024,400,,,Fiction,Mythological Thriller,Historical Thriller,Adventure,Adult,No,,,Yes,Ancient Secrets; Persia; Conspiracy,Fast-paced; Suspenseful,Hidden History,Indian Mythology Thriller,No,No,Secondary,Indian Mythological Thrillers,Thriller Recommendation,Beginner,Chanakya's Chant; Keepers of the Kalachakra,"Ashwin Sanghi blends mythology, history and conspiracy into another addictive thriller.",Ancient Persian legends collide with modern mysteries in a globe-spanning adventure.,History always hides another secret.,New Ashwin Sanghi Books,July,,,,,Yes,Bestseller,No,High,High,,
The Raavan Returns,Drumatulya Trilogy Part 2,Pravin Agarwal,Male,India,English,,2024,380,,,Fiction,Mythological Thriller,Mystery,Supernatural Thriller,Adult,Yes,Drumatulya Trilogy,2,No,Raavan; Ancient Secrets; Mystery,Suspenseful; Dark,Myth Meets Modern,Indian Mythology,No,Yes,Secondary,Drumatulya Trilogy,Mythology Recommendation,Beginner,The Raavan Key; The Krishna Key,The mystery deepens as forgotten legends surrounding Raavan return.,The second installment expands the mythology and suspense of the Drumatulya Trilogy.,Some legends refuse to stay buried.,Indian Mythology Thriller Series,July,,,,,Yes,Popular Release,No,Moderate,High,,
Rebecca,,Daphne du Maurier,Female,United Kingdom,English,,1938,448,,,Fiction,Gothic Fiction,Psychological Thriller,Classic Fiction,Adult,No,,,Yes,Identity; Obsession; Marriage,Atmospheric; Haunting,Mysterious Mansion,Classic Literature,Yes,Yes,Primary,Gothic Classics,Classic Recommendation,Intermediate,Jane Eyre; The Woman in the Window,"A haunting masterpiece of love, jealousy and identity.",Daphne du Maurier's gothic classic remains one of literature's greatest psychological novels.,You'll never forget Manderley.,Gothic Classics Everyone Should Read,October,,,,,Yes,Classic Bestseller,Multiple Film Adaptations,High,High,,
Keepers of the Kalachakra,,Ashwin Sanghi,Male,India,English,,2025,420,,,Fiction,Mythological Thriller,Historical Fiction,Adventure Thriller,Adult,No,,,Yes,Kalachakra; Ancient Knowledge; Conspiracy,Fast-paced; Cinematic,Secret Society,Indian Thriller,No,No,Secondary,Indian Historical Thrillers,Thriller Recommendation,Beginner,The Krishna Key; The Magicians of Mazda,Another action-packed mythology thriller packed with ancient secrets and conspiracies.,Ashwin Sanghi explores the mysteries surrounding the Kalachakra tradition.,What if history protected humanity's greatest secret?,Mythology Meets History,August,,,,,Yes,Bestseller,No,High,High,,
A Cut for a Cut,Detective Kate Young #2,Carol Wyer,Female,United Kingdom,English,,2021,384,,,Fiction,Crime Thriller,Mystery,Police Procedural,Adult,Yes,Detective Kate Young,2,No,Murder; Justice; Investigation,Dark; Fast-paced,Detective Series,Crime Thriller,Yes,Yes,Primary,Detective Kate Young Series,Crime Thriller Recommendation,Beginner,An Eye for an Eye; The Kind Worth Killing,Detective Kate Young returns for another gripping investigation.,Carol Wyer delivers another tense police procedural with emotional depth.,Justice always leaves scars.,Detective Series to Binge,October,,,,,Yes,Bestseller,No,Moderate,Moderate,,
"The Mahabharata: A Modern Rendering, Vol. 2",,Ramesh Menon,Male,India,English,,2005,700,,,Fiction,Mythological Fiction,Epic Literature,Mahabharata Retelling,Adult,Yes,The Mahabharata: A Modern Rendering,2,No,Dharma; War; Destiny,Epic; Philosophical,Epic Retelling,Mahabharata,No,No,Secondary,Mahabharata Retellings,Mythology Recommendation,Advanced,The Palace of Illusions; Jaya,A beautifully written modern retelling of India's greatest epic.,Ramesh Menon combines literary storytelling with faithful interpretation.,The Mahabharata never gets old.,Mahabharata Books for Modern Readers,August,,,,,Yes,Critically Acclaimed,No,Moderate,High,,
The Bhagavata Purana (Clothbound),,Ramesh Menon,Male,India,English,,2023,600,,,Non-fiction,Hindu Scriptures,Spirituality,Purana,Adult,No,,,Yes,Krishna; Bhakti; Devotion,Spiritual; Reflective,Sacred Text,Bhagavata Purana,No,No,Secondary,Hindu Scriptures,Spiritual Reading Recommendation,Advanced,Krishna's Other Song; Vishnu Purana,A beautiful modern edition of one of Hinduism's most important scriptures.,"The Bhagavata Purana celebrates Krishna's life, devotion and philosophy.",One of the most treasured books in Sanatan Dharma.,Essential Hindu Scriptures,January,,,,,Yes,Classic Scripture,No,Low,Moderate,,
Devi: The Devi Bhagavatam Retold,,Ramesh Menon,Male,India,English,,2022,500,,,Non-fiction,Hindu Scriptures,Mythology,Retelling,Adult,No,,,Yes,Goddess; Shakti; Devotion,Spiritual; Inspiring,Divine Feminine,Devi Bhagavatam,No,Yes,Primary,Goddess Literature,Mythology Recommendation,Intermediate,Mahagauri; Devi Bhagavatam Retold,A compelling retelling celebrating the power of the Divine Feminine.,Ramesh Menon makes the Devi Bhagavatam accessible to modern readers.,The stories of the Goddess deserve to be read by everyone.,Books on Shakti and Devi,March,,,,,Yes,Critically Acclaimed,No,Moderate,High,,
Blue God: A Life of Krishna,,Ramesh Menon,Male,India,English,,2012,560,,,Fiction,Mythological Fiction,Spiritual Fiction,Krishna Retelling,Adult,No,,,Yes,Krishna; Dharma; Devotion,Reflective; Epic,Life of Krishna,Krishna,No,No,Secondary,Krishna Literature,Spiritual Fiction Recommendation,Intermediate,Krishna; Bhagavata Purana,A lyrical retelling of Krishna's extraordinary life and teachings.,Ramesh Menon brings devotion and storytelling together beautifully.,"Krishna's story, like you've never experienced before.",Best Books on Krishna,August,,,,,Yes,Bestseller,No,Moderate,High,,
Krishna,,Ramesh Menon,Male,India,English,,2003,550,,,Fiction,Mythological Fiction,Epic Literature,Krishna Retelling,Adult,No,,,Yes,Krishna; Mahabharata; Dharma,Epic; Spiritual,Divine Hero,Indian Mythology,No,No,Secondary,Krishna Literature,Mythology Recommendation,Intermediate,Blue God; Bhagavata Purana,A vivid retelling of Krishna's remarkable journey from childhood to Kurukshetra.,"Ramesh Menon captures the wisdom, charm and divinity of Krishna.",Every Krishna devotee should own this book.,Krishna Book Recommendations,August,,,,,Yes,Bestseller,No,Moderate,High,,
Srimad Bhagavad Gita,A Modern Translation,Ramesh Menon,Male,India,English,,2018,320,,,Non-fiction,Hindu Scriptures,Philosophy,Bhagavad Gita Translation,Adult,No,,,Yes,Dharma; Karma; Yoga,Reflective; Spiritual,Modern Translation,Bhagavad Gita,No,No,Secondary,Bhagavad Gita,Spiritual Recommendation,Beginner,Bhagavad Gita (Eknath Easwaran); The Yoga Sutras of Patanjali,A clear and accessible modern English translation of the Bhagavad Gita.,Ideal for readers beginning their journey into Indian philosophy.,The Gita explained for today's readers.,Beginner-Friendly Bhagavad Gita Editions,January,,,,,Yes,Classic Scripture,No,Moderate,High,,
The Complete Mahabharata #9,Santi Parva & Mokshadharma Parva,Ramesh Menon,Male,India,English,,2011,700,,,Fiction,Mythological Fiction,Epic Literature,Mahabharata,Adult,Yes,The Complete Mahabharata,9,No,Dharma; Peace; Moksha,Philosophical; Epic,Sacred Epic,Mahabharata,No,No,Secondary,Mahabharata Collection,Spiritual Reading Recommendation,Advanced,Mahabharata Unravelled; Yuganta,"A profound exploration of peace, duty and liberation after the Kurukshetra war.",One of the most philosophical sections of the Mahabharata presented beautifully.,The war ended. The real wisdom begins.,Deep Dive into the Mahabharata,September,,,,,Yes,Classic Epic,No,Low,Moderate,,
The Woman in the Window,,A.J. Finn,Male,United States,English,,2018,448,,,Fiction,Psychological Thriller,Mystery,Domestic Suspense,Adult,No,,,Yes,Isolation; Secrets; Murder,Suspenseful; Dark,Unreliable Narrator,Thriller,No,Yes,Primary,Psychological Thrillers,Thriller Recommendation,Beginner,The Girl on the Train; Gone Girl,"A tense psychological thriller filled with paranoia, secrets and shocking twists.",An agoraphobic woman witnesses something she shouldn't have seen.,Can you trust what you think you saw?,Addictive Psychological Thrillers,October,,,,,Yes,International Bestseller,Film Adaptation,High,High,,
Siva: The Siva Purana Retold,,Ramesh Menon,Male,India,English,,2024,480,,,Non-fiction,Hindu Scriptures,Mythology,Purana Retelling,Adult,No,,,Yes,Shiva; Creation; Devotion,Spiritual; Reflective,Retelling,Shiva Purana,No,No,Secondary,Shiva Literature,Mythology Recommendation,Beginner,Shiva Purana; Shiva by Shubha Vilas,An engaging modern retelling of the Shiva Purana for contemporary readers.,Ramesh Menon simplifies timeless stories while preserving their spiritual depth.,Discover Shiva beyond the myths.,Beginner Books on Lord Shiva,July,,,,,Yes,Bestseller,No,Moderate,High,,
Panther's Ghosts: The Beginning,,Ajit,Male,India,English,,2023,320,,,Fiction,Action Thriller,Military Fiction,Spy Thriller,Adult,No,,,Yes,Espionage; Missions; Patriotism,Fast-paced; Action-packed,Secret Agent,Indian Thriller,No,No,Secondary,Indian Action Thrillers,Thriller Recommendation,Beginner,Bard of Blood; Before You Breathe,A fast-paced action thriller packed with espionage and danger.,Secret missions and national security drive this gripping adventure.,Every mission has a ghost story.,Indian Spy Thrillers,November,,,,,Yes,Popular Release,No,Low,Moderate,,
Abhimanyu,,Anuja Chandramouli,Female,India,English,,2020,320,,,Fiction,Mythological Fiction,Historical Fiction,Mahabharata Retelling,Adult,No,,,Yes,Abhimanyu; Courage; Sacrifice,Emotional; Epic,Warrior Hero,Mahabharata,Yes,No,Secondary,Mahabharata Retellings,Mythology Recommendation,Beginner,The Accursed God; Ajaya,The tragic hero of the Mahabharata finally gets the spotlight he deserves.,"Anuja Chandramouli reimagines Abhimanyu's courage, sacrifice and legacy.",The bravest warrior had the shortest life.,Unsung Heroes of the Mahabharata,August,,,,,Yes,Bestseller,No,Moderate,High,,
And the Mountains Echoed,,Khaled Hosseini,Male,Afghanistan,English,,2013,416,,,Fiction,Literary Fiction,Family Saga,Contemporary Fiction,Adult,No,,,Yes,Family; Sacrifice; Love,Emotional; Reflective,Interconnected Stories,Literary Fiction,No,Yes,Primary,Literary Fiction,Literary Recommendation,Intermediate,A Thousand Splendid Suns; The Kite Runner,"A moving family saga exploring love, sacrifice and human connection.",Khaled Hosseini tells interconnected stories spanning generations and continents.,Every chapter feels like its own masterpiece.,Books That Stay With You Forever,April,,,,,Yes,International Bestseller,No,High,Extremely High,,
The Tattoo Trail,,Gurucharan Singh Gandhi,Male,India,English,,2023,320,,,Fiction,Crime Thriller,Mystery,Detective Fiction,Adult,No,,,Yes,Murder; Investigation; Secrets,Suspenseful; Fast-paced,Crime Investigation,Indian Crime Fiction,No,No,Secondary,Indian Crime Fiction,Mystery Recommendation,Beginner,The Devotion of Suspect X; One Arranged Murder,A gripping crime novel that follows clues hidden beneath the surface.,Gurucharan Singh Gandhi crafts a suspenseful investigation with plenty of twists.,Every tattoo tells a different story.,Indian Mystery Books,October,,,,,Yes,Popular Release,No,Low,Moderate,,
GAZALA,,Suman Siwach,Female,India,English,,2023,300,,,Fiction,Historical Fiction,Women's Fiction,Partition Fiction,Adult,No,,,Yes,Identity; Survival; Partition,Emotional; Thought-provoking,Strong Female Lead,Indian Historical Fiction,Yes,Yes,Primary,Partition Fiction,Historical Fiction Recommendation,Intermediate,Pinjar; A Woman Is No Man,"A powerful story of identity, resilience and survival against a turbulent historical backdrop.",Suman Siwach explores the emotional cost of conflict through unforgettable characters.,Some stories deserve to be remembered forever.,Books on Partition and Women's Lives,August,,,,,Yes,Critically Acclaimed,No,Moderate,High,,
The Brahmin,,Ravi Shankar Etteth,Male,India,English,,2013,432,,,Fiction,Historical Thriller,Mythological Thriller,Political Thriller,Adult,No,,,Yes,Religion; Politics; Ancient Secrets,Suspenseful; Thought-provoking,Secret Society,Indian Historical Thriller,No,No,Secondary,Indian Historical Thrillers,Thriller Recommendation,Intermediate,Chanakya's Chant; The Krishna Key,"A gripping conspiracy thriller blending religion, politics and forgotten history.",Ravi Shankar Etteth crafts a fast-paced mystery rooted in India's ancient past.,What if history hid the greatest conspiracy of all?,Indian Historical Thrillers,August,,,,,Yes,Bestseller,No,Moderate,High,,
"The Mahabharata: A Modern Rendering, Vol. 1",,Ramesh Menon,Male,India,English,,2003,720,,,Fiction,Mythological Fiction,Epic Literature,Mahabharata Retelling,Adult,Yes,The Mahabharata: A Modern Rendering,1,No,Dharma; Destiny; Family,Epic; Philosophical,Epic Retelling,Mahabharata,No,No,Secondary,Mahabharata Retellings,Mythology Recommendation,Intermediate,Jaya; The Palace of Illusions,An accessible yet faithful modern retelling of India's greatest epic.,Ramesh Menon brings the Mahabharata alive with rich storytelling and literary elegance.,The perfect place to begin your Mahabharata journey.,Best Mahabharata Books for Beginners,August,,,,,Yes,Critically Acclaimed,No,Moderate,High,,
The Hidden Hindu,,Akshat Gupta,Male,India,English,,2021,256,,,Fiction,Mythological Thriller,Fantasy,Adventure,Adult,Yes,The Hidden Hindu,1,No,Immortality; Ancient Secrets; Sanatan Dharma,Fast-paced; Cinematic,Chosen One,Indian Mythology Thriller,No,No,Secondary,Indian Mythological Thrillers,Mythology Recommendation,Beginner,The Krishna Key; Keepers of the Kalachakra,"Mythology, immortality and mystery combine in one addictive page-turner.",Akshat Gupta launches a bestselling trilogy exploring the secrets of Sanatan Dharma.,What if immortals still walk among us?,Modern Mythology Thrillers,July,,,,,Yes,Bestseller,Series Announced,Extremely High,Extremely High,,
The Hidden Hindu 2,,Akshat Gupta,Male,India,English,,2022,272,,,Fiction,Mythological Thriller,Fantasy,Adventure,Adult,Yes,The Hidden Hindu,2,No,Immortality; Mystery; Mythology,Action-packed; Suspenseful,Secret Identity,Indian Fantasy,No,No,Secondary,The Hidden Hindu Series,Series Recommendation,Beginner,The Hidden Hindu; The Hidden Hindu 3,The mystery deepens with higher stakes and shocking revelations.,The second installment expands the mythology and introduces even bigger twists.,Every answer leads to another mystery.,Mythology Series Worth Binge Reading,July,,,,,Yes,Bestseller,Series Announced,Extremely High,Extremely High,,
The Hidden Hindu 3,,Akshat Gupta,Male,India,English,,2023,288,,,Fiction,Mythological Thriller,Fantasy,Adventure,Adult,Yes,The Hidden Hindu,3,No,Ancient Wisdom; Destiny; Secrets,Fast-paced; Epic,Myth Meets Modern,Mythology Series,No,No,Secondary,The Hidden Hindu Series,Series Recommendation,Beginner,The Hidden Hindu 2; Son of Bhrigu,"A thrilling conclusion packed with mythology, action and ancient secrets.",Akshat Gupta wraps up the trilogy with epic revelations and fast-paced storytelling.,The ending every mythology fan was waiting for.,Completed Mythology Trilogies,July,,,,,Yes,Bestseller,Series Announced,Extremely High,Extremely High,,
The Half Empress,,Tripti Pandey,Female,India,English,,2024,352,,,Fiction,Historical Fiction,Women's Fiction,Mughal Fiction,Adult,No,,,Yes,Power; Identity; Womanhood,Emotional; Atmospheric,Strong Female Lead,Indian Historical Fiction,Yes,Yes,Primary,Women in History,Historical Fiction Recommendation,Beginner,The Palace of Illusions; The Women of Troy,"A compelling historical novel about power, identity and a woman's place in history.",Tripti Pandey tells the story of a remarkable woman navigating the complexities of royal life.,History remembers kings. This book remembers a queen.,Women-Centric Historical Fiction,March,,,,,Yes,Popular Release,No,Moderate,High,,
The Sun Is Also a Star,,Nicola Yoon,Female,United States,English,,2016,384,,,Fiction,Young Adult Romance,Contemporary Fiction,Coming-of-Age,Young Adult,No,,,Yes,Love; Fate; Family,Emotional; Hopeful,Instalove,YA Romance,Yes,Yes,Primary,Young Adult Romance,Romance Recommendation,Beginner,Eleanor & Park; Every Day,"A beautiful YA romance exploring destiny, love and second chances.",Nicola Yoon's heartfelt novel follows two strangers whose lives change in a single day.,Can one day change your entire life?,Young Adult Romance Books,February,,,,,Yes,International Bestseller,Film Adaptation,High,High,,
The Protected Rakshasa KAAL,Book 2 of KAVAACH Trilogy,Pranay Bhalerao,Male,India,English,,2024,360,,,Fiction,Mythological Fantasy,Adventure,Epic Fantasy,Adult,Yes,KAVAACH Trilogy,2,No,Rakshasa; Ancient Powers; Destiny,Fast-paced; Epic,Mythological Quest,Indian Fantasy,No,No,Secondary,KAVAACH Trilogy,Fantasy Recommendation,Beginner,The Wielder of the Trishul; Samsara,"The KAVAACH saga continues with more mythology, action and supernatural battles.",Pranay Bhalerao expands his fantasy universe with higher stakes and darker enemies.,Ancient guardians return stronger than ever.,Indian Fantasy Series,July,,,,,Yes,Popular Release,No,Moderate,Moderate,,
The Mists of Brahma,The Pataala Prophecy #2,Christopher C. Doyle,Male,India,English,,2023,400,,,Fiction,Mythological Thriller,Adventure,Archaeological Thriller,Adult,Yes,The Pataala Prophecy,2,No,Brahma; Ancient Secrets; Mystery,Suspenseful; Action-packed,Treasure Hunt,Indian Mythology Thriller,No,No,Secondary,The Pataala Prophecy,Mythology Recommendation,Intermediate,Son of Bhrigu; The Mahabharata Secret,Another exhilarating archaeological thriller rooted in Indian mythology.,"Christopher C. Doyle combines history, adventure and suspense in a globe-spanning mystery.",Every myth hides another secret.,Mythology Adventure Series,August,,,,,Yes,Popular Release,No,Moderate,High,,
Son of Bhrigu,The Pataala Prophecy #1,Christopher C. Doyle,Male,India,English,,2022,384,,,Fiction,Mythological Thriller,Adventure,Archaeological Thriller,Adult,Yes,The Pataala Prophecy,1,No,Sages; Ancient India; Mythology,Fast-paced; Suspenseful,Hidden History,Mythological Adventure,No,No,Secondary,The Pataala Prophecy,Mythology Recommendation,Beginner,The Hidden Hindu; The Krishna Key,An exciting adventure where mythology and archaeology collide.,Christopher C. Doyle launches a thrilling new mythology series inspired by ancient India.,The prophecy begins here.,New Indian Mythology Series,August,,,,,Yes,Popular Release,No,Moderate,High,,
Life's Amazing Secrets,How to Find Balance and Purpose in Your Life,Gaur Gopal Das,Male,India,English,,2018,232,,,Non-fiction,Self-help,Spirituality,Personal Development,Adult,No,,,Yes,Happiness; Balance; Purpose,Inspiring; Reflective,Life Lessons,Self-help,No,No,Secondary,Self-help,Personal Growth Recommendation,Beginner,Ikigai; The Monk Who Sold His Ferrari,"A practical guide to finding happiness, balance and purpose in everyday life.",Gaur Gopal Das combines spiritual wisdom with relatable life lessons.,A book that feels like a conversation with a wise friend.,Self-help Books That Actually Help,January,,,,,Yes,National Bestseller,No,High,High,,
The Legend of Bahirji-Naik,Siege of Panhala (Book II),Shreyas Bhave,Male,India,English,,2022,360,,,Fiction,Historical Fiction,Military Fiction,Maratha History,Adult,Yes,The Legend of Bahirji-Naik,2,No,Shivaji; Espionage; War,Action-packed; Historical,Warrior Hero,Maratha History,No,No,Secondary,Maratha Historical Fiction,Historical Fiction Recommendation,Intermediate,Shivaji-related historical fiction; Rebellion,A thrilling tale of espionage and warfare during the Maratha empire.,Shreyas Bhave brings Bahirji Naik's legendary exploits to life.,India's greatest spy deserves more readers.,Maratha History Books,August,,,,,Yes,Popular Release,No,Moderate,Moderate,,
Samsara,Enter the Valley of the Gods,Saksham Garg,Male,India,English,,2022,480,,,Fiction,Fantasy,Mythological Fantasy,Epic Fantasy,Young Adult,Yes,Samsara,1,No,Gods; Destiny; Adventure,Epic; Fast-paced,Hero's Journey,Indian Fantasy,No,No,Secondary,Indian Fantasy,Fantasy Recommendation,Beginner,Sons of Darkness; The Poppy War,An ambitious fantasy inspired by Indian mythology and divine realms.,"Saksham Garg creates an expansive world filled with gods, prophecies and adventure.",Imagine Percy Jackson inspired by Indian mythology.,Indian Fantasy Recommendations,July,,,,,Yes,Bestseller,No,High,High,,
"Tomorrow, and Tomorrow, and Tomorrow",,Gabrielle Zevin,Female,United States,English,,2022,416,,,Fiction,Literary Fiction,Contemporary Fiction,Friendship Fiction,Adult,No,,,Yes,Friendship; Creativity; Love,Emotional; Reflective,Found Family,Literary Fiction,Yes,Yes,Primary,Literary Fiction,Literary Recommendation,Intermediate,Tomorrow's literary fiction; Normal People,"A moving novel about friendship, creativity and the complicated ways people love each other.",Gabrielle Zevin tells an unforgettable story spanning decades through the lens of video game creators.,One of the finest contemporary novels of recent years.,Books About Friendship,April,,,,,Yes,Award-winning Bestseller,No,High,Extremely High,,
The 4th Traitor,Unit 22 #4,Mainak Dhar,Male,India,English,,2020,352,,,Fiction,Military Thriller,Spy Thriller,Political Thriller,Adult,Yes,Unit 22,4,No,Espionage; National Security,Fast-paced; Tense,Special Forces,Indian Thriller,No,No,Secondary,Unit 22 Series,Thriller Recommendation,Intermediate,Bard of Blood; Before You Breathe,Another explosive military thriller packed with espionage and action.,Mainak Dhar continues his acclaimed Unit 22 series with high-stakes missions.,Trust becomes the deadliest weapon.,Indian Spy Thrillers,November,,,,,Yes,Bestseller,No,Moderate,Moderate,,
The Curse of Anuganga,,Harini Srinivasan,Female,India,English,,2024,336,,,Fiction,Mythological Fiction,Historical Fiction,Ancient India,Adult,No,,,Yes,Curse; Destiny; Indian Mythology,Atmospheric; Emotional,Ancient Prophecy,Mythology,Yes,Yes,Primary,Indian Mythological Fiction,Mythology Recommendation,Beginner,Yajnaseni; The Accursed God,A fresh mythology-inspired novel exploring destiny and forgotten legends.,Harini Srinivasan blends mythology with compelling storytelling.,Ancient curses never truly disappear.,New Mythology Books by Indian Authors,August,,,,,Yes,Popular Release,No,Moderate,High,,
Sivakami's Vow,Paranjyothi's Journey (Book 1),Kalki Krishnamurthy,Male,India,Tamil,,1944,450,,,Fiction,Historical Fiction,Classic Literature,Chola/Pallava History,Adult,Yes,Sivakamiyin Sabadham,1,No,Love; War; History,Epic; Literary,Historical Epic,Tamil Classic,No,Yes,Primary,Tamil Historical Classics,Historical Fiction Recommendation,Advanced,Ponniyin Selvan; The Women of Troy,A landmark historical novel set during the Pallava dynasty.,"Kalki Krishnamurthy's masterpiece combines history, romance and political intrigue.","Before Ponniyin Selvan, there was Sivakamiyin Sabadham.",Classic Tamil Historical Fiction,September,,,,,Yes,Classic Bestseller,Multiple Adaptation Discussions,Moderate,High,,
"Sivakamiyin Sabadham, Volume 2",The Siege of Kanchi,Kalki Krishnamurthy,Male,India,Tamil,,1945,430,,,Fiction,Historical Fiction,Classic Literature,Tamil Historical Fiction,Adult,Yes,Sivakamiyin Sabadham,2,No,Kingdoms; War; Strategy,Epic; Immersive,Historical Saga,Tamil Literature,No,Yes,Primary,Tamil Historical Classics,Historical Fiction Recommendation,Advanced,Sivakami's Vow; Ponniyin Selvan,"The saga continues with political intrigue, war and unforgettable characters.",The siege of Kanchi becomes one of the defining moments of this classic series.,History has never been this gripping.,Tamil Classics Worth Reading,September,,,,,Yes,Classic Bestseller,No,Low,Moderate,,
"Sivakamiyin Sabadham, Volume 4",Shattered Dream,Kalki Krishnamurthy,Male,India,Tamil,,1946,420,,,Fiction,Historical Fiction,Classic Literature,Tamil Historical Fiction,Adult,Yes,Sivakamiyin Sabadham,4,No,Sacrifice; Destiny; Empire,Emotional; Epic,Historical Drama,Tamil Classic,No,Yes,Primary,Tamil Historical Classics,Historical Fiction Recommendation,Advanced,Sivakami's Vow; Ponniyin Selvan,"A powerful conclusion filled with sacrifice, heartbreak and destiny.",Kalki brings the beloved historical saga to a memorable close.,Some endings stay with you forever.,Epic Historical Fiction,September,,,,,Yes,Classic Bestseller,No,Low,Moderate,,
Sivakami's Vow,The Bikshu's Love (Book 3),Kalki Krishnamurthy,Male,India,Tamil,,1945,420,,,Fiction,Historical Fiction,Classic Literature,Tamil Historical Fiction,Adult,Yes,Sivakamiyin Sabadham,3,No,Love; Loyalty; Conflict,Literary; Epic,Historical Romance,Tamil Historical Novel,No,Yes,Primary,Tamil Historical Classics,Historical Fiction Recommendation,Advanced,Sivakami's Vow; The Siege of Kanchi,"Love, loyalty and sacrifice shape the emotional core of the third volume.",One of the most beloved installments in Kalki's legendary historical saga.,"When love and duty collide, history is rewritten.",Classic Indian Historical Series,September,,,,,Yes,Classic Bestseller,No,Low,Moderate,,
None of This Is True,,Lisa Jewell,Female,United Kingdom,English,,2023,384,,,Fiction,Psychological Thriller,Mystery,Domestic Thriller,Adult,No,,,Yes,Secrets; Identity; Obsession,Suspenseful; Dark,Unreliable Narrator,Psychological Thriller,Yes,Yes,Primary,Psychological Thrillers,Thriller Recommendation,Beginner,Never Lie; The Silent Patient,A chilling psychological thriller where nothing is quite what it seems.,"Lisa Jewell delivers a suspenseful story filled with lies, obsession and shocking twists.",Trust no one. Not even the narrator.,Best Psychological Thrillers,October,,,,,Yes,Bestseller,No,High,High,,
Valmiki's Women,,Anand Neelakantan,Male,India,English,,2024,320,,,Non-fiction,Mythology,Hindu Scriptures,Ramayana Studies,Adult,No,,,Yes,Women of Ramayana; Feminine Perspectives,Reflective; Insightful,Untold Stories,Ramayana,No,Yes,Primary,Ramayana Studies,Mythology Recommendation,Intermediate,Sita's Sister; Ramayana Unravelled,A fascinating exploration of the overlooked women of the Ramayana.,Anand Neelakantan reexamines Valmiki's epic through its remarkable female characters.,The Ramayana has many women whose stories deserve to be heard.,Women of the Ramayana,August,,,,,Yes,Popular Release,No,Moderate,High,,
Ramayana Unravelled,Lesser Known Facets of Rishi Vālmiki's Epic,Ami Ganatra,Female,India,English,,2022,360,,,Non-fiction,Mythology,Hindu Scriptures,Ramayana Analysis,Adult,No,,,Yes,Ramayana; Dharma; Interpretation,Thought-provoking; Informative,Mythology Explained,Ramayana,Yes,No,Primary,Mythology Explained,Mythology Recommendation,Intermediate,Mahabharata Unravelled; Valmiki's Women,A thoughtful guide to the lesser-known dimensions of the Ramayana.,Ami Ganatra separates popular myths from the original epic with engaging analysis.,How much of the Ramayana do we actually know?,Ramayana Books for Beginners,August,,,,,Yes,Bestseller,No,Moderate,High,,
Mahabharata Unravelled II,The Dharma Discourses,Ami Ganatra,Female,India,English,,2024,320,,,Non-fiction,Mythology,Philosophy,Mahabharata Studies,Adult,Yes,Mahabharata Unravelled,2,No,Dharma; Philosophy; Mahabharata,Reflective; Scholarly,Epic Analysis,Mahabharata,Yes,No,Secondary,Mahabharata Studies,Mythology Recommendation,Advanced,Mahabharata Unravelled; Yuganta,A deeper philosophical exploration of the Mahabharata's timeless lessons.,"Ami Ganatra focuses on dharma, ethics and the wisdom hidden within the epic.",The Mahabharata is more philosophy than war.,Understanding Dharma Through Books,September,,,,,Yes,Bestseller,No,Moderate,High,,
Mahabharata Unravelled,Lesser-Known Facets of a Well-Known History,Ami Ganatra,Female,India,English,,2021,320,,,Non-fiction,Mythology,Hindu Scriptures,Mahabharata Analysis,Adult,Yes,Mahabharata Unravelled,1,No,Mahabharata; Dharma; History,Informative; Reflective,Mythology Explained,Mahabharata,Yes,No,Secondary,Mahabharata Studies,Mythology Recommendation,Intermediate,Jaya; Mahabharata: A Modern Rendering,A brilliant introduction to the lesser-known truths of the Mahabharata.,Ami Ganatra dispels common misconceptions while remaining faithful to the original text.,Think you know the Mahabharata? Think again.,Best Books on Mahabharata,August,,,,,Yes,Bestseller,No,Moderate,High,,
Below Zero,The STEMinist Novellas #3,Ali Hazelwood,Female,Italy/United States,English,,2022,144,,,Fiction,Contemporary Romance,Romantic Comedy,STEM Romance,Adult,Yes,STEMinist Novellas,3,No,Love; Science; Second Chances,Light-hearted; Romantic,Forced Proximity,STEM Romance,Yes,Yes,Primary,STEM Romance,Romance Recommendation,Beginner,"Love on the Brain; Love, Theoretically","A fun novella packed with science, romance and witty banter.","Ali Hazelwood's STEMinist novella offers a quick, satisfying romance.",Proof that even scientists fall in love.,Quick Romance Reads,February,,,,,Yes,Bestseller,No,High,High,,
"Love, Theoretically",,Ali Hazelwood,Female,Italy/United States,English,,2023,400,,,Fiction,Contemporary Romance,Romantic Comedy,STEM Romance,Adult,No,,,Yes,Love; Academia; Identity,Funny; Heartwarming,Fake Dating; Academia,Romance,Yes,Yes,Primary,STEM Romance,Romance Recommendation,Beginner,The Love Hypothesis; Love on the Brain,A charming romance filled with academic rivalry and irresistible chemistry.,"Ali Hazelwood combines science, humor and heartfelt romance.",STEM romance at its absolute best.,Best Ali Hazelwood Books,February,,,,,Yes,Bestseller,No,Extremely High,Extremely High,,
Check & Mate,,Ali Hazelwood,Female,Italy/United States,English,,2023,352,,,Fiction,Young Adult Romance,Contemporary Fiction,Sports Romance,Young Adult,No,,,Yes,Chess; Competition; Love,Sweet; Inspiring,Rivals to Lovers,YA Romance,Yes,Yes,Primary,Young Adult Romance,Romance Recommendation,Beginner,Better Than the Movies; Today Tonight Tomorrow,"Chess, competition and first love come together in this delightful YA romance.",Ali Hazelwood steps into YA with an engaging coming-of-age romance.,Who knew chess could be this romantic?,YA Romance Recommendations,February,,,,,Yes,Bestseller,No,High,High,,
Love on the Brain,,Ali Hazelwood,Female,Italy/United States,English,,2022,368,,,Fiction,Contemporary Romance,Romantic Comedy,STEM Romance,Adult,No,,,Yes,Love; Engineering; Workplace,Funny; Romantic,Enemies to Lovers,STEM Romance,Yes,Yes,Primary,STEM Romance,Romance Recommendation,Beginner,"The Love Hypothesis; Love, Theoretically",A hilarious enemies-to-lovers romance set in the world of engineering.,"Smart, funny and heartwarming, it's another Ali Hazelwood favorite.",Science + romance = perfection.,STEM Romance Books,February,,,,,Yes,Bestseller,No,Extremely High,Extremely High,,
The Echo of Old Books,,Barbara Davis,Female,United States,English,,2023,432,,,Fiction,Historical Fiction,Mystery,Dual Timeline Fiction,Adult,No,,,Yes,Books; Family Secrets; Love,Atmospheric; Emotional,Books About Books,Historical Fiction,Yes,Yes,Primary,Books About Books,Book Lover Recommendation,Intermediate,The Reading List; The Lost Bookshop,"A magical novel about forgotten books, lost love and second chances.",Barbara Davis celebrates stories that connect generations.,Every old book hides a forgotten life.,Books Every Book Lover Should Read,April,,,,,Yes,Bestseller,No,Moderate,High,,
Me Before You,Me Before You #1,Jojo Moyes,Female,United Kingdom,English,,2012,384,,,Fiction,Contemporary Romance,Women's Fiction,Emotional Drama,Adult,Yes,Me Before You,1,No,Love; Disability; Hope,Emotional; Heartbreaking,Caregiver Romance,Romance,Yes,Yes,Primary,Emotional Romance,Romance Recommendation,Beginner,The Fault in Our Stars; One Day,A deeply emotional love story that stays with readers long after the final page.,"Jojo Moyes explores love, choice and hope with unforgettable characters.",Bring tissues before you start this one.,Heartbreaking Romance Books,February,,,,,Yes,International Bestseller,Film Adaptation,High,Extremely High,,
Fourth Wing,The Empyrean #1,Rebecca Yarros,Female,United States,English,,2023,528,,,Fiction,Fantasy,Romantic Fantasy,Dragon Fantasy,Adult,Yes,The Empyrean,1,No,Dragons; War; Survival,Addictive; Fast-paced,Enemies to Lovers,Romantasy,Yes,Yes,Primary,Romantasy,Fantasy Recommendation,Beginner,Iron Flame; One Dark Window,"Dragons, romance and brutal trials make this one of the biggest fantasy hits in years.",Rebecca Yarros delivers addictive romantasy with unforgettable characters.,The fantasy book everyone is talking about.,Romantasy Starter Pack,October,,,,,Yes,Global Bestseller,TV Adaptation Announced,Extremely High,Extremely High,,
The God of Small Things,,Arundhati Roy,Female,India,English,,1997,340,,,Fiction,Literary Fiction,Family Saga,Contemporary Fiction,Adult,No,,,Yes,Family; Love; Caste,Lyrical; Emotional,Non-linear Narrative,Booker Prize,Yes,Yes,Primary,Indian Literary Fiction,Literary Recommendation,Advanced,A Fine Balance; The Ministry of Utmost Happiness,"A Booker Prize-winning masterpiece exploring family, memory and forbidden love.",Arundhati Roy's lyrical prose transformed Indian English literature.,Every sentence feels like poetry.,Booker Prize Winners,April,,,,,Yes,Booker Prize Winner,No,Moderate,High,,
Krishna: Maha Vishnu Avatar,,Kevin Missal,Male,India,English,,2023,400,,,Fiction,Mythological Fiction,Fantasy,Krishna Retelling,Adult,No,,,Yes,Krishna; Dharma; Divinity,Epic; Action-packed,Divine Hero,Indian Mythology,No,No,Secondary,Krishna Retellings,Mythology Recommendation,Beginner,Krishna; Blue God,Kevin Missal reimagines Krishna's legendary journey with cinematic storytelling.,A modern mythological retelling packed with action and devotion.,Krishna like you've never imagined before.,Modern Mythology Books,August,,,,,Yes,Bestseller,No,Moderate,High,,
The Mars Conspiracy,,Razi,Male,India,English,,2023,320,,,Fiction,Science Fiction,Thriller,Space Thriller,Adult,No,,,Yes,Mars; Conspiracy; Technology,Fast-paced; Suspenseful,Space Mission,Sci-Fi,No,No,Secondary,Indian Science Fiction,Sci-Fi Recommendation,Intermediate,Project Hail Mary; Dark Matter,A gripping sci-fi thriller built around a dangerous conspiracy on Mars.,"Mystery, technology and survival collide in this fast-paced adventure.",Mars isn't as empty as we thought.,Science Fiction by Indian Authors,November,,,,,Yes,Popular Release,No,Low,Moderate,,
"Love, Swipe, Blackmail",,Nitish Bhushan,Male,India,English,,2024,300,,,Fiction,Romantic Thriller,Contemporary Fiction,Tech Thriller,Adult,No,,,Yes,Dating Apps; Crime; Secrets,Fast-paced; Twisty,Online Dating,Indian Thriller,No,Yes,Primary,Indian Contemporary Thrillers,Thriller Recommendation,Beginner,Love Story; Shadow Play: Love & Blackmail,"Romance, technology and crime collide in this contemporary thriller.",Nitish Bhushan explores the dark side of online dating and digital relationships.,Would you trust someone you met online?,Tech Thrillers by Indian Authors,July,,,,,Yes,Popular Release,No,Moderate,Moderate,,
Days at the Morisaki Bookshop,Days at the Morisaki Bookshop #1,Satoshi Yagisawa,Male,Japan,Japanese,Eric Ozawa,2009,160,,,Fiction,Literary Fiction,Slice of Life,Cozy Fiction,Adult,Yes,Days at the Morisaki Bookshop,1,No,Books; Healing; Family,Cozy; Comforting,Bookshop Setting,Japanese Literature,No,Yes,Primary,Japanese Healing Fiction,Cozy Recommendation,Beginner,What You Are Looking For Is in the Library; Welcome to the Hyunam-Dong Bookshop,A heartwarming Japanese novel about healing through books and quiet moments.,A comforting story for every reader who believes books can change lives.,The cozy book every book lover deserves.,Healing Japanese Fiction,January,,,,,Yes,International Bestseller,Film Adaptation,High,Extremely High,,
Ahalya,,Koral Dasgupta,Female,India,English,,2020,280,,,Fiction,Mythological Fiction,Historical Fiction,Ramayana Retelling,Adult,Yes,The Sati Series,1,No,Ahalya; Redemption; Womanhood,Emotional; Reflective,Feminist Retelling,Indian Mythology,Yes,Yes,Primary,The Sati Series,Mythology Recommendation,Beginner,Menaka's Choice; Ahalya's Awakening,A feminist retelling that gives one of mythology's most misunderstood women her voice.,Koral Dasgupta begins her acclaimed Sati Series with Ahalya's story.,She was never just a footnote in mythology.,Women of Indian Mythology,August,,,,,Yes,Popular Series,No,Moderate,High,,
The Divine Sword,,Rita Chowdhury,Female,India,English,,2023,360,,,Fiction,Historical Fiction,Mythological Fiction,Ancient India,Adult,No,,,Yes,Power; History; Destiny,Epic; Atmospheric,Historical Adventure,Indian Historical Fiction,Yes,Yes,Primary,Indian Historical Fiction,Historical Fiction Recommendation,Intermediate,The Hidden Hindu; The Brahmin,"A rich historical novel weaving mythology, history and adventure together.",Rita Chowdhury creates an immersive story rooted in India's cultural heritage.,Ancient India still has stories left to tell.,Historical Fiction by Indian Authors,September,,,,,Yes,Critically Acclaimed,No,Moderate,Moderate,,
Scarecrow / Seven Ancient Wonders,,Matthew Reilly,Male,Australia,English,,2005 / 2003,500,,,Fiction,Action Thriller,Adventure,Archaeological Thriller,Adult,Yes,Shane Schofield / Jack West Jr.,Various,No,Ancient Wonders; Military Action; Treasure Hunt,Fast-paced; Cinematic,Race Against Time,Action Thriller,No,No,Secondary,Action Adventure Series,Adventure Recommendation,Beginner,The Da Vinci Code; Ice Station,"Matthew Reilly delivers explosive action, impossible missions and relentless pacing.","Whether it's Jack West Jr. or Shane Schofield, expect nonstop cinematic thrills.",Blink once and you'll miss another explosion.,Fast-Paced Action Thrillers,November,,,,,Yes,International Bestseller,Film Rights Optioned,Moderate,Moderate,,
Kaalchakra: The Rise of Kalki,,Aaditya Sengupta Dhar,Male,India,English,,2024,360,,,Fiction,Mythological Fantasy,Adventure,Kalki Fiction,Adult,Yes,Kaalchakra,1,No,Kalki; Prophecy; Dharma,Epic; Fast-paced,Chosen One,Indian Mythology,No,No,Secondary,Indian Mythological Fantasy,Mythology Recommendation,Beginner,The Hidden Hindu; Kalki Trilogy,A thrilling modern fantasy inspired by the prophecy of Kalki.,"Aaditya Sengupta Dhar blends mythology, action and prophecy into an exciting adventure.",What if Kalki's story has already begun?,Modern Indian Mythology Books,August,,,,,Yes,Popular Release,No,Moderate,High,,
The Lost Bookshop,,Evie Woods,Female,Ireland,English,,2023,448,,,Fiction,Magical Realism,Historical Fiction,Books About Books,Adult,No,,,Yes,Books; Hope; Second Chances,Cozy; Emotional,Hidden Bookshop,Book Lover Fiction,Yes,Yes,Primary,Books About Books,Cozy Recommendation,Beginner,Days at the Morisaki Bookshop; The Reading List,"A magical celebration of books, hope and second chances.",Evie Woods creates an enchanting story about a hidden bookshop that changes lives.,Every book lover deserves to visit this bookshop.,Cozy Bookshop Fiction,January,,,,,Yes,International Bestseller,No,High,Extremely High,,
Bride,Bride #1,Ali Hazelwood,Female,Italy/United States,English,,2024,416,,,Fiction,Paranormal Romance,Fantasy,Vampire Romance,Adult,Yes,Bride,1,No,Vampires; Werewolves; Love,Romantic; Funny,Marriage of Convenience,Romantasy,Yes,Yes,Primary,Romantasy,Romance Recommendation,Beginner,Fourth Wing; The Serpent and the Wings of Night,Ali Hazelwood brings her signature humor to vampires and werewolves.,A witty paranormal romance packed with chemistry and supernatural intrigue.,"Ali Hazelwood writing vampires? Yes, please.",Best Romantasy Books,October,,,,,Yes,Bestseller,No,Extremely High,Extremely High,,
The Forty Rules of Love,,Elif Shafak,Female,Turkey,English,,2009,368,,,Fiction,Literary Fiction,Historical Fiction,Spiritual Fiction,Adult,No,,,Yes,Love; Sufism; Transformation,Reflective; Philosophical,Dual Timeline,Literary Fiction,Yes,Yes,Primary,Literary Fiction,Inspirational Recommendation,Intermediate,The Alchemist; The Prophet,"A deeply moving novel exploring love, spirituality and self-discovery.",Elif Shafak intertwines modern life with the story of Rumi and Shams of Tabriz.,Some books arrive exactly when you need them.,Books That Change Your Perspective,February,,,,,Yes,International Bestseller,No,High,High,,
The Henna Artist,The Jaipur Trilogy #1,Alka Joshi,Female,India,English,,2020,384,,,Fiction,Historical Fiction,Women's Fiction,Post-Independence India,Adult,Yes,The Jaipur Trilogy,1,No,Identity; Freedom; Family,Immersive; Emotional,Strong Female Lead,Indian Historical Fiction,Yes,Yes,Primary,Jaipur Trilogy,Historical Fiction Recommendation,Beginner,Before We Visit the Goddess; The Book of Everlasting Things,"A richly detailed story of resilience, ambition and self-discovery in post-independence India.",Alka Joshi's bestselling novel introduces the unforgettable Lakshmi.,Jaipur has never looked more beautiful on paper.,Historical Fiction by Indian Women,March,,,,,Yes,International Bestseller,TV Adaptation Announced,High,High,,
A Thousand Ships,,Natalie Haynes,Female,United Kingdom,English,,2019,352,,,Fiction,Mythological Fiction,Historical Fiction,Greek Myth Retelling,Adult,No,,,Yes,Trojan War; Women; Survival,Emotional; Poignant,Feminist Retelling,Greek Mythology,Yes,Yes,Primary,Greek Mythology Retellings,Mythology Recommendation,Intermediate,Ariadne; The Women of Troy,The Trojan War retold through the voices of its forgotten women.,Natalie Haynes gives agency and depth to women history almost ignored.,History remembers heroes. This book remembers women.,Feminist Greek Myth Retellings,May,,,,,Yes,Critically Acclaimed,No,High,High,,
The Ramayana,A Modern Retelling of the Great Indian Epic,Ramesh Menon,Male,India,English,,2004,640,,,Fiction,Mythological Fiction,Epic Literature,Ramayana Retelling,Adult,No,,,Yes,Dharma; Duty; Good vs Evil,Epic; Immersive,Classic Retelling,Ramayana,No,No,Secondary,Ramayana Retellings,Mythology Recommendation,Beginner,Ramayana Unravelled; Jaya,One of the most accessible modern retellings of the Ramayana.,Ramesh Menon balances literary elegance with faithfulness to Valmiki's epic.,A timeless epic told for modern readers.,Best Ramayana Books,August,,,,,Yes,Bestseller,No,Moderate,High,,
The Book of Everlasting Things,,Aanchal Malhotra,Female,India,English,,2023,400,,,Fiction,Historical Fiction,Literary Fiction,Partition Fiction,Adult,No,,,Yes,Partition; Love; Memory,Emotional; Literary,Star-crossed Lovers,Partition Literature,Yes,Yes,Primary,Partition Literature,Historical Fiction Recommendation,Intermediate,A Thousand Splendid Suns; The Island of Missing Trees,A moving love story set against the backdrop of Partition.,"Aanchal Malhotra combines history, grief and hope into an unforgettable novel.",Some love stories survive history itself.,Partition Fiction Recommendations,August,,,,,Yes,Critically Acclaimed,No,Moderate,High,,
Crime and Punishment,,Fyodor Dostoevsky,Male,Russia,Russian,Constance Garnett (commonly),1866,671,,,Fiction,Classic Literature,Psychological Fiction,Philosophical Novel,Adult,No,,,Yes,Guilt; Morality; Redemption,Dark; Introspective,Antihero,Russian Classics,No,No,Secondary,Russian Classics,Classic Recommendation,Advanced,The Brothers Karamazov; The Stranger,One of the greatest psychological novels ever written.,"Dostoevsky explores guilt, morality and redemption through an unforgettable antihero.",A classic that still feels disturbingly modern.,Classic Books Everyone Should Read,November,,,,,Yes,Literary Classic,Multiple Adaptations,Moderate,High,,
The Six Sacred Stones,Jack West Jr. #2,Matthew Reilly,Male,Australia,English,,2007,528,,,Fiction,Action Thriller,Adventure,Archaeological Thriller,Adult,Yes,Jack West Jr.,2,No,Ancient Wonders; Survival,Fast-paced; Cinematic,Treasure Hunt,Action Adventure,No,No,Secondary,Jack West Jr. Series,Adventure Recommendation,Beginner,Seven Ancient Wonders; The Five Greatest Warriors,"Archaeology, puzzles and nonstop action make this impossible to put down.",Matthew Reilly raises the stakes in Jack West Jr.'s globe-trotting adventure.,Indiana Jones meets Mission Impossible.,Action Adventure Series,November,,,,,Yes,Bestseller,No,Moderate,Moderate,,
A Good Girl's Guide to Murder,A Good Girl's Guide to Murder #1,Holly Jackson,Female,United Kingdom,English,,2019,433,,,Fiction,Young Adult Mystery,Thriller,Crime Fiction,Young Adult,Yes,A Good Girl's Guide to Murder,1,No,Murder; Investigation; Secrets,Addictive; Suspenseful,Amateur Detective,YA Mystery,Yes,Yes,Primary,YA Mystery,Mystery Recommendation,Beginner,One of Us Is Lying; Truly Devious,A clever YA mystery packed with twists and unforgettable characters.,Holly Jackson launches one of the most beloved mystery series of recent years.,Don't trust anyone until the last page.,Best YA Mystery Books,October,,,,,Yes,Global Bestseller,TV Series,Extremely High,Extremely High,,
All the Lovers in the Night,,Mieko Kawakami,Female,Japan,Japanese,Sam Bett & David Boyd,2021,224,,,Fiction,Literary Fiction,Contemporary Fiction,Japanese Literature,Adult,No,,,Yes,Loneliness; Healing; Identity,Quiet; Reflective,Character Study,Japanese Fiction,Yes,Yes,Primary,Japanese Literary Fiction,Literary Recommendation,Intermediate,Breasts and Eggs; Convenience Store Woman,"A quiet, introspective novel about loneliness and finding connection.",Mieko Kawakami writes with remarkable emotional honesty and subtle beauty.,Sometimes silence tells the loudest story.,Japanese Literary Fiction,January,,,,,Yes,Critically Acclaimed,No,Moderate,High,,
The Khandavaprastha Conspiracy,The Mahabharata Quest #3,Christopher C. Doyle,Male,India,English,,2023,384,,,Fiction,Mythological Thriller,Adventure,Archaeological Thriller,Adult,Yes,The Mahabharata Quest,3,No,Mahabharata; Ancient Secrets,Suspenseful; Fast-paced,Hidden History,Mythology Thriller,No,No,Secondary,Mahabharata Quest,Mythology Recommendation,Intermediate,The Mahabharata Secret; Son of Bhrigu,"Mythology, archaeology and conspiracy merge in this thrilling adventure.",Christopher C. Doyle expands his Mahabharata Quest series with another gripping mystery.,Ancient India still hides dangerous secrets.,Indian Mythology Thrillers,August,,,,,Yes,Popular Series,No,Moderate,High,,
The One Impossible Labyrinth,Jack West Jr. #7,Matthew Reilly,Male,Australia,English,,2023,480,,,Fiction,Action Thriller,Adventure,Archaeological Thriller,Adult,Yes,Jack West Jr.,7,No,Global Adventure; Ancient Mysteries,Action-packed; Cinematic,Impossible Quest,Adventure Thriller,No,No,Secondary,Jack West Jr. Series,Adventure Recommendation,Beginner,The Two Lost Mountains; The Three Secret Cities,Another breathtaking race through history's greatest mysteries.,Matthew Reilly delivers blockbuster action from beginning to end.,Impossible missions are Jack West's specialty.,Adventure Books for Thriller Fans,November,,,,,Yes,Bestseller,No,Moderate,Moderate,,
The Two Lost Mountains,Jack West Jr. #6,Matthew Reilly,Male,Australia,English,,2021,480,,,Fiction,Action Thriller,Adventure,Archaeological Thriller,Adult,Yes,Jack West Jr.,6,No,Treasure Hunt; Survival,Fast-paced; Intense,Ancient Civilization,Action Adventure,No,No,Secondary,Jack West Jr. Series,Adventure Recommendation,Beginner,The Four Legendary Kingdoms; The One Impossible Labyrinth,Ancient legends and relentless action make this another thrilling installment.,Jack West Jr. faces new dangers across impossible landscapes.,Adventure doesn't get faster than this.,Archaeological Adventure Books,November,,,,,Yes,Bestseller,No,Moderate,Moderate,,
The Three Secret Cities,Jack West Jr. #5,Matthew Reilly,Male,Australia,English,,2018,512,,,Fiction,Action Thriller,Adventure,Archaeological Thriller,Adult,Yes,Jack West Jr.,5,No,Ancient Mysteries; Global Race,Cinematic; Fast-paced,Race Against Time,Adventure,No,No,Secondary,Jack West Jr. Series,Adventure Recommendation,Beginner,The Four Legendary Kingdoms; Seven Ancient Wonders,A globe-spanning action thriller full of puzzles and impossible odds.,Matthew Reilly keeps the momentum high with cinematic storytelling.,Every chapter feels like an action movie.,Fast-Paced Adventure Novels,November,,,,,Yes,Bestseller,No,Moderate,Moderate,,
The Four Legendary Kingdoms,Jack West Jr. #4,Matthew Reilly,Male,Australia,English,,2015,512,,,Fiction,Action Thriller,Adventure,Archaeological Thriller,Adult,Yes,Jack West Jr.,4,No,Ancient Kingdoms; Survival,Adrenaline-filled,Treasure Hunt,Action Fiction,No,No,Secondary,Jack West Jr. Series,Adventure Recommendation,Beginner,The Five Greatest Warriors; The Three Secret Cities,Ancient kingdoms become the stage for another explosive adventure.,A relentless action novel perfect for fans of treasure hunts and history.,"Adventure lovers, this series deserves your attention.",Treasure Hunt Books,November,,,,,Yes,Bestseller,No,Moderate,Moderate,,
The 5 Greatest Warriors,Jack West Jr. #3,Matthew Reilly,Male,Australia,English,,2009,528,,,Fiction,Action Thriller,Adventure,Archaeological Thriller,Adult,Yes,Jack West Jr.,3,No,Warriors; Ancient Relics,Fast-paced; Explosive,Team Adventure,Adventure Thriller,No,No,Secondary,Jack West Jr. Series,Adventure Recommendation,Beginner,Seven Ancient Wonders; The Four Legendary Kingdoms,A high-octane adventure where the fate of humanity hangs in the balance.,Matthew Reilly continues his adrenaline-filled Jack West saga.,Blink and you'll miss another twist.,Best Action Adventure Series,November,,,,,Yes,Bestseller,No,Moderate,Moderate,,
The Naga Warriors 1,Battle of Gokul Vol. 1,Akshat Gupta,Male,India,English,,2025,320,,,Fiction,Mythological Fantasy,Historical Fantasy,Indian Fantasy,Adult,Yes,The Naga Warriors,1,No,Nagas; Krishna; War,Epic; Action-packed,Mythological Battle,Indian Fantasy,No,No,Secondary,Indian Mythological Fantasy,Mythology Recommendation,Beginner,The Hidden Hindu; Krishna: Maha Vishnu Avatar,A fresh mythology-inspired fantasy centered around the legendary Nagas.,Akshat Gupta begins another ambitious mythological universe filled with action and ancient legends.,The battle for Gokul begins here.,New Indian Mythology Books,August,,,,,Yes,Popular Release,No,High,High,,
Welcome to the Hyunam-Dong Bookshop,,Hwang Bo-Reum,Female,South Korea,Korean,Shanna Tan,2022,320,,,Fiction,Literary Fiction,Healing Fiction,Cozy Fiction,Adult,No,,,Yes,Books; Community; Healing,Cozy; Comforting,Bookshop Setting,Korean Healing Fiction,Yes,Yes,Primary,Korean Healing Fiction,Cozy Recommendation,Beginner,Days at the Morisaki Bookshop; What You Are Looking For Is in the Library,"A comforting novel about healing, books and finding yourself again.",Hwang Bo-Reum's beloved bestseller reminds readers that it's okay to slow down.,The coziest bookshop you'll ever visit—without leaving home.,Healing Fiction for Book Lovers,January,,,,,Yes,International Bestseller,TV Rights Optioned,High,Extremely High,,
Tara,The Sati Series V: Mythological heroines from the Ramayan and Mahabharat reimagined through a feminist lens,Koral Dasgupta,Female,India,English,,2024,320,,,Fiction,Mythological Fiction,Historical Fiction,Feminist Retelling,Adult,Yes,The Sati Series,5,No,Tara; Womanhood; Dharma,Emotional; Reflective,Feminist Retelling,Indian Mythology,Yes,Yes,Primary,The Sati Series,Mythology Recommendation,Beginner,Sita's Sister; Ahalya,A powerful feminist retelling that gives Tara the spotlight she deserves.,"Koral Dasgupta continues her acclaimed Sati Series by exploring Tara's wisdom, courage and resilience.",The Ramayana has more unforgettable women than you think.,Women of Indian Mythology,August,,,,,Yes,Popular Series,No,Moderate,High,,
As Good As Dead,A Good Girl's Guide to Murder #3,Holly Jackson,Female,United Kingdom,English,,2021,560,,,Fiction,Young Adult Mystery,Thriller,Crime Fiction,Young Adult,Yes,A Good Girl's Guide to Murder,3,No,Murder; Justice; Secrets,Dark; Suspenseful,Amateur Detective,YA Mystery,Yes,Yes,Primary,YA Mystery,Thriller Recommendation,Intermediate,"A Good Girl's Guide to Murder; Good Girl, Bad Blood",Pip's final investigation is her darkest and most dangerous yet.,Holly Jackson concludes her bestselling trilogy with shocking twists and emotional stakes.,This ending changes everything.,Best YA Thriller Series,October,,,,,Yes,International Bestseller,No,Extremely High,Extremely High,,
Not in Love,Not in Love #1,Ali Hazelwood,Female,Italy/United States,English,,2024,384,,,Fiction,Contemporary Romance,Women's Fiction,Workplace Romance,Adult,Yes,Not in Love,1,No,Love; Vulnerability; Science,Romantic; Emotional,Opposites Attract,Romance,Yes,Yes,Primary,STEM Romance,Romance Recommendation,Beginner,"Love, Theoretically; Love on the Brain",Ali Hazelwood delivers another irresistible romance full of chemistry and emotional depth.,"A slow-burning contemporary romance balancing vulnerability, humor and attraction.",Ali Hazelwood never misses.,New Romance Books,February,,,,,Yes,Bestseller,No,Extremely High,Extremely High,,
The Stationery Shop of Tehran,,Marjan Kamali,Female,Iran/United States,English,,2019,336,,,Fiction,Historical Fiction,Literary Fiction,Romance,Adult,No,,,Yes,Love; Revolution; Memory,Emotional; Nostalgic,Second Chance Romance,Historical Fiction,Yes,Yes,Primary,Historical Romance,Historical Fiction Recommendation,Beginner,The Book of Everlasting Things; A Thousand Splendid Suns,"A heartbreaking love story shaped by revolution, memory and hope.",Marjan Kamali crafts a beautiful novel about lost love and second chances.,Some love stories wait decades to be completed.,Emotional Historical Fiction,February,,,,,Yes,International Bestseller,No,High,High,,
Never Never Land,,Namita Gokhale,Female,India,English,,2025,320,,,Fiction,Literary Fiction,Contemporary Fiction,Women's Fiction,Adult,No,,,Yes,Identity; Relationships; Self-discovery,Reflective; Literary,Character-driven,Indian Fiction,Yes,Yes,Primary,Indian Literary Fiction,Literary Fiction Recommendation,Intermediate,The Ministry of Utmost Happiness; Latitudes of Longing,"A thoughtful exploration of identity, belonging and modern relationships.",Namita Gokhale's literary voice shines through this reflective contemporary novel.,Quiet books often leave the loudest impact.,Contemporary Indian Literature,April,,,,,Yes,Critically Acclaimed,No,Moderate,Moderate,,
The Lost Symbol,Robert Langdon #3,Dan Brown,Male,United States,English,,2009,528,,,Fiction,Thriller,Mystery,Conspiracy Thriller,Adult,Yes,Robert Langdon,3,No,Symbols; Freemasonry; History,Fast-paced; Suspenseful,Treasure Hunt,Thriller,No,No,Secondary,Robert Langdon Series,Thriller Recommendation,Beginner,Angels & Demons; The Da Vinci Code,"History, symbolism and conspiracies collide in another Robert Langdon adventure.","Dan Brown blends science, history and suspense into another page-turner.",One clue can change history forever.,Conspiracy Thriller Books,November,,,,,Yes,International Bestseller,TV Adaptation,High,High,,
The Da Vinci Code,Robert Langdon #2,Dan Brown,Male,United States,English,,2003,592,,,Fiction,Thriller,Mystery,Conspiracy Thriller,Adult,Yes,Robert Langdon,2,No,Religion; Art; Secrets,Fast-paced; Addictive,Secret Society,Mystery Thriller,No,No,Secondary,Robert Langdon Series,Thriller Recommendation,Beginner,Angels & Demons; The Last Symbol,One of the most influential conspiracy thrillers ever written.,"Dan Brown's global phenomenon combines art, religion and historical mysteries.",The thriller that changed modern mystery fiction.,Best Thriller Books,November,,,,,Yes,Global Bestseller,Film Adaptation,Extremely High,Extremely High,,
Must Love Books,,Shauna Robinson,Female,United States,English,,2022,336,,,Fiction,Contemporary Fiction,Women's Fiction,Publishing Fiction,Adult,No,,,Yes,Books; Career; Dreams,Cozy; Hopeful,Publishing Industry,Book Lover Fiction,Yes,Yes,Primary,Books About Books,Cozy Recommendation,Beginner,The Reading List; Book Lovers,A heartwarming novel about rediscovering dreams through books.,"Shauna Robinson celebrates publishing, creativity and second chances.",Every reader will relate to this one.,Books for Book Lovers,January,,,,,Yes,Popular Release,No,Moderate,High,,
The Story Collector,,Evie Gaughan,Female,Ireland,English,,2021,384,,,Fiction,Historical Fiction,Magical Realism,Dual Timeline,Adult,No,,,Yes,Stories; Family; Heritage,Atmospheric; Heartwarming,Dual Timeline,Historical Fiction,Yes,Yes,Primary,Historical Fiction,Historical Fiction Recommendation,Beginner,The Lost Bookshop; The Forgotten Garden,Secrets from the past slowly unfold in this emotional dual-timeline novel.,"Evie Gaughan blends Irish history, folklore and family mysteries beautifully.",Every forgotten story deserves to be found.,Dual Timeline Historical Fiction,March,,,,,Yes,Popular Release,No,Moderate,Moderate,,
Draupadi,The Sati Series III,Koral Dasgupta,Female,India,English,,2022,320,,,Fiction,Mythological Fiction,Historical Fiction,Feminist Retelling,Adult,Yes,The Sati Series,3,No,Draupadi; Strength; Dharma,Emotional; Powerful,Feminist Retelling,Mahabharata,Yes,Yes,Primary,The Sati Series,Mythology Recommendation,Beginner,Yajnaseni; Song of Draupadi,A fresh retelling of Draupadi that focuses on her strength and humanity.,Koral Dasgupta reimagines one of mythology's most iconic women with compassion and depth.,Draupadi was always more than a victim of fate.,Mahabharata Women,August,,,,,Yes,Popular Series,No,Moderate,High,,
A Court of Mist and Fury,A Court of Thorns and Roses #2,Sarah J. Maas,Female,United States,English,,2016,640,,,Fiction,Fantasy,Romantic Fantasy,High Fantasy,Adult,Yes,A Court of Thorns and Roses,2,No,Love; Power; Healing,Epic; Emotional,Enemies to Lovers,Romantasy,Yes,Yes,Primary,Romantasy,Fantasy Recommendation,Intermediate,Fourth Wing; Iron Flame,The fan-favorite sequel that transformed an already beloved fantasy series.,Sarah J. Maas expands her magical world with unforgettable romance and character growth.,"If you know, you know. 🖤",Best Romantasy Series,October,,,,,Yes,International Bestseller,TV Adaptation Announced,Extremely High,Extremely High,,
A Court of Thorns and Roses,A Court of Thorns and Roses #1,Sarah J. Maas,Female,United States,English,,2015,432,,,Fiction,Fantasy,Romantic Fantasy,High Fantasy,Adult,Yes,A Court of Thorns and Roses,1,No,Magic; Love; Survival,Immersive; Romantic,Beauty and the Beast Retelling,Romantasy,Yes,Yes,Primary,Romantasy,Fantasy Recommendation,Beginner,Fourth Wing; From Blood and Ash,Beauty and the Beast meets fae fantasy in this addictive series opener.,Sarah J. Maas begins one of fantasy's biggest modern franchises.,Welcome to the world of ACOTAR.,Fantasy Starter Books,October,,,,,Yes,International Bestseller,TV Adaptation Announced,Extremely High,Extremely High,,
A Court of Wings and Ruin,A Court of Thorns and Roses #3,Sarah J. Maas,Female,United States,English,,2017,720,,,Fiction,Fantasy,Romantic Fantasy,High Fantasy,Adult,Yes,A Court of Thorns and Roses,3,No,War; Sacrifice; Love,Epic; Action-packed,Found Family,Fantasy Romance,Yes,Yes,Primary,Romantasy,Fantasy Recommendation,Intermediate,A Court of Mist and Fury; Iron Flame,"War, sacrifice and unforgettable romance conclude the original trilogy.",Sarah J. Maas delivers epic battles alongside emotional character arcs.,This finale is worth every page.,Epic Fantasy Recommendations,October,,,,,Yes,International Bestseller,TV Adaptation Announced,Extremely High,Extremely High,,
The Last Queen,,Chitra Banerjee Divakaruni,Female,India/United States,English,,2021,384,,,Fiction,Historical Fiction,Indian History,Biographical Fiction,Adult,No,,,Yes,Maharani Jindan; Sikh Empire,Inspiring; Emotional,Strong Historical Woman,Indian Historical Fiction,Yes,Yes,Primary,Indian Historical Fiction,Historical Fiction Recommendation,Beginner,The Palace of Illusions; The Forest of Enchantments,"The remarkable story of Maharani Jindan, the last queen of Punjab.",Chitra Banerjee Divakaruni brings history alive through powerful storytelling.,Meet the queen history rarely talks about.,Forgotten Women of Indian History,August,,,,,Yes,Bestseller,No,High,High,,
Normal People,,Sally Rooney,Female,Ireland,English,,2018,288,,,Fiction,Literary Fiction,Contemporary Romance,Coming-of-Age,Adult,No,,,Yes,Love; Class; Identity,Quiet; Emotional,Friends to Lovers,Literary Fiction,Yes,Yes,Primary,Literary Romance,Literary Recommendation,Intermediate,Conversations with Friends; Cleopatra and Frankenstein,"A deeply intimate story about love, class and growing up.",Sally Rooney captures the complexity of modern relationships with remarkable honesty.,This book will either heal you or destroy you.,Modern Literary Fiction,February,,,,,Yes,International Bestseller,TV Series,Extremely High,Extremely High,,
Naulakhi Kothi,نولکھی کوٹھی,Ali Akbar Natiq,Male,Pakistan,Urdu,,2023,320,,,Fiction,Literary Fiction,Historical Fiction,South Asian Literature,Adult,No,,,Yes,Family; Society; Partition,Atmospheric; Literary,Multi-generational Saga,Urdu Literature,No,No,Secondary,South Asian Literary Fiction,Literary Recommendation,Advanced,Basti; The Ministry of Utmost Happiness,"A powerful literary novel exploring history, memory and identity.",Ali Akbar Natiq presents a rich portrait of South Asian society through masterful storytelling.,Stories across borders deserve more readers.,Pakistani Literature Recommendations,August,,,,,Yes,Critically Acclaimed,No,Low,Moderate,,
Sparks Like Stars,,Nadia Hashimi,Female,Afghanistan/United States,English,,2021,448,,,Fiction,Historical Fiction,Literary Fiction,Afghan Fiction,Adult,No,,,Yes,Afghanistan; Exile; Identity,Emotional; Powerful,Political Upheaval,Afghan Literature,Yes,Yes,Primary,Afghan Literature,Historical Fiction Recommendation,Beginner,A Thousand Splendid Suns; The Stationery Shop of Tehran,"A moving story about family, exile and hope after tragedy.",Nadia Hashimi once again writes beautifully about Afghanistan and resilience.,Afghanistan has stories beyond the headlines.,Books About Afghanistan,June,,,,,Yes,Bestseller,No,Moderate,High,,
Angels & Demons,Robert Langdon #1,Dan Brown,Male,United States,English,,2000,616,,,Fiction,Thriller,Mystery,Conspiracy Thriller,Adult,Yes,Robert Langdon,1,No,Science; Religion; Secrets,Fast-paced; Suspenseful,Secret Society,Thriller,No,No,Secondary,Robert Langdon Series,Thriller Recommendation,Beginner,The Da Vinci Code; Inferno,The thrilling introduction to Robert Langdon's world of symbols and conspiracies.,"Dan Brown blends science, religion and mystery into an unforgettable adventure.",The beginning of an iconic thriller series.,Dan Brown Books in Order,November,,,,,Yes,International Bestseller,Film Adaptation,Extremely High,Extremely High,,
Circe,,Madeline Miller,Female,United States,English,,2018,400,,,Fiction,Mythological Fiction,Fantasy,Greek Myth Retelling,Adult,No,,,Yes,Witchcraft; Identity; Power,Lyrical; Emotional,Feminist Retelling,Greek Mythology,Yes,Yes,Primary,Greek Mythology Retellings,Mythology Recommendation,Beginner,Ariadne; A Thousand Ships,A breathtaking feminist retelling of one of Greek mythology's most misunderstood women.,Madeline Miller transforms Circe into one of literature's most unforgettable heroines.,This is the Greek mythology book everyone should read.,Feminist Greek Mythology,May,,,,,Yes,International Bestseller,HBO Adaptation Announced,Extremely High,Extremely High,,
Empire of Flame and Thorns,Flame and Thorns #1,Marion Blackwood,Female,Australia,English,,2024,500,,,Fiction,Fantasy,Romantic Fantasy,Epic Fantasy,Adult,Yes,Flame and Thorns,1,No,Magic; Kingdoms; Destiny,Epic; Addictive,Slow Burn Romance,Fantasy Romance,Yes,Yes,Primary,Romantasy,Fantasy Recommendation,Beginner,Fourth Wing; A Court of Thorns and Roses,"Magic, kingdoms and romance combine in an exciting fantasy debut.",Marion Blackwood launches a promising romantasy series full of adventure and slow-burn romance.,Looking for your next fantasy obsession? Start here.,New Romantasy Releases,October,,,,,Yes,Popular Release,No,Moderate,High,,
Spilled Ink,,Nadia Hashimi,Female,Afghanistan / United States,English,,2025,352,,,Fiction,Literary Fiction,Women's Fiction,Contemporary Fiction,Adult,No,,,Yes,Identity; Family; Healing,Emotional; Reflective,Family Saga,Afghan Literature,Yes,Yes,Primary,Afghan Literature,Literary Fiction Recommendation,Intermediate,Sparks Like Stars; A Thousand Splendid Suns,"A moving novel about family, resilience and identity.",Nadia Hashimi once again explores women's lives through emotional and culturally rich storytelling.,Nadia Hashimi never fails to break your heart.,Books About Afghanistan,June,,,,,Yes,New Release,No,Moderate,High,,
Powerless,The Powerless Trilogy #1,Lauren Roberts,Female,United States,English,,2023,528,,,Fiction,Fantasy,Romantasy,Young Adult Fantasy,Young Adult,Yes,The Powerless Trilogy,1,No,Power; Rebellion; Love,Fast-paced; Addictive,Enemies to Lovers,YA Fantasy,Yes,Yes,Primary,The Powerless Trilogy,Fantasy Recommendation,Beginner,Fourth Wing; Red Queen,"A thrilling romantasy packed with tension, magic and unforgettable chemistry.",Lauren Roberts launches a wildly popular fantasy series full of danger and romance.,BookTok wasn't lying about this one.,Best Romantasy Books,October,,,,,Yes,Bestseller,TV Rights Sold,Extremely High,Extremely High,,
Reckless,The Powerless Trilogy #2,Lauren Roberts,Female,United States,English,,2024,544,,,Fiction,Fantasy,Romantasy,Young Adult Fantasy,Young Adult,Yes,The Powerless Trilogy,2,No,Betrayal; War; Romance,Intense; Emotional,Forbidden Love,YA Fantasy,Yes,Yes,Primary,The Powerless Trilogy,Fantasy Recommendation,Intermediate,Iron Flame; Powerless,The stakes rise dramatically in this addictive sequel.,Lauren Roberts expands her fantasy world with even more romance and betrayal.,The sequel somehow hurts even more.,Fantasy Sequels Worth Reading,October,,,,,Yes,Bestseller,TV Rights Sold,Extremely High,Extremely High,,
Mahadevi: The Unseen Truth Behind Existence,,Priyanka Sharma Kaintura,Female,India,English,,2023,320,,,Non-fiction,Hindu Philosophy,Spirituality,Shaktism,Adult,No,,,Yes,Divine Feminine; Devi; Consciousness,Spiritual; Reflective,Sacred Feminine,Sanatan Dharma,Yes,No,Primary,Sanatan Philosophy,Spiritual Recommendation,Intermediate,Devi for Millennials; Devi Bhagavatam Retold,A thoughtful exploration of the Divine Feminine in Hindu philosophy.,Priyanka Sharma Kaintura presents the spiritual significance of Mahadevi in an accessible way.,Discover the power of the Divine Feminine.,Books on Sanatan Dharma,August,,,,,Yes,Popular Spiritual Book,No,Moderate,Moderate,,
Powerful,The Powerless Trilogy #1.5,Lauren Roberts,Female,United States,English,,2024,192,,,Fiction,Fantasy,Romantasy,Novella,Young Adult,Yes,The Powerless Trilogy,1.5,No,Courage; Friendship; Hope,Fast; Emotional,Companion Novella,YA Fantasy,Yes,Yes,Primary,The Powerless Trilogy,Fantasy Recommendation,Beginner,Powerless; Reckless,A heartfelt companion novella that deepens the world of the trilogy.,Lauren Roberts explores familiar characters through a fresh emotional perspective.,Don't skip the novella—it matters.,Companion Novellas Worth Reading,October,,,,,Yes,Bestseller,No,High,High,,
The Lantern of Lost Memories,,Sanaka Hiiragi,Female,Japan,Japanese,,2022,240,,,Fiction,Magical Realism,Healing Fiction,Japanese Fiction,Adult,No,,,Yes,Memory; Regret; Healing,Cozy; Bittersweet,Found Family,Japanese Fiction,Yes,Yes,Primary,Japanese Healing Fiction,Cozy Recommendation,Beginner,What You Are Looking For Is in the Library; Days at the Morisaki Bookshop,"A gentle story about memories, regrets and finding peace.",Sanaka Hiiragi creates another comforting Japanese healing novel.,Japanese healing fiction has my whole heart.,Japanese Cozy Fiction,January,,,,,Yes,International Bestseller,No,High,Extremely High,,
Inferno,Robert Langdon #4,Dan Brown,Male,United States,English,,2013,480,,,Fiction,Thriller,Mystery,Conspiracy Thriller,Adult,Yes,Robert Langdon,4,No,Art; History; Science,Fast-paced; Suspenseful,Treasure Hunt,Thriller,No,No,Secondary,Robert Langdon Series,Thriller Recommendation,Beginner,The Lost Symbol; Angels & Demons,Robert Langdon races against time to stop a global catastrophe.,"Dan Brown blends Dante, history and science into another blockbuster thriller.",History has never been this dangerous.,Dan Brown Books in Order,November,,,,,Yes,International Bestseller,Film Adaptation,Extremely High,High,,
The Weapon of Lord Shiva: Trishul,Book 3 of KAVAACH Trilogy,Pranay Bhalerao,Male,India,English,,2025,360,,,Fiction,Mythological Fantasy,Adventure,Indian Fantasy,Adult,Yes,KAVAACH Trilogy,3,No,Shiva; Weapons; Destiny,Action-packed; Epic,Ancient Artifact,Indian Mythology,No,No,Secondary,KAVAACH Trilogy,Mythology Recommendation,Intermediate,The Hidden Hindu; The Krishna Key,The epic conclusion to an action-packed mythology trilogy.,Pranay Bhalerao combines ancient legends with modern adventure.,Ancient weapons. Modern destiny.,Indian Mythology Thrillers,August,,,,,Yes,Popular Series,No,Moderate,High,,
After You,Me Before You #2,Jojo Moyes,Female,United Kingdom,English,,2015,432,,,Fiction,Contemporary Fiction,Romance,Women's Fiction,Adult,Yes,Me Before You,2,No,Grief; Healing; New Beginnings,Emotional; Hopeful,Second Chance,Contemporary Romance,Yes,Yes,Primary,Me Before You Series,Romance Recommendation,Beginner,Me Before You; The Giver of Stars,Louisa Clark learns to embrace life after unimaginable loss.,Jojo Moyes delivers another emotional story about healing and hope.,Life doesn't stop after heartbreak.,Emotional Romance Books,February,,,,,Yes,International Bestseller,Film Series Interest,High,High,,
White Nights,,Fyodor Dostoevsky,Male,Russia,Russian,Various,1848,160,,,Fiction,Classic Literature,Literary Fiction,Novella,Adult,No,,,Yes,Loneliness; Love; Dreams,Melancholic; Reflective,Unrequited Love,Russian Classics,No,No,Secondary,Russian Classics,Classic Recommendation,Intermediate,Crime and Punishment; The Gambler,A beautifully melancholic novella about love and loneliness.,Dostoevsky captures fleeting happiness in one unforgettable night.,A classic you can finish in a day but remember forever.,Short Classic Books,November,,,,,Yes,Literary Classic,No,High,High,,
Remarkably Bright Creatures,,Shelby Van Pelt,Female,United States,English,,2022,368,,,Fiction,Literary Fiction,Contemporary Fiction,Magical Realism,Adult,No,,,Yes,Grief; Friendship; Family,Heartwarming; Cozy,Animal Companion,Feel-good Fiction,Yes,Yes,Primary,Feel-good Fiction,Feel-good Recommendation,Beginner,The Reading List; Eleanor Oliphant Is Completely Fine,An unforgettable story narrated partly by an octopus.,"Shelby Van Pelt writes a charming novel about grief, friendship and unexpected connections.",The octopus will steal your heart.,Feel-good Fiction Recommendations,January,,,,,Yes,Bestseller,Film Rights Acquired,Extremely High,Extremely High,,
The Pumpkin Spice Café,Dream Harbor #1,Laurie Gilmore,Female,United Kingdom,English,,2023,368,,,Fiction,Contemporary Romance,Cozy Fiction,Small-town Romance,Adult,Yes,Dream Harbor,1,No,Community; Romance; Fresh Starts,Cozy; Romantic,Small Town,Cozy Romance,Yes,Yes,Primary,Dream Harbor,Cozy Romance Recommendation,Beginner,Book Lovers; The Cinnamon Bun Book Store,"Small-town charm, romance and autumn vibes in one cozy read.",Laurie Gilmore delivers the perfect comfort read for fall.,Your autumn TBR starts here.,Cozy Autumn Books,October,,,,,Yes,BookTok Favorite,No,Extremely High,Extremely High,,
1Q84,,Haruki Murakami,Male,Japan,Japanese,Jay Rubin; Philip Gabriel,2009,928,,,Fiction,Literary Fiction,Magical Realism,Speculative Fiction,Adult,No,,,Yes,Reality; Loneliness; Fate,Dreamlike; Philosophical,Parallel Worlds,Japanese Literature,No,Yes,Secondary,Japanese Literary Fiction,Literary Recommendation,Advanced,Kafka on the Shore; The Wind-Up Bird Chronicle,Murakami's surreal masterpiece explores parallel realities and destiny.,"A massive literary novel blending mystery, philosophy and magical realism.",Murakami at his most ambitious.,Best Haruki Murakami Books,January,,,,,Yes,International Bestseller,No,High,High,,
Iron Flame,The Empyrean #2,Rebecca Yarros,Female,United States,English,,2023,640,,,Fiction,Fantasy,Romantasy,Dragon Fantasy,Adult,Yes,The Empyrean,2,No,Dragons; War; Love,Epic; Emotional,Military Academy,Fantasy Romance,Yes,Yes,Primary,The Empyrean,Fantasy Recommendation,Intermediate,Fourth Wing; Onyx Storm,"Dragons, romance and impossible choices continue in this explosive sequel.",Rebecca Yarros raises every stake from Fourth Wing.,Fourth Wing was only the beginning.,Fantasy Sequels,October,,,,,Yes,Global Bestseller,TV Adaptation Announced,Extremely High,Extremely High,,
The Discomfort of Evening,,Marieke Lucas Rijneveld,Non-binary,Netherlands,Dutch,Michele Hutchison,2018,288,,,Fiction,Literary Fiction,Psychological Fiction,Coming-of-Age,Adult,No,,,Yes,Grief; Family; Religion,Dark; Literary,Trauma,Dutch Literature,No,Yes,Secondary,Literary Fiction,Literary Recommendation,Advanced,Foster; Hamnet,A haunting literary novel exploring grief through a child's perspective.,Marieke Lucas Rijneveld's award-winning debut is emotionally challenging and unforgettable.,Not an easy read—but an unforgettable one.,Award-winning Literary Fiction,December,,,,,Yes,International Booker Winner,No,Moderate,Moderate,,
To Love Again,,Danielle Steel,Female,United States,English,,1980,320,,,Fiction,Romance,Contemporary Fiction,Family Drama,Adult,No,,,Yes,Love; Loss; Family,Emotional; Comforting,Second Chance Romance,Romance,Yes,Yes,Primary,Contemporary Romance,Romance Recommendation,Beginner,Family Album; Kaleidoscope,Danielle Steel's emotional classic about loss and finding love again.,A comforting romance centered on healing and family.,Old-school romance still hits differently.,Classic Romance Books,February,,,,,Yes,Bestseller,TV Adaptation,Moderate,Moderate,,
The Book Thief,,Markus Zusak,Male,Australia,English,,2005,592,,,Fiction,Historical Fiction,Literary Fiction,WWII Fiction,Young Adult,No,,,Yes,Books; War; Humanity,Emotional; Powerful,Death as Narrator,Historical Fiction,No,Yes,Secondary,WWII Fiction,Historical Fiction Recommendation,Intermediate,All the Light We Cannot See; The Nightingale,One of the most beloved novels ever written about the power of words.,Markus Zusak tells an unforgettable story narrated by Death itself.,Every reader should experience this book once.,Books That Stay With You Forever,May,,,,,Yes,International Bestseller,Film Adaptation,Extremely High,Extremely High,,
The Full Moon Coffee Shop,The Full Moon Coffee Shop #1,Mai Mochizuki,Female,Japan,Japanese,,2024 (English),224,,,Fiction,Magical Realism,Healing Fiction,Cozy Japanese Fiction,Adult,Yes,The Full Moon Coffee Shop,1,No,Healing; Coffee; Destiny,Cozy; Comforting,Magical Café,Japanese Healing Fiction,Yes,Yes,Primary,Japanese Healing Fiction,Cozy Recommendation,Beginner,Before the Coffee Gets Cold; The Lantern of Lost Memories,A magical café where every visitor finds exactly what they need.,"Mai Mochizuki blends comfort, magic and hope into a soothing read.",Another cozy Japanese book to heal your soul.,Cozy Japanese Café Books,January,,,,,Yes,International Bestseller,No,High,Extremely High,,
Onyx Storm,The Empyrean #3,Rebecca Yarros,Female,United States,English,,2025,544,,,Fiction,Fantasy,Romantasy,Dragon Fantasy,Adult,Yes,The Empyrean,3,No,War; Dragons; Survival,Epic; Intense,Found Family,Fantasy Romance,Yes,Yes,Primary,The Empyrean,Fantasy Recommendation,Intermediate,Iron Flame; Fourth Wing,The highly anticipated third installment of Rebecca Yarros' blockbuster fantasy series.,"Dragons, romance and war continue in one of today's biggest fantasy franchises.",The wait was worth it.,Trending Fantasy Books,October,,,,,Yes,Global Bestseller,TV Adaptation Announced,Extremely High,Extremely High,,
When the Moon Hatched,Moonfall #1,Sarah A. Parker,Female,Australia,English,,2024,720,,,Fiction,Fantasy,Romantasy,Epic Fantasy,Adult,Yes,Moonfall,1,No,Magic; Fate; Dragons,Lyrical; Epic,Slow Burn Romance,Fantasy Romance,Yes,Yes,Primary,Moonfall Series,Fantasy Recommendation,Intermediate,Fourth Wing; A Court of Mist and Fury,"A lyrical romantasy filled with dragons, destiny and breathtaking world-building.",Sarah A. Parker delivers one of the most talked-about fantasy debuts of recent years.,"If you love dragons, don't miss this.",Best New Romantasy Books,October,,,,,Yes,Bestseller,No,Extremely High,Extremely High,,
More Days at the Morisaki Bookshop,Days at the Morisaki Bookshop #2,Satoshi Yagisawa,Male,Japan,Japanese,Eric Ozawa,2023,176,,,Fiction,Literary Fiction,Healing Fiction,Japanese Fiction,Adult,Yes,Days at the Morisaki Bookshop,2,No,Books; Family; Healing,Cozy; Comforting,Books About Books,Japanese Literature,No,Yes,Secondary,Japanese Healing Fiction,Cozy Recommendation,Beginner,Days at the Morisaki Bookshop; Welcome to the Hyunam-Dong Bookshop,A comforting return to one of Japan's most beloved bookshops.,"Satoshi Yagisawa continues his gentle story of books, healing and human connection.",Some bookshops feel like home.,Japanese Healing Fiction,January,,,,,Yes,International Bestseller,No,High,Extremely High,,
Better Than the Movies,Better Than the Movies #1,Lynn Painter,Female,United States,English,,2021,384,,,Fiction,Young Adult Romance,Contemporary Romance,Romantic Comedy,Young Adult,Yes,Better Than the Movies,1,No,Love; Friendship; Growing Up,Cute; Feel-good,Fake Dating,YA Romance,Yes,Yes,Primary,YA Romance,Romance Recommendation,Beginner,Today Tonight Tomorrow; The Love Hypothesis,A charming rom-com overflowing with movie references and adorable chemistry.,Lynn Painter delivers one of the most beloved YA romances of recent years.,The rom-com every romance reader deserves.,Cute YA Romance Books,February,,,,,Yes,Bestseller,Film Rights Acquired,Extremely High,Extremely High,,
Anxious People,,Fredrik Backman,Male,Sweden,Swedish,Neil Smith,2019,352,,,Fiction,Contemporary Fiction,Literary Fiction,Humor,Adult,No,,,Yes,Mental Health; Kindness; Humanity,Heartwarming; Emotional,Found Family,Literary Fiction,No,No,Secondary,Contemporary Literary Fiction,Literary Recommendation,Beginner,A Man Called Ove; Eleanor Oliphant Is Completely Fine,A heartfelt novel reminding us that everyone is carrying invisible struggles.,"Fredrik Backman masterfully blends humor, empathy and hope.",This book understands people.,Books That Restore Faith in Humanity,January,,,,,Yes,International Bestseller,TV Adaptation,Extremely High,Extremely High,,
Stone Blind,,Natalie Haynes,Female,United Kingdom,English,,2022,384,,,Fiction,Mythological Fiction,Historical Fiction,Greek Myth Retelling,Adult,No,,,Yes,Medusa; Power; Womanhood,Powerful; Reflective,Feminist Retelling,Greek Mythology,Yes,Yes,Primary,Greek Mythology Retellings,Mythology Recommendation,Beginner,Circe; Medusa,Natalie Haynes reclaims Medusa's story with intelligence and compassion.,A powerful feminist retelling that challenges everything you thought you knew about Medusa.,Maybe Medusa was never the monster.,Feminist Greek Mythology,May,,,,,Yes,Bestseller,No,High,High,,
A House Without Windows,,Nadia Hashimi,Female,Afghanistan / United States,English,,2016,448,,,Fiction,Literary Fiction,Women's Fiction,Afghan Fiction,Adult,No,,,Yes,Women's Rights; Justice; Family,Emotional; Thought-provoking,Survival,Afghan Literature,Yes,Yes,Primary,Afghan Literature,Literary Fiction Recommendation,Intermediate,A Thousand Splendid Suns; Sparks Like Stars,"A heartbreaking novel about resilience, injustice and hope.",Nadia Hashimi shines a light on the realities faced by many Afghan women.,Stories that deserve to be heard.,Books About Afghanistan,June,,,,,Yes,International Bestseller,No,Moderate,High,,
Mandodari,The Sati Series IV,Koral Dasgupta,Female,India,English,,2023,320,,,Fiction,Mythological Fiction,Historical Fiction,Feminist Retelling,Adult,Yes,The Sati Series,4,No,Mandodari; Dharma; Strength,Emotional; Inspiring,Feminist Retelling,Indian Mythology,Yes,Yes,Primary,The Sati Series,Mythology Recommendation,Beginner,Kaikeyi; The Forest of Enchantments,A thoughtful retelling of one of the Ramayana's most overlooked women.,Koral Dasgupta gives Mandodari the voice history often denied her.,Every queen has her own story.,Forgotten Women of Ramayana,August,,,,,Yes,Popular Series,No,Moderate,High,,
Babel,Or the Necessity of Violence,R.F. Kuang,Female,China / United States,English,,2022,560,,,Fiction,Fantasy,Historical Fiction,Dark Academia,Adult,No,,,Yes,Language; Colonialism; Power,Intellectual; Dark,Dark Academia,Fantasy,Yes,Yes,Primary,Dark Academia,Fantasy Recommendation,Advanced,The Secret History; Jonathan Strange & Mr Norrell,"A brilliant fantasy exploring language, colonialism and power.","R.F. Kuang combines scholarship, history and magic into an unforgettable novel.",Dark academia at its absolute best.,Best Dark Academia Books,September,,,,,Yes,Award-winning Bestseller,TV Rights Acquired,Extremely High,Extremely High,,
There Are Rivers in the Sky,,Elif Shafak,Female,Turkey / United Kingdom,English,,2024,496,,,Fiction,Historical Fiction,Literary Fiction,Magical Realism,Adult,No,,,Yes,Water; Memory; Civilizations,Lyrical; Reflective,Multiple Timelines,Literary Fiction,Yes,Yes,Primary,Literary Fiction,Literary Recommendation,Intermediate,The Island of Missing Trees; The Covenant of Water,"Elif Shafak weaves history, memory and nature into a breathtaking narrative.",A lyrical novel connecting civilizations through rivers and stories.,Some stories flow across centuries.,Literary Fiction Recommendations,April,,,,,Yes,International Bestseller,No,High,High,,
The Wind-Up Bird Chronicle,,Haruki Murakami,Male,Japan,Japanese,Jay Rubin,1994,624,,,Fiction,Literary Fiction,Magical Realism,Japanese Fiction,Adult,No,,,Yes,Identity; Memory; War,Dreamlike; Philosophical,Surrealism,Japanese Literature,No,No,Secondary,Japanese Literature,Literary Recommendation,Advanced,Kafka on the Shore; 1Q84,Murakami's surreal masterpiece rewards patient readers with unforgettable symbolism.,"A dreamlike journey into memory, identity and human consciousness.",Murakami's strangest masterpiece? Maybe.,Best Murakami Books,January,,,,,Yes,Literary Classic,No,High,Extremely High,,
Letters to Milena,,Franz Kafka,Male,Czech Republic,German,Various,1952,320,,,Non-fiction,Letters,Memoir,Literary Correspondence,Adult,No,,,Yes,Love; Longing; Writing,Intimate; Reflective,Personal Letters,Classics,No,No,Secondary,Literary Letters,Classic Recommendation,Intermediate,The Prophet; White Nights,Kafka's deeply personal letters reveal the vulnerable man behind the legend.,"A timeless collection of love, longing and literary brilliance.",Some love stories survive only in letters.,Classic Letters & Memoirs,November,,,,,Yes,Literary Classic,No,Moderate,Moderate,,
Tuesdays with Morrie,"An Old Man, a Young Man, and Life's Greatest Lesson",Mitch Albom,Male,United States,English,,1997,192,,,Non-fiction,Memoir,Self-help,Inspirational,Adult,No,,,Yes,Life; Death; Wisdom,Heartwarming; Reflective,Life Lessons,Inspirational,No,No,Secondary,Inspirational Non-fiction,Self-help Recommendation,Beginner,The Monk Who Sold His Ferrari; Ikigai,A timeless reminder of what truly matters in life.,Mitch Albom shares unforgettable life lessons through conversations with his former professor.,This book changes people.,Life-changing Books,January,,,,,Yes,International Bestseller,Film Adaptation,Extremely High,Extremely High,,
You've Reached Sam,You've Reached Sam #1,Dustin Thao,Male,United States,English,,2021,304,,,Fiction,Young Adult,Contemporary Romance,Magical Realism,Young Adult,Yes,You've Reached Sam,1,No,Grief; Love; Healing,Emotional; Bittersweet,Magical Phone Calls,YA Romance,No,Yes,Secondary,YA Contemporary,Romance Recommendation,Beginner,If He Had Been with Me; Before the Coffee Gets Cold,"A moving story about grief, love and one final chance to say goodbye.",Dustin Thao delivers an emotional novel that resonates deeply with young readers.,You'll need tissues for this one.,Emotional YA Books,February,,,,,Yes,Bestseller,No,Extremely High,Extremely High,,
Sputnik Sweetheart,,Haruki Murakami,Male,Japan,Japanese,Philip Gabriel,1999,240,,,Fiction,Literary Fiction,Magical Realism,Japanese Fiction,Adult,No,,,Yes,Love; Loneliness; Identity,Quiet; Dreamlike,Unrequited Love,Japanese Literature,No,Yes,Secondary,Japanese Literature,Literary Recommendation,Intermediate,"Norwegian Wood; South of the Border, West of the Sun","A haunting novel exploring loneliness, love and identity.",Murakami's signature surrealism shines through this intimate story.,Quiet books often leave the deepest scars.,Quiet Literary Fiction,January,,,,,Yes,Literary Classic,No,High,High,,
Under One Roof,The STEMinist Novellas #1,Ali Hazelwood,Female,Italy / United States,English,,2022,112,,,Fiction,Contemporary Romance,Novella,STEM Romance,Adult,Yes,The STEMinist Novellas,1,No,Love; Science; Roommates,Cute; Romantic,Forced Proximity,Romance,Yes,Yes,Primary,STEMinist Novellas,Romance Recommendation,Beginner,"Love, Theoretically; Check & Mate",A fun enemies-to-lovers novella with plenty of scientific charm.,Ali Hazelwood's STEM romance delivers humor and chemistry in a quick read.,STEM girls deserve rom-coms too.,Short Romance Reads,February,,,,,Yes,Bestseller,No,High,High,,
Stuck with You,The STEMinist Novellas #2,Ali Hazelwood,Female,Italy / United States,English,,2022,144,,,Fiction,Contemporary Romance,Novella,STEM Romance,Adult,Yes,The STEMinist Novellas,2,No,Attraction; Science; Trust,Light; Romantic,Elevator Romance,Romance,Yes,Yes,Primary,STEMinist Novellas,Romance Recommendation,Beginner,Under One Roof; Below Zero,A sweet and witty romance set in an unforgettable elevator ride.,Ali Hazelwood continues her STEMinist novella series with warmth and humor.,One elevator. Endless chemistry.,Novella Recommendations,February,,,,,Yes,Bestseller,No,High,High,,
A Little Life,,Hanya Yanagihara,Female,United States,English,,2015,832,,,Fiction,Literary Fiction,Contemporary Fiction,Psychological Drama,Adult,No,,,Yes,Trauma; Friendship; Love,Devastating; Emotional,Found Family,Literary Fiction,Yes,No,Secondary,Modern Literary Fiction,Literary Recommendation,Advanced,Shuggie Bain; The Goldfinch,One of the most emotionally devastating novels of the century.,"Hanya Yanagihara explores friendship, trauma and survival with extraordinary depth.",This book will break you.,Books That Made Me Cry,December,,,,,Yes,International Bestseller,No,Extremely High,Extremely High,,
Pride and Prejudice,,Jane Austen,Female,United Kingdom,English,,1813,432,,,Fiction,Classic Literature,Romance,Social Satire,Adult,No,,,Yes,Love; Society; Marriage,Witty; Timeless,Enemies to Lovers,Classics,Yes,Yes,Primary,Classic Literature,Classic Recommendation,Beginner,Emma; Jane Eyre,Jane Austen's timeless romance remains as witty today as ever.,"A beloved classic exploring love, pride and first impressions.",Some classics never lose their magic.,Classic Books Everyone Should Read,April,,,,,Yes,Literary Classic,Multiple Adaptations,Extremely High,Extremely High,,
Theek Tumhare Peechhe,Hindi Edition,Manav Kaul,Male,India,Hindi,,2023,224,,,Fiction,Literary Fiction,Contemporary Fiction,Hindi Literature,Adult,No,,,Yes,Relationships; Solitude; Memory,Reflective; Emotional,Character-driven,Hindi Literature,No,No,Secondary,Hindi Literature,Literary Recommendation,Intermediate,Rooh; A Bird on My Windowsill,Manav Kaul captures human emotions with quiet elegance.,"A reflective Hindi novel about memory, relationships and inner life.",Hindi literature deserves more readers.,Modern Hindi Literature,July,,,,,Yes,Popular Literary Work,No,Moderate,Moderate,,
Rooh,A Novel,Manav Kaul,Male,India,Hindi,,2024,240,,,Fiction,Literary Fiction,Contemporary Fiction,Hindi Literature,Adult,No,,,Yes,Identity; Love; Self-discovery,Quiet; Introspective,Literary Fiction,Hindi Fiction,No,No,Secondary,Hindi Literary Fiction,Literary Recommendation,Intermediate,Theek Tumhare Peechhe; A Bird on My Windowsill,A deeply introspective novel exploring identity and emotional healing.,"Manav Kaul writes with simplicity, tenderness and emotional honesty.",Every sentence feels like poetry.,Contemporary Hindi Fiction,July,,,,,Yes,Popular Literary Work,No,Moderate,Moderate,,
Asura,Tale of the Vanquished: The Story of Ravana and His People,Anand Neelakantan,Male,India,English,,2012,504,,,Fiction,Mythological Fiction,Fantasy,Epic Retelling,Adult,No,,,Yes,Ravana; Dharma; Perspective,Dark; Epic,Villain's POV,Indian Mythology,No,No,Secondary,Indian Mythology Retellings,Mythology Recommendation,Beginner,The Palace of Illusions; The Hidden Hindu,Ravana finally gets to tell his own side of the story.,Anand Neelakantan's bestselling retelling challenges traditional perspectives on the Ramayana.,What if the villain wasn't the villain?,Ravana Retellings,August,,,,,Yes,International Bestseller,No,Extremely High,Extremely High,,
The Housemaid,The Housemaid #1,Freida McFadden,Female,United States,English,,2022,336,,,Fiction,Thriller,Psychological Thriller,Domestic Thriller,Adult,Yes,The Housemaid,1,No,Secrets; Revenge; Manipulation,Fast-paced; Suspenseful,Unreliable Narrator,Thriller,Yes,Yes,Primary,Psychological Thrillers,Thriller Recommendation,Beginner,Verity; The Woman in the Window,A compulsive psychological thriller packed with shocking twists.,Freida McFadden delivers one of the biggest thriller sensations of recent years.,You'll finish this in one sitting.,Plot Twist Books,October,,,,,Yes,International Bestseller,Film Adaptation Announced,Extremely High,Extremely High,,
The Mysterious Bakery on Rue de Paris,,Evie Woods,Female,Ireland,English,,2025,384,,,Fiction,Magical Realism,Cozy Fiction,Feel-good Fiction,Adult,No,,,Yes,Baking; Hope; Magic,Cozy; Heartwarming,Magical Bakery,Cozy Fiction,Yes,Yes,Primary,Cozy Magical Fiction,Cozy Recommendation,Beginner,The Lost Bookshop; The Full Moon Coffee Shop,A magical bakery where every loaf carries a story and a little hope.,"Evie Woods blends comfort, magic and second chances in a heartwarming novel.","If cozy books had a smell, it'd be fresh bread.",Cozy Magical Books,December,,,,,Yes,New Release,No,High,Extremely High,,
Water Moon,,Samantha Sotto Yambao,Female,Philippines,English,,2025,384,,,Fiction,Magical Realism,Fantasy,Literary Fantasy,Adult,No,,,Yes,Memory; Love; Dreams,Lyrical; Dreamlike,Magical Journey,Literary Fantasy,Yes,Yes,Primary,Magical Realism,Literary Recommendation,Intermediate,Before the Coffee Gets Cold; The Lantern of Lost Memories,A lyrical novel where dreams and memories intertwine beautifully.,Samantha Sotto Yambao crafts an unforgettable story filled with wonder and emotion.,Some books feel like dreams you never want to leave.,Magical Realism Recommendations,January,,,,,Yes,New Release,No,High,High,,
Kaikeyi,,Vaishnavi Patel,Female,United States,English,,2022,496,,,Fiction,Mythological Fiction,Historical Fantasy,Feminist Retelling,Adult,No,,,Yes,Kaikeyi; Destiny; Power,Emotional; Empowering,Feminist Retelling,Indian Mythology,Yes,Yes,Primary,Indian Mythology Retellings,Mythology Recommendation,Beginner,The Forest of Enchantments; Kaikeyi by Kavita Kane,A powerful reimagining of one of the Ramayana's most misunderstood queens.,"Vaishnavi Patel gives Kaikeyi intelligence, ambition and emotional depth.",What if Kaikeyi was never the villain?,Feminist Ramayana Retellings,August,,,,,Yes,Bestseller,No,Extremely High,Extremely High,,
The Book That Wouldn't Burn,The Library Trilogy #1,Mark Lawrence,Male,United Kingdom,English,,2023,432,,,Fiction,Fantasy,Science Fantasy,Epic Fantasy,Adult,Yes,The Library Trilogy,1,No,Libraries; Knowledge; Time,Epic; Thought-provoking,Magical Library,Fantasy,No,Yes,Secondary,The Library Trilogy,Fantasy Recommendation,Intermediate,Babel; The Starless Sea,A breathtaking fantasy where libraries become gateways through time.,Mark Lawrence begins an ambitious trilogy celebrating knowledge and imagination.,Every reader deserves this library.,Fantasy Books About Libraries,September,,,,,Yes,Bestseller,No,High,High,,
"Beg, Borrow, or Steal",When in Rome #3,Sarah Adams,Female,United States,English,,2025,352,,,Fiction,Contemporary Romance,Romantic Comedy,Small-town Romance,Adult,Yes,When in Rome,3,No,Love; Family; Community,Light; Feel-good,Small Town Romance,Romance,Yes,Yes,Primary,When in Rome Series,Romance Recommendation,Beginner,Practice Makes Perfect; Book Lovers,Sarah Adams delivers another charming small-town romance full of warmth.,A delightful rom-com with lovable characters and irresistible chemistry.,Small-town romances never disappoint.,Feel-good Romance Books,February,,,,,Yes,Bestseller,No,High,High,,
Under the Whispering Door,,T.J. Klune,Male,United States,English,,2021,384,,,Fiction,Fantasy,Magical Realism,Healing Fiction,Adult,No,,,Yes,Death; Grief; Redemption,Hopeful; Emotional,Found Family,Fantasy,No,No,Secondary,Healing Fantasy,Fantasy Recommendation,Beginner,The House in the Cerulean Sea; Remarkably Bright Creatures,"A comforting fantasy about grief, love and learning to truly live.","T.J. Klune combines humor, hope and healing in a deeply emotional story.",This book gives your heart a hug.,Healing Fantasy Books,January,,,,,Yes,Bestseller,TV Rights Sold,Extremely High,Extremely High,,
The Twentieth Wife,Taj Mahal Trilogy #1,Indu Sundaresan,Female,India,English,,2002,416,,,Fiction,Historical Fiction,Romance,Mughal Fiction,Adult,Yes,Taj Mahal Trilogy,1,No,Mughal Empire; Love; Politics,Rich; Immersive,Royal Court,Indian Historical Fiction,Yes,Yes,Primary,Taj Mahal Trilogy,Historical Fiction Recommendation,Intermediate,The Last Queen; The Palace of Illusions,A richly detailed novel set in the magnificent Mughal court.,Indu Sundaresan brings Empress Nur Jahan's extraordinary life to vivid life.,Meet one of history's most powerful queens.,Historical Fiction Set in India,April,,,,,Yes,International Bestseller,No,High,High,,
Honor,,Elif Shafak,Female,Turkey / United Kingdom,English,,2011,368,,,Fiction,Literary Fiction,Family Drama,Contemporary Fiction,Adult,No,,,Yes,Family; Honor; Identity,Emotional; Thought-provoking,Generational Saga,Literary Fiction,Yes,Yes,Primary,Literary Fiction,Literary Recommendation,Intermediate,A House Without Windows; The Island of Missing Trees,"Elif Shafak explores family, migration and honor with extraordinary sensitivity.","A powerful story of identity, culture and the cost of tradition.",Elif Shafak writes straight to the soul.,Literary Fiction by Elif Shafak,June,,,,,Yes,International Bestseller,No,High,High,,
The Booklover's Library,,Madeline Martin,Female,United States,English,,2024,336,,,Fiction,Historical Fiction,Women's Fiction,WWII Fiction,Adult,No,,,Yes,Books; War; Friendship,Hopeful; Emotional,Books About Books,Historical Fiction,Yes,Yes,Primary,Books About Books,Historical Fiction Recommendation,Beginner,The Reading List; The Paris Library,"A beautiful celebration of books, courage and friendship during wartime.",Madeline Martin reminds us how stories can become acts of resistance.,Books can save lives—sometimes literally.,Books About Books,April,,,,,Yes,Bestseller,No,High,Extremely High,,
Still Me,Me Before You #3,Jojo Moyes,Female,United Kingdom,English,,2018,416,,,Fiction,Contemporary Fiction,Romance,Women's Fiction,Adult,Yes,Me Before You,3,No,Growth; Love; Self-discovery,Emotional; Uplifting,Personal Growth,Contemporary Romance,Yes,Yes,Primary,Me Before You Series,Romance Recommendation,Beginner,Me Before You; After You,Louisa Clark continues discovering herself in another heartfelt chapter.,Jojo Moyes concludes her beloved trilogy with warmth and hope.,Louisa Clark deserved this ending.,Contemporary Romance Series,February,,,,,Yes,International Bestseller,No,High,High,,
The Big Empty,Elvis Cole and Joe Pike #20,Robert Crais,Male,United States,English,,2024,352,,,Fiction,Mystery,Crime Thriller,Detective Fiction,Adult,Yes,Elvis Cole and Joe Pike,20,No,Crime; Justice; Investigation,Fast-paced; Suspenseful,Private Investigator,Crime Fiction,No,No,Secondary,Elvis Cole & Joe Pike,Crime Thriller Recommendation,Intermediate,Bosch; The Kind Worth Killing,A gripping detective thriller from one of crime fiction's masters.,Robert Crais delivers another tense investigation filled with twists.,Crime fiction done right.,Detective Thriller Recommendations,October,,,,,Yes,Bestseller,No,Moderate,Moderate,,
The Immortals of Meluha,Shiva Trilogy #1,Amish Tripathi,Male,India,English,,2010,390,,,Fiction,Mythological Fiction,Fantasy,Epic Mythology,Adult,Yes,Shiva Trilogy,1,No,Shiva; Destiny; Dharma,Epic; Action-packed,Chosen One,Indian Mythology,No,No,Secondary,Shiva Trilogy,Mythology Recommendation,Beginner,Asura; The Hidden Hindu,The blockbuster novel that transformed Indian mythological fiction.,Amish Tripathi imagines Lord Shiva as a legendary human destined for greatness.,The book that started India's mythology boom.,Shiva Trilogy Books,August,,,,,Yes,International Bestseller,Film Rights Acquired,Extremely High,Extremely High,,
Saraswati's Gift,,Kavita Kané,Female,India,English,,2025,320,,,Fiction,Mythological Fiction,Historical Fiction,Feminist Retelling,Adult,No,,,Yes,Saraswati; Knowledge; Womanhood,Reflective; Inspirational,Forgotten Women,Indian Mythology,Yes,Yes,Primary,Indian Mythology Retellings,Mythology Recommendation,Beginner,Ahalya; Mandodari,"Kavita Kané shines a light on wisdom, knowledge and forgotten feminine strength.",A graceful retelling centered around Goddess Saraswati and her enduring legacy.,Wisdom has always had a woman's voice.,Books on Goddess Saraswati,August,,,,,Yes,New Release,No,Moderate,High,,
The Rozabal Line,,Ashwin Sanghi,Male,India,English,,2007,448,,,Fiction,Thriller,Historical Mystery,Conspiracy Thriller,Adult,No,,,Yes,Religion; History; Mystery,Fast-paced; Intriguing,Secret History,Indian Thriller,No,No,Secondary,Indian Historical Thrillers,Thriller Recommendation,Intermediate,Chanakya's Chant; The Krishna Key,"A fast-paced conspiracy thriller blending religion, history and suspense.",Ashwin Sanghi's debut remains one of India's best-known historical thrillers.,History hides dangerous secrets.,Indian Conspiracy Thrillers,November,,,,,Yes,Bestseller,No,High,High,,
Deep End,,Ali Hazelwood,Female,Italy / United States,English,,2025,464,,,Fiction,Contemporary Romance,Sports Romance,New Adult Romance,Adult,No,,,Yes,Swimming; Love; Competition,Romantic; Emotional,College Romance,Romance,Yes,Yes,Primary,Sports Romance,Romance Recommendation,Beginner,"Love, Theoretically; Not in Love",Ali Hazelwood dives into competitive sports and irresistible romance.,A fresh contemporary romance packed with chemistry and ambition.,"Ali Hazelwood fans, this one's for you.",Sports Romance Books,February,,,,,Yes,Bestseller,No,Extremely High,Extremely High,,
The Hungry Tide,,Amitav Ghosh,Male,India,English,,2004,400,,,Fiction,Literary Fiction,Historical Fiction,Environmental Fiction,Adult,No,,,Yes,Nature; Identity; Migration,Lyrical; Reflective,Survival,Indian Literature,No,Yes,Secondary,Indian Literary Fiction,Literary Recommendation,Intermediate,Sea of Poppies; The Covenant of Water,Amitav Ghosh paints an unforgettable portrait of the Sundarbans.,"A literary masterpiece exploring ecology, humanity and belonging.",One of India's finest literary novels.,Indian Literary Fiction,July,,,,,Yes,Award-winning Novel,No,High,High,,
The Ayodhya Alliance,,Ashwin Sanghi,Male,India,English,,2025,432,,,Fiction,Thriller,Historical Thriller,Conspiracy Thriller,Adult,No,,,Yes,Ramayana; Politics; Mystery,Fast-paced; Suspenseful,Ancient Secrets,Indian Thriller,No,No,Secondary,Indian Historical Thrillers,Thriller Recommendation,Intermediate,The Krishna Key; Keepers of the Kalachakra,Ancient legends collide with modern conspiracies in another Ashwin Sanghi thriller.,A fast-paced adventure inspired by Indian mythology and history.,What if mythology hides real secrets?,Indian Mythology Thrillers,August,,,,,Yes,New Release,No,High,High,,
Kunti,The Sati Series II,Koral Dasgupta,Female,India,English,,2021,320,,,Fiction,Mythological Fiction,Historical Fiction,Feminist Retelling,Adult,Yes,The Sati Series,2,No,Kunti; Motherhood; Dharma,Emotional; Inspiring,Feminist Retelling,Indian Mythology,Yes,Yes,Primary,The Sati Series,Mythology Recommendation,Beginner,Yajnaseni; Song of Draupadi,A compassionate retelling of Kunti's life through a feminist lens.,Koral Dasgupta humanizes one of the Mahabharata's most complex women.,Every mother has an untold story.,Women of Mahabharata,August,,,,,Yes,Popular Series,No,Moderate,High,,
The Witch's Heart,,Genevieve Gornichec,Female,United States,English,,2021,352,,,Fiction,Fantasy,Mythological Fiction,Norse Myth Retelling,Adult,No,,,Yes,Norse Gods; Love; Magic,Atmospheric; Emotional,Myth Retelling,Norse Mythology,Yes,Yes,Primary,Norse Mythology Retellings,Fantasy Recommendation,Intermediate,Circe; Ariadne,A beautiful retelling of Norse mythology from the perspective of Angrboda.,"Genevieve Gornichec combines mythology, romance and magic into a deeply moving novel.","If you loved Circe, read this next.",Feminist Mythology Retellings,October,,,,,Yes,Bestseller,TV Rights Sold,High,High,,
The Midnight Library,The Midnight World #1,Matt Haig,Male,United Kingdom,English,,2020,304,,,Fiction,Literary Fiction,Magical Realism,Philosophical Fiction,Adult,Yes,The Midnight World,1,No,Regret; Hope; Second Chances,Reflective; Emotional,Parallel Lives,Literary Fiction,No,Yes,Secondary,Philosophical Fiction,Mental Health Recommendation,Beginner,The Invisible Life of Addie LaRue; Before the Coffee Gets Cold,"A moving novel about regrets, hope and the infinite possibilities of life.","Matt Haig explores depression, second chances and choosing to live through an unforgettable magical library.",What if you could live every version of your life?,Books That Change Your Perspective,January,,,,,Yes,International Bestseller,Film Rights Acquired,Extremely High,Extremely High,,
The Legend of Meneka,The Divine Dancers #1,Kritika H. Rao,Female,India,English,,2024,336,,,Fiction,Mythological Fiction,Historical Fantasy,Feminist Retelling,Adult,Yes,The Divine Dancers,1,No,Menaka; Desire; Freedom,Lyrical; Emotional,Forgotten Women,Indian Mythology,Yes,Yes,Primary,The Divine Dancers,Mythology Recommendation,Beginner,Ahalya; Kaikeyi,A bold retelling that gives Menaka the voice mythology often denied her.,"Kritika H. Rao reimagines the celestial apsara with depth, agency and emotional complexity.",Menaka was always more than a temptress.,Forgotten Women of Indian Mythology,August,,,,,Yes,New Release,No,High,High,,
The Woman in White,,Wilkie Collins,Male,United Kingdom,English,,1859,640,,,Fiction,Classic Literature,Mystery,Gothic Fiction,Adult,No,,,Yes,Identity; Secrets; Justice,Suspenseful; Atmospheric,Gothic Mystery,Classics,No,Yes,Primary,Classic Gothic Fiction,Classic Recommendation,Intermediate,Rebecca; Jane Eyre,One of the greatest mystery classics ever written.,"Wilkie Collins blends suspense, identity and gothic atmosphere into a timeless masterpiece.",The original psychological mystery.,Classic Mystery Novels,October,,,,,Yes,Literary Classic,Multiple Adaptations,Moderate,High,,
Fearless,The Powerless Trilogy #3,Lauren Roberts,Female,United States,English,,2025,528,,,Fiction,Fantasy,Romantic Fantasy,Young Adult Fantasy,Young Adult,Yes,The Powerless Trilogy,3,No,Power; Love; Sacrifice,Action-packed; Emotional,Enemies to Lovers,Fantasy,Yes,Yes,Primary,The Powerless Trilogy,Fantasy Recommendation,Beginner,Fourth Wing; Divine Rivals,The thrilling conclusion to Lauren Roberts' bestselling romantasy trilogy.,"Action, romance and impossible choices collide in an epic finale.",The finale everyone has been waiting for.,Romantasy Series to Read,September,,,,,Yes,Bestseller,No,Extremely High,Extremely High,,
The Secret of Secrets,Robert Langdon #6,Dan Brown,Male,United States,English,,2025,608,,,Fiction,Thriller,Mystery,Conspiracy Thriller,Adult,Yes,Robert Langdon,6,No,Symbols; Religion; Science,Fast-paced; Suspenseful,Secret Societies,Thriller,No,No,Secondary,Robert Langdon Series,Thriller Recommendation,Intermediate,Angels & Demons; Inferno,Robert Langdon returns for another globe-spanning mystery.,"Dan Brown delivers another high-stakes puzzle packed with history, symbols and conspiracies.",Dan Brown is back.,Robert Langdon Books Ranked,November,,,,,Yes,International Bestseller,No,Extremely High,Extremely High,,
Love Unwritten,Lakefront Billionaires #2,Lauren Asher,Female,United States,English,,2025,560,,,Fiction,Contemporary Romance,Billionaire Romance,Romance,Adult,Yes,Lakefront Billionaires,2,No,Love; Healing; Family,Emotional; Romantic,Billionaire Romance,Romance,Yes,Yes,Primary,Lakefront Billionaires,Romance Recommendation,Beginner,Love Redesigned; Things We Never Got Over,A heartfelt billionaire romance with emotional depth and irresistible chemistry.,Lauren Asher continues her popular romance series with another addictive love story.,Billionaire romance done right.,Contemporary Romance Books,February,,,,,Yes,Bestseller,No,Extremely High,Extremely High,,
The Liberation of Sita,,Volga,Female,India,Telugu,T. Vijay Kumar & C. Vijayasree,2016,160,,,Fiction,Mythological Fiction,Short Stories,Feminist Retelling,Adult,No,,,Yes,Sita; Freedom; Womanhood,Thought-provoking; Empowering,Feminist Retelling,Indian Mythology,Yes,Yes,Primary,Feminist Mythology,Mythology Recommendation,Beginner,The Forest of Enchantments; Sita's Sister,A powerful feminist reinterpretation of Sita and other women from the Ramayana.,Volga's acclaimed collection questions traditional narratives through unforgettable female voices.,What if Sita chose herself?,Feminist Ramayana Retellings,August,,,,,Yes,Award-winning Collection,No,High,Extremely High,,
Katabasis,,R.F. Kuang,Female,China / United States,English,,2025,544,,,Fiction,Fantasy,Dark Academia,Literary Fantasy,Adult,No,,,Yes,Death; Knowledge; Obsession,Dark; Intellectual,Academic Rivals,Fantasy,Yes,Yes,Primary,Dark Academia Fantasy,Fantasy Recommendation,Advanced,Babel; The Secret History,"R.F. Kuang blends academia, mythology and the underworld into a dark fantasy epic.","A haunting exploration of ambition, mortality and knowledge.",Dark academia meets the underworld.,Most Anticipated Fantasy Books,September,,,,,Yes,New Release,TV Rights Sold,Extremely High,Extremely High,,
Shakti,The Divine Feminine,Anuja Chandramouli,Female,India,English,,2025,320,,,Non-fiction,Mythology,Spirituality,Hindu Philosophy,Adult,No,,,Yes,Divine Feminine; Goddesses; Power,Inspiring; Reflective,Feminine Spirituality,Indian Mythology,Yes,Yes,Primary,Hindu Spirituality,Spiritual Recommendation,Beginner,Devi for Millennials; Devi Bhagavatam Retold,A thoughtful exploration of the Divine Feminine across Hindu traditions.,Anuja Chandramouli celebrates the many forms and meanings of Shakti.,The many faces of the Divine Feminine.,Books on Hindu Goddesses,October,,,,,Yes,New Release,No,Moderate,High,,
The Bookshop of Secrets,,Kerry Barrett,Female,United Kingdom,English,,2024,336,,,Fiction,Historical Fiction,Women's Fiction,WWII Fiction,Adult,No,,,Yes,Books; Secrets; War,Emotional; Hopeful,Books About Books,Historical Fiction,Yes,Yes,Primary,Books About Books,Historical Fiction Recommendation,Beginner,The Paris Library; The Reading List,"A heartwarming historical novel celebrating books, courage and hidden histories.",Kerry Barrett delivers another emotional story for book lovers.,Every bookshop hides a secret.,Books About Bookshops,April,,,,,Yes,Bestseller,No,High,Extremely High,,
The Architect's Apprentice,,Elif Shafak,Female,Turkey / United Kingdom,English,,2014,464,,,Fiction,Historical Fiction,Literary Fiction,Ottoman Fiction,Adult,No,,,Yes,Art; Architecture; Empire,Rich; Immersive,Historical Saga,Literary Fiction,Yes,No,Secondary,Literary Historical Fiction,Historical Fiction Recommendation,Intermediate,The Forty Rules of Love; The Twentieth Wife,A breathtaking novel set in the magnificent Ottoman Empire.,"Elif Shafak combines architecture, art and history into an unforgettable coming-of-age story.",History has never looked this beautiful.,Historical Fiction Everyone Should Read,May,,,,,Yes,International Bestseller,No,High,High,,
Mate,Bride #2,Ali Hazelwood,Female,Italy / United States,English,,2025,448,,,Fiction,Paranormal Romance,Fantasy Romance,Romantasy,Adult,Yes,Bride,2,No,Love; Vampires; Werewolves,Romantic; Fast-paced,Paranormal Romance,Romantasy,Yes,Yes,Primary,Bride Series,Paranormal Romance Recommendation,Beginner,Bride; Fourth Wing,Ali Hazelwood returns with another irresistible paranormal romance.,"Vampires, werewolves and slow-burn romance collide in this highly anticipated sequel.",Ali Hazelwood but make it paranormal.,Best Paranormal Romance Books,February,,,,,Yes,New Release,No,Extremely High,Extremely High,,
The Women of Troy,Women of Troy #2,Pat Barker,Female,United Kingdom,English,,2021,304,,,Fiction,Historical Fiction,Mythological Fiction,Greek Myth Retelling,Adult,Yes,Women of Troy,2,No,War; Survival; Women,Emotional; Powerful,Trojan Women,Greek Mythology,Yes,Yes,Primary,Greek Myth Retellings,Mythology Recommendation,Intermediate,A Thousand Ships; Stone Blind,Pat Barker continues giving voice to the forgotten women of the Trojan War.,"A powerful, emotional novel about survival after war.",History remembers heroes. This remembers women.,Women of Greek Mythology,May,,,,,Yes,Award-winning Novel,No,High,High,,
The Chola Tigers,Avengers of Somnath,Amish Tripathi,Male,India,English,,2025,432,,,Fiction,Historical Fiction,Action Adventure,Indian History,Adult,No,,,Yes,Chola Empire; Valor; History,Epic; Fast-paced,Historical Adventure,Indian History,No,No,Secondary,Indian Historical Fiction,History Recommendation,Intermediate,Empire of Sand; The Last Queen,Amish Tripathi turns to the legendary Chola Empire in an action-filled historical adventure.,A thrilling journey through one of India's greatest dynasties.,Time to explore the Cholas.,Indian History Books,July,,,,,Yes,New Release,No,High,High,,
Sons of Darkness,The Raag of Rta #1,Gourav Mohanty,Male,India,English,,2022,736,,,Fiction,Epic Fantasy,Mythological Fantasy,Grimdark Fantasy,Adult,Yes,The Raag of Rta,1,No,Power; War; Dharma,Dark; Epic,Mahabharata Inspired,Fantasy,No,No,Secondary,The Raag of Rta,Fantasy Recommendation,Advanced,The Poppy War; The Grace of Kings,A grimdark fantasy inspired by the Mahabharata unlike anything you've read before.,Gourav Mohanty reinvents epic Indian mythology through political fantasy.,Mahabharata—but darker than ever.,Indian Epic Fantasy,September,,,,,Yes,Critically Acclaimed,No,High,High,,
The Secret History,,Donna Tartt,Female,United States,English,,1992,559,,,Fiction,Literary Fiction,Mystery,Dark Academia,Adult,No,,,Yes,Obsession; Friendship; Murder,Atmospheric; Dark,Dark Academia,Literary Fiction,Yes,No,Secondary,Dark Academia,Literary Recommendation,Advanced,Babel; If We Were Villains,Donna Tartt's iconic novel remains the gold standard of dark academia.,"Obsession, classics and murder combine in this unforgettable literary masterpiece.",The book that defined dark academia.,Dark Academia Starter Pack,September,,,,,Yes,Modern Classic,No,Extremely High,Extremely High,,
Daughter of the Moon Goddess,The Celestial Kingdom #1,Sue Lynn Tan,Female,Malaysia,English,,2022,512,,,Fiction,Fantasy,Mythological Fantasy,Asian Fantasy,Adult,Yes,The Celestial Kingdom,1,No,Immortality; Family; Destiny,Magical; Romantic,Quest Fantasy,Fantasy,Yes,Yes,Primary,The Celestial Kingdom,Fantasy Recommendation,Beginner,Six Crimson Cranes; Divine Rivals,A magical fantasy inspired by Chinese mythology filled with romance and adventure.,Sue Lynn Tan creates a breathtaking world of immortals and celestial magic.,This cover is as beautiful as the story.,Asian Fantasy Recommendations,October,,,,,Yes,International Bestseller,No,Extremely High,Extremely High,,
Heart of the Sun Warrior,The Celestial Kingdom #2,Sue Lynn Tan,Female,Malaysia,English,,2022,528,,,Fiction,Fantasy,Mythological Fantasy,Asian Fantasy,Adult,Yes,The Celestial Kingdom,2,No,Destiny; Love; Sacrifice,Epic; Emotional,Mythic Fantasy,Fantasy,Yes,Yes,Primary,The Celestial Kingdom,Fantasy Recommendation,Beginner,Daughter of the Moon Goddess; The Girl Who Fell Beneath the Sea,An emotional and action-packed conclusion to the Celestial Kingdom duology.,"Sue Lynn Tan beautifully balances mythology, romance and epic adventure.",The ending this duology deserved.,Fantasy Duologies Worth Reading,October,,,,,Yes,Bestseller,No,High,Extremely High,,
Days at the Torunka Café,Days at the Torunka Café #1,Satoshi Yagisawa,Male,Japan,Japanese,,2025,224,,,Fiction,Literary Fiction,Healing Fiction,Japanese Fiction,Adult,Yes,Days at the Torunka Café,1,No,Coffee; Healing; Community,Cozy; Gentle,Café Fiction,Japanese Literature,No,Yes,Secondary,Japanese Healing Fiction,Cozy Recommendation,Beginner,Days at the Morisaki Bookshop; Welcome to the Hyunam-Dong Bookshop,"A comforting Japanese novel filled with coffee, kindness and quiet healing.",Satoshi Yagisawa once again proves that gentle stories leave the deepest impact.,Sometimes all you need is a warm café and a good book.,Japanese Healing Fiction,January,,,,,Yes,New Release,No,High,Extremely High,,
Dance of Shadows,The Raag of Rta #2,Gourav Mohanty,Male,India,English,,2025,720,,,Fiction,Epic Fantasy,Mythological Fantasy,Grimdark Fantasy,Adult,Yes,The Raag of Rta,2,No,War; Destiny; Power,Dark; Epic,Mythology Inspired,Fantasy,No,No,Secondary,The Raag of Rta,Fantasy Recommendation,Advanced,Sons of Darkness; The Faithful and the Fallen,"The epic saga continues with even higher stakes, darker politics and unforgettable battles.",Gourav Mohanty expands his ambitious myth-inspired fantasy world in a gripping sequel.,One of India's most ambitious fantasy series.,Indian Fantasy Series,September,,,,,Yes,New Release,No,High,High,,
Immortal,,Sue Lynn Tan,Female,Malaysia,English,,2025,496,,,Fiction,Fantasy,Mythological Fantasy,Asian Fantasy,Adult,No,,,Yes,Immortality; Destiny; Love,Epic; Emotional,Celestial Mythology,Fantasy,Yes,Yes,Primary,Asian Mythology Fantasy,Fantasy Recommendation,Intermediate,Daughter of the Moon Goddess; Heart of the Sun Warrior,"Sue Lynn Tan returns with another breathtaking tale of gods, destiny and love.",A sweeping fantasy inspired by Asian mythology filled with celestial magic and unforgettable romance.,Sue Lynn Tan never misses.,Asian Fantasy Recommendations,October,,,,,Yes,New Release,Film Rights Pending,Extremely High,Extremely High,,
The Bastard of Istanbul,,Elif Shafak,Female,Turkey / United Kingdom,English,,2006,368,,,Fiction,Literary Fiction,Historical Fiction,Family Saga,Adult,No,,,Yes,Identity; Memory; Family,Emotional; Thought-provoking,Generational Saga,Literary Fiction,Yes,Yes,Primary,Literary Fiction,Literary Recommendation,Intermediate,Honor; The Island of Missing Trees,"A profound novel exploring family, identity and the Armenian-Turkish past.",Elif Shafak masterfully blends history and personal stories into an unforgettable literary novel.,Every Elif Shafak novel feels like a masterpiece.,Best Elif Shafak Books,June,,,,,Yes,International Bestseller,No,High,High,,
The Moon Glow Bookshop,,Seo Dong-won,Female,South Korea,Korean,,2025,304,,,Fiction,Healing Fiction,Literary Fiction,Cozy Fiction,Adult,No,,,Yes,Books; Healing; Community,Cozy; Comforting,Bookshop Fiction,Korean Literature,Yes,Yes,Primary,Korean Healing Fiction,Cozy Recommendation,Beginner,Welcome to the Hyunam-Dong Bookshop; Days at the Morisaki Bookshop,A comforting story where books quietly heal broken hearts.,"Seo Dong-won captures the warmth of community, literature and second chances.",Another cozy Korean bookshop to fall in love with.,Korean Healing Fiction,January,,,,,Yes,New Release,No,High,Extremely High,,
A Midnight Pastry Shop Called Hwawoldang,,Lee Onhwa,Female,South Korea,Korean,,2025,320,,,Fiction,Healing Fiction,Magical Realism,Cozy Fantasy,Adult,No,,,Yes,Food; Healing; Community,Cozy; Gentle,Magical Café,Korean Fiction,Yes,Yes,Primary,Korean Healing Fiction,Cozy Recommendation,Beginner,Marigold Mind Laundry; The Rainfall Market,A magical pastry shop where every customer finds exactly what they need.,"Lee Onhwa blends food, comfort and quiet healing into a delightful read.",Healing fiction + desserts = perfection.,Cozy Korean Fiction,January,,,,,Yes,Bestseller,No,High,Extremely High,,
The Girl In The Coffee House,,Sirjandeep Kaur Ubha,Female,India,English,,2025,320,,,Fiction,Contemporary Fiction,Romance,Women's Fiction,Adult,No,,,Yes,Love; Loss; Healing,Emotional; Heartwarming,Coffee Shop Setting,Contemporary Fiction,Yes,Yes,Primary,Contemporary Women's Fiction,Romance Recommendation,Beginner,The Reading List; The Little Coffee Shop of Kabul,"A heartfelt story of love, healing and finding yourself over coffee and conversations.",Sirjandeep Kaur Ubha delivers an emotional contemporary novel with warmth and hope.,"Coffee, conversations and second chances.",Contemporary Indian Fiction,February,,,,,Yes,New Release,No,Moderate,Moderate,,
A Cold Hold,,Sanjana Kanamarlapudi,Female,India,English,,2025,352,,,Fiction,Thriller,Psychological Thriller,Mystery Thriller,Adult,No,,,Yes,Secrets; Obsession; Trauma,Dark; Suspenseful,Unreliable Narrator,Thriller,Yes,Yes,Primary,Psychological Thrillers,Thriller Recommendation,Intermediate,The Housemaid; Verity,A chilling psychological thriller where nothing is quite what it seems.,Sanjana Kanamarlapudi keeps readers guessing until the final page.,Trust no one in this story.,Indian Psychological Thrillers,October,,,,,Yes,New Release,No,Moderate,Moderate,,
The Blind King,,S. Deepanshu,Male,India,English,,2025,448,,,Fiction,Fantasy,Mythological Fantasy,Epic Fantasy,Adult,No,,,Yes,Kingship; Destiny; Power,Dark; Epic,Chosen One,Fantasy,No,No,Secondary,Epic Fantasy,Fantasy Recommendation,Intermediate,Sons of Darkness; The Hidden Hindu,"An ambitious fantasy exploring power, destiny and forgotten kingdoms.",S. Deepanshu creates an expansive world inspired by myth and legend.,Epic fantasy with an Indian soul.,Indian Fantasy Books,September,,,,,Yes,New Release,No,Moderate,Moderate,,
Ten Incarnations of Rebellion,,Vaishnavi Patel,Female,United States,English,,2025,480,,,Fiction,Mythological Fiction,Fantasy,Feminist Retelling,Adult,No,,,Yes,Rebellion; Identity; Power,Fierce; Thought-provoking,Myth Retelling,Mythology,Yes,Yes,Primary,Mythology Retellings,Mythology Recommendation,Intermediate,Kaikeyi; The Liberation of Sita,Vaishnavi Patel reimagines mythology through rebellion and feminine strength.,A bold fantasy inspired by ancient stories yet deeply relevant today.,Mythology has never felt this rebellious.,Feminist Mythology Books,August,,,,,Yes,New Release,No,High,High,,
A Language of Dragons,A Language of Dragons #1,S.F. Williamson,Female,United Kingdom,English,,2025,432,,,Fiction,Fantasy,Dark Academia,Young Adult Fantasy,Young Adult,Yes,A Language of Dragons,1,No,Language; Power; Revolution,Dark; Immersive,Academic Rivals,Fantasy,Yes,Yes,Primary,Dark Academia Fantasy,Fantasy Recommendation,Intermediate,Babel; Divine Rivals,"Dragons, language and revolution collide in this unforgettable fantasy debut.","S.F. Williamson combines academia, politics and dragons into a gripping adventure.",Dark academia... with dragons.,Fantasy Debuts,September,,,,,Yes,Bestseller,Film Rights Sold,Extremely High,Extremely High,,
The Pearl That Broke Its Shell,,Nadia Hashimi,Female,Afghanistan / United States,English,,2014,464,,,Fiction,Historical Fiction,Literary Fiction,Women's Fiction,Adult,No,,,Yes,Womanhood; Family; Afghanistan,Emotional; Powerful,Generational Story,Historical Fiction,Yes,Yes,Primary,Afghan Literature,Literary Fiction Recommendation,Intermediate,A House Without Windows; A Thousand Splendid Suns,"A moving novel about resilience, identity and the lives of Afghan women.",Nadia Hashimi tells an unforgettable multigenerational story inspired by real traditions.,A story every reader should experience.,Books About Afghanistan,June,,,,,Yes,International Bestseller,No,High,High,,
Beyond the Blinding Sun,,Jayanta G. Borpujari,Male,India,English,,2024,384,,,Fiction,Literary Fiction,Historical Fiction,Northeast India Fiction,Adult,No,,,Yes,Identity; History; Memory,Reflective; Emotional,Family Saga,Indian Literature,No,No,Secondary,Indian Literary Fiction,Literary Recommendation,Intermediate,The Far Field; The Lives of Others,"A beautifully written novel exploring memory, identity and the Northeast.",Jayanta G. Borpujari offers an important literary voice from contemporary India.,Discover literature beyond the mainstream.,Modern Indian Literature,July,,,,,Yes,Critically Acclaimed,No,Moderate,Moderate,,
The Lost Story,,Meg Shaffer,Female,United States,English,,2024,336,,,Fiction,Fantasy,Magical Realism,Portal Fantasy,Adult,No,,,Yes,Friendship; Memory; Adventure,Whimsical; Emotional,Narnia Inspired,Fantasy,Yes,Yes,Primary,Portal Fantasy,Fantasy Recommendation,Beginner,The Starless Sea; The Ten Thousand Doors of January,"A magical adventure celebrating friendship, imagination and forgotten worlds.",Meg Shaffer creates a nostalgic fantasy perfect for readers who still believe in magic.,Feels like Narnia for grown-up readers.,Whimsical Fantasy Books,November,,,,,Yes,Bestseller,No,High,High,,
The Amberglow Candy Store,The Night Alley #1,Hiyoko Kurisu,Female,Japan,Japanese,,2025,256,,,Fiction,Healing Fiction,Magical Realism,Cozy Fantasy,Adult,Yes,The Night Alley,1,No,Memories; Healing; Community,Cozy; Heartwarming,Magical Shop,Japanese Literature,Yes,Yes,Primary,Japanese Healing Fiction,Cozy Recommendation,Beginner,The Full Moon Coffee Shop; The Lantern of Lost Memories,A magical candy shop where sweets help heal old wounds.,"Hiyoko Kurisu blends comfort, nostalgia and gentle fantasy into a delightful story.",Japanese healing fiction keeps getting better.,Cozy Japanese Books,January,,,,,Yes,New Release,No,High,Extremely High,,
Shadow Play Love and Blackmail,,Nitish Bhushan,Male,India,English,,2025,320,,,Fiction,Thriller,Mystery,Crime Thriller,Adult,No,,,Yes,Secrets; Blackmail; Revenge,Fast-paced; Suspenseful,Psychological Mystery,Thriller,No,Yes,Secondary,Indian Crime Thrillers,Thriller Recommendation,Beginner,"Love, Swipe, Blackmail; The Girl on the Train","A suspenseful thriller mixing secrets, romance and dangerous blackmail.",Nitish Bhushan delivers a fast-paced page-turner with plenty of twists.,Romance can be deadly.,Indian Thriller Recommendations,October,,,,,Yes,New Release,No,Moderate,Moderate,,
GULNORA,,Ashok Bhasin,Male,India,English,,2025,320,,,Fiction,Historical Fiction,Literary Fiction,Partition Fiction,Adult,No,,,Yes,Partition; Identity; Memory,Emotional; Reflective,Historical Family Saga,Partition Literature,No,Yes,Secondary,Partition Literature,Historical Fiction Recommendation,Intermediate,Train to Pakistan; The Book of Everlasting Things,"A poignant novel exploring love, displacement and the scars of Partition.",Ashok Bhasin captures history through deeply personal human stories.,Stories that history textbooks never tell.,Partition Literature,August,,,,,Yes,Critically Acclaimed,No,Moderate,Moderate,,
A Song to Drown Rivers,,Ann Liang,Female,China / Australia,English,,2024,464,,,Fiction,Historical Fantasy,Mythological Fiction,Chinese Historical Fantasy,Adult,No,,,Yes,Love; War; Sacrifice,Lyrical; Emotional,Historical Romance,Fantasy,Yes,Yes,Primary,Historical Fantasy,Fantasy Recommendation,Intermediate,Daughter of the Moon Goddess; She Who Became the Sun,"Ann Liang brings Chinese legend to life through romance, sacrifice and breathtaking prose.",A lyrical historical fantasy inspired by one of China's greatest legends.,One of the most beautiful fantasy books you'll read.,Asian Historical Fantasy,October,,,,,Yes,Bestseller,No,Extremely High,Extremely High,,
What the River Knows,Secrets of the Nile #1,Isabel Ibañez,Female,United States,English,,2023,432,,,Fiction,Fantasy,Historical Fantasy,Egyptian Fantasy,Young Adult,Yes,Secrets of the Nile,1,No,Egypt; Archaeology; Magic,Adventurous; Romantic,Ancient Egypt,Fantasy,Yes,Yes,Primary,Secrets of the Nile,Fantasy Recommendation,Beginner,Divine Rivals; Belladonna,"Egyptian mythology, archaeology and romance combine in this thrilling YA fantasy.",Isabel Ibañez creates an unforgettable adventure along the Nile.,Ancient Egypt meets fantasy romance.,Egyptian Fantasy Books,October,,,,,Yes,Bestseller,No,Extremely High,Extremely High,,
Where the Library Hides,Secrets of the Nile #2,Isabel Ibañez,Female,United States,English,,2024,416,,,Fiction,Fantasy,Historical Fantasy,Egyptian Fantasy,Young Adult,Yes,Secrets of the Nile,2,No,Secrets; Magic; Egypt,Adventurous; Atmospheric,Hidden Library,Fantasy,Yes,Yes,Primary,Secrets of the Nile,Fantasy Recommendation,Beginner,What the River Knows; The Book That Wouldn't Burn,The magical Egyptian adventure continues with more secrets and higher stakes.,Isabel Ibañez expands her captivating fantasy world with mystery and romance.,"Libraries, ancient magic and adventure—what more do you need?",Fantasy Sequels,October,,,,,Yes,Bestseller,No,Extremely High,Extremely High,,
The Ballad of Falling Dragons,Moonfall #2,Sarah A. Parker,Female,Australia,English,,2025,720,,,Fiction,Fantasy,Romantic Fantasy,Epic Fantasy,Adult,Yes,Moonfall,2,No,Dragons; Destiny; Love,Epic; Emotional,Dragon Rider,Romantasy,Yes,Yes,Primary,Moonfall Series,Fantasy Recommendation,Intermediate,When the Moon Hatched; Fourth Wing,"Dragons, romance and destiny continue in this epic fantasy sequel.",Sarah A. Parker delivers another emotionally rich romantasy filled with breathtaking world-building.,"Dragon lovers, your next obsession is here.",Best Romantasy Series,October,,,,,Yes,New Release,No,Extremely High,Extremely High,,
Piranesi,,Susanna Clarke,Female,United Kingdom,English,,2020,272,,,Fiction,Literary Fantasy,Mystery,Philosophical Fantasy,Adult,No,,,Yes,Memory; Identity; Solitude,Dreamlike; Atmospheric,Labyrinth Setting,Literary Fantasy,Yes,No,Secondary,Literary Fantasy,Literary Recommendation,Intermediate,The Starless Sea; The Midnight Library,"A haunting, unforgettable novel unlike anything you've ever read.","Susanna Clarke crafts an extraordinary labyrinth of memory, mystery and imagination.",This book is impossible to explain—but impossible to forget.,Literary Fantasy Masterpieces,November,,,,,Yes,Award-winning Bestseller,No,Extremely High,Extremely High,,
Alchemised,,SenLinYu,Female,United States,English,,2025,640,,,Fiction,Fantasy,Dark Fantasy,Romantasy,Adult,No,,,Yes,Magic; Survival; Redemption,Dark; Emotional,Enemies to Lovers,Fantasy,Yes,Yes,Primary,Dark Romantasy,Fantasy Recommendation,Intermediate,Fourth Wing; Bride,"A dark fantasy romance where magic, danger and obsession collide.",SenLinYu's bestselling debut blends high fantasy with an unforgettable emotional journey.,The romantasy everyone is talking about.,Dark Romantasy Recommendations,October,,,,,Yes,International Bestseller,Film Rights Pending,Extremely High,Extremely High,,
Ashes to Ashes,Kovac and Liska #1,Tami Hoag,Female,United States,English,,1999,544,,,Fiction,Thriller,Crime Thriller,Police Procedural,Adult,Yes,Kovac and Liska,1,No,Murder; Justice; Investigation,Suspenseful; Dark,Serial Killer,Crime Fiction,Yes,Yes,Primary,Kovac & Liska Series,Thriller Recommendation,Intermediate,The Silent Patient; The Kind Worth Killing,A gripping serial killer thriller that launched a beloved detective series.,"Tami Hoag combines suspense, crime and unforgettable investigators.",One of the best crime thrillers of its era.,Crime Thriller Recommendations,October,,,,,Yes,Bestseller,TV Rights Optioned,High,Moderate,,
The Weaver and the Witch Queen,,Genevieve Gornichec,Female,United States,English,,2023,368,,,Fiction,Historical Fantasy,Mythological Fantasy,Norse Fantasy,Adult,No,,,Yes,Fate; Friendship; Magic,Atmospheric; Hopeful,Norse Mythology,Fantasy,Yes,Yes,Primary,Norse Mythology,Fantasy Recommendation,Beginner,The Witch's Heart; Circe,"A beautiful tale of friendship, destiny and Norse magic.",Genevieve Gornichec once again proves her talent for myth-inspired storytelling.,"If you loved The Witch's Heart, don't miss this.",Norse Mythology Retellings,November,,,,,Yes,Critically Acclaimed,No,High,High,,
Lightning in a Shot Glass,,Deepanjana Pal,Female,India,English,,2025,320,,,Fiction,Literary Fiction,Contemporary Fiction,Women's Fiction,Adult,No,,,Yes,Identity; Family; Womanhood,Emotional; Reflective,Character-driven,Indian Literature,Yes,Yes,Primary,Indian Literary Fiction,Literary Recommendation,Intermediate,The Ministry of Utmost Happiness; A Burning,"Deepanjana Pal explores identity, relationships and modern India with wit and honesty.",A literary novel that balances humor with emotional depth.,Quiet books often leave the loudest impact.,Contemporary Indian Literature,July,,,,,Yes,New Release,No,Moderate,Moderate,,
Wuthering Heights,,Emily Brontë,Female,United Kingdom,English,,1847,416,,,Fiction,Classic Literature,Gothic Fiction,Romance,Adult,No,,,Yes,Love; Revenge; Obsession,Dark; Atmospheric,Tragic Romance,Classics,Yes,Yes,Primary,Classic Literature,Classic Recommendation,Advanced,Jane Eyre; Rebecca,One of literature's greatest and darkest love stories.,Emily Brontë's timeless masterpiece continues to influence readers across generations.,Not a romance. A beautiful obsession.,Classic Books Everyone Should Read,October,,,,,Yes,Literary Classic,Multiple Adaptations,High,Extremely High,,
The Violin Maker's Secret,,Evie Woods,Female,Ireland,English,,2025,384,,,Fiction,Historical Fiction,Magical Realism,Literary Fiction,Adult,No,,,Yes,Music; Secrets; Hope,Emotional; Atmospheric,Dual Timeline,Historical Fiction,Yes,Yes,Primary,Historical Fiction,Historical Fiction Recommendation,Beginner,The Lost Bookshop; The Story Collector,"Evie Woods combines history, mystery and hope in another emotional novel.","A heartfelt story about music, family secrets and second chances.",Evie Woods writes stories that feel like magic.,Historical Fiction with Magical Realism,December,,,,,Yes,Bestseller,No,High,Extremely High,,
Cleopatra,,Saara El-Arifi,Female,Ghana / United Kingdom,English,,2025,480,,,Fiction,Historical Fantasy,Historical Fiction,Egyptian Retelling,Adult,No,,,Yes,Cleopatra; Power; Legacy,Epic; Emotional,Historical Retelling,Historical Fantasy,Yes,Yes,Primary,Historical Retellings,Historical Fiction Recommendation,Intermediate,The Women of Troy; Ariadne,Saara El-Arifi reimagines one of history's most iconic queens.,"A richly imagined story of ambition, politics and survival in ancient Egypt.",Cleopatra like you've never seen her before.,Women from History,September,,,,,Yes,New Release,No,High,High,,
The Battle of the Bookshops,,Poppy Alexander,Female,United Kingdom,English,,2025,352,,,Fiction,Contemporary Fiction,Romance,Cozy Fiction,Adult,No,,,Yes,Books; Community; Love,Cozy; Feel-good,Bookshop Setting,Books About Books,Yes,Yes,Primary,Books About Books,Cozy Recommendation,Beginner,The Reading List; Must Love Books,A delightful novel celebrating independent bookshops and the readers who love them.,"Poppy Alexander delivers a charming story full of books, community and romance.",Bookshop books never disappoint.,Books About Bookshops,April,,,,,Yes,New Release,No,High,Extremely High,,
A Guardian and a Thief,,Megha Majumdar,Female,India / United States,English,,2025,352,,,Fiction,Literary Fiction,Contemporary Fiction,Social Fiction,Adult,No,,,Yes,Class; Identity; Survival,Thought-provoking; Emotional,Character-driven,Literary Fiction,Yes,Yes,Primary,Literary Fiction,Literary Recommendation,Intermediate,The White Tiger; A Burning,"Megha Majumdar explores class, morality and ambition through unforgettable characters.",A compelling novel examining the choices people make to survive.,Moral grey characters done right.,Modern Indian Fiction,July,,,,,Yes,New Release,No,Moderate,Moderate,,
Durga: The Baaghini,A Tattvaverse Saga,Krishnamurthy Shrikanth,Male,India,English,,2025,400,,,Fiction,Mythological Fiction,Fantasy,Epic Mythology,Adult,Yes,Tattvaverse Saga,1,No,Durga; Dharma; Divine Power,Epic; Action-packed,Goddess Retelling,Indian Mythology,No,Yes,Primary,Tattvaverse Saga,Mythology Recommendation,Beginner,Sons of Darkness; Shiva Trilogy,A thrilling new mythology saga centered around Goddess Durga.,Krishnamurthy Shrikanth launches an ambitious mythological universe with action and philosophy.,Durga deserves more epic retellings.,Modern Indian Mythology,August,,,,,Yes,New Release,No,High,High,,
The Barred Window,,Sammar Shabir,Female,India,English,,2025,304,,,Fiction,Literary Fiction,Contemporary Fiction,Kashmiri Fiction,Adult,No,,,Yes,Conflict; Identity; Hope,Emotional; Reflective,Coming of Age,Indian Literature,Yes,Yes,Primary,Kashmiri Literature,Literary Recommendation,Intermediate,The Last Knot; The Half Mother,"A moving novel exploring life, hope and resilience in Kashmir.",Sammar Shabir offers an intimate portrait of ordinary lives shaped by extraordinary circumstances.,Stories from Kashmir deserve more readers.,Kashmiri Literature,July,,,,,Yes,Critically Acclaimed,No,Moderate,Moderate,,
The Land of Lost Gods,A Gripping Crime Fiction Thriller from Turkey,Ahmet Ümit,Male,Turkey,Turkish,,2025,480,,,Fiction,Crime Fiction,Thriller,Historical Mystery,Adult,No,,,Yes,Murder; History; Myth,Suspenseful; Atmospheric,Archaeological Mystery,Crime Fiction,No,No,Secondary,Turkish Crime Fiction,Thriller Recommendation,Intermediate,The Name of the Rose; The Devotion of Suspect X,Ancient myths and modern murder collide in Ahmet Ümit's gripping thriller.,"A fascinating blend of archaeology, history and crime investigation.",Turkey's answer to historical thrillers.,International Crime Fiction,October,,,,,Yes,Bestseller,No,High,Moderate,,
The Poet Empress,,Shen Tao,Female,China,English,,2025,432,,,Fiction,Historical Fiction,Literary Fiction,Chinese Historical Fiction,Adult,No,,,Yes,Poetry; Power; Legacy,Lyrical; Reflective,Historical Woman,Historical Fiction,Yes,Yes,Primary,Historical Women's Fiction,Historical Fiction Recommendation,Intermediate,Empress Orchid; The Last Queen,A lyrical portrait of an extraordinary woman whose words shaped history.,"Shen Tao combines poetry, politics and power in a compelling historical novel.",Powerful women always leave powerful stories.,Forgotten Women in History,September,,,,,Yes,New Release,No,Moderate,Moderate,,
City of the Muse,,Kate Hilton,Female,Canada,English,,2025,352,,,Fiction,Contemporary Fiction,Women's Fiction,Literary Fiction,Adult,No,,,Yes,Art; Ambition; Relationships,Emotional; Uplifting,Self-discovery,Contemporary Fiction,Yes,Yes,Primary,Women's Fiction,Contemporary Recommendation,Beginner,Normal People; The Authenticity Project,"A thoughtful novel about ambition, creativity and finding your place in the world.","Kate Hilton explores art, relationships and personal growth with warmth.",Art changes people—and books do too.,Contemporary Women's Fiction,May,,,,,Yes,New Release,No,Moderate,Moderate,,
Ghachar Ghochar,,Vivek Shanbhag,Male,India,Kannada,Srinath Perur,2015 (English),128,,,Fiction,Literary Fiction,Family Drama,Indian Literature,Adult,No,,,Yes,Family; Money; Power,Quiet; Thought-provoking,Dysfunctional Family,Indian Literature,No,No,Secondary,Indian Literary Classics,Literary Recommendation,Intermediate,Em and the Big Hoom; Serious Men,"A short but unforgettable novel about family, wealth and quiet corruption.",Vivek Shanbhag proves that powerful stories don't need many pages.,Only 120 pages. You'll think about it for years.,Modern Indian Classics,July,,,,,Yes,Award-winning Novella,No,High,High,,
A War of Wyverns,A Language of Dragons #2,S.F. Williamson,Female,United Kingdom,English,,2026,448,,,Fiction,Fantasy,Dark Academia,Young Adult Fantasy,Young Adult,Yes,A Language of Dragons,2,No,Dragons; War; Magic,Epic; Fast-paced,Academic Fantasy,Fantasy,Yes,Yes,Primary,A Language of Dragons,Fantasy Recommendation,Intermediate,Fourth Wing; Divine Rivals,"Dragons, revolution and magic return in this action-packed sequel.",S.F. Williamson expands her acclaimed fantasy world with even higher stakes.,The dragons are back.,Fantasy Sequels Worth Waiting For,October,,,,,Yes,New Release,No,Extremely High,High,,
Rukmini: Krishna's Wife,,Saiswaroopa Iyer,Female,India,English,,2021,352,,,Fiction,Mythological Fiction,Historical Fiction,Hindu Mythology,Adult,No,,,Yes,Rukmini; Devotion; Love,Inspiring; Emotional,Myth Retelling,Indian Mythology,Yes,Yes,Primary,Indian Mythology,Mythology Recommendation,Beginner,Sita's Sister; Saraswati's Gift,"A heartfelt retelling celebrating Rukmini's strength, devotion and wisdom.",Saiswaroopa Iyer gives voice to one of mythology's most beloved yet overlooked women.,Rukmini deserves her own story too.,Women of Indian Mythology,August,,,,,Yes,Bestseller,No,High,High,,
The Wizard's Bakery,,Gu Byeong-mo,Female,South Korea,Korean,,2009,240,,,Fiction,Magical Realism,Fantasy,Korean Fiction,Adult,No,,,Yes,Magic; Healing; Coming of Age,Whimsical; Dark,Magical Bakery,Korean Literature,Yes,No,Secondary,Korean Magical Fiction,Cozy Recommendation,Beginner,Marigold Mind Laundry; The Full Moon Coffee Shop,A magical bakery where every pastry comes with unexpected consequences.,"Gu Byeong-mo blends fantasy, healing and coming-of-age into a uniquely Korean tale.",Cozy... but unexpectedly dark.,Korean Magical Realism,January,,,,,Yes,Cult Classic,No,High,Extremely High,,
Dancing in the Mosque,An Afghan Mother's Letter to Her Son,Homeira Qaderi,Female,Afghanistan,Persian (Dari),,2020,224,,,Non-fiction,Memoir,Biography,Feminist Memoir,Adult,No,,,Yes,Motherhood; Freedom; Afghanistan,Powerful; Emotional,Personal Narrative,Memoir,Yes,Yes,Primary,Memoirs by Women,Non-fiction Recommendation,Beginner,The Pearl That Broke Its Shell; Reading Lolita in Tehran,"A deeply personal memoir about motherhood, identity and freedom in Afghanistan.",Homeira Qaderi's powerful letter to her son is both heartbreaking and inspiring.,Every page carries courage.,Memoirs by Women,March,,,,,Yes,Award-winning Memoir,No,High,High,,
Daughter of Two Rivers,,Arun Krishnan,Male,India,English,,2025,432,,,Fiction,Historical Fiction,Adventure,Ancient India,Adult,No,,,Yes,Cholas; Courage; History,Epic; Immersive,Historical Adventure,Indian History,No,Yes,Secondary,Indian Historical Fiction,Historical Fiction Recommendation,Intermediate,The Chola Tigers; The Last Queen,A sweeping historical adventure inspired by South India's rich past.,"Arun Krishnan combines history, politics and action into an immersive read.",South Indian history deserves more fiction like this.,Chola Empire Books,July,,,,,Yes,Critically Acclaimed,No,Moderate,Moderate,,
The Vanishing Cherry Blossom Bookshop,,Takuya Asakura,Male,Japan,Japanese,,2025,272,,,Fiction,Healing Fiction,Literary Fiction,Japanese Fiction,Adult,No,,,Yes,Books; Memory; Healing,Cozy; Reflective,Bookshop Fiction,Japanese Literature,No,Yes,Secondary,Japanese Healing Fiction,Cozy Recommendation,Beginner,What You Are Looking For Is in the Library; Days at the Morisaki Bookshop,"A gentle novel about books, memories and learning to let go.",Takuya Asakura delivers another comforting story perfect for fans of Japanese healing fiction.,Japanese bookshop novels never fail.,Japanese Healing Fiction,January,,,,,Yes,New Release,No,High,Extremely High,,
I Who Have Never Known Men,,Jacqueline Harpman,Female,Belgium,French,Ros Schwartz,1995 (English ed. later),208,,,Fiction,Literary Fiction,Dystopian Fiction,Philosophical Fiction,Adult,No,,,Yes,Isolation; Humanity; Freedom,Haunting; Reflective,Survival,Dystopian Fiction,Yes,Yes,Primary,Feminist Dystopian Fiction,Literary Recommendation,Advanced,Piranesi; The Handmaid's Tale,A haunting philosophical novel that stays with you long after the final page.,"Jacqueline Harpman's cult classic explores humanity, isolation and freedom with remarkable depth.",This book quietly breaks your heart.,Dystopian Books That Deserve More Love,November,,,,,Yes,Cult Classic,No,Extremely High,Extremely High,,