Title,Author,Subtitle,ISBN,Status,Rating,Pages,Publisher,Series,Country,Language,Ownership,Copies,Genres,Themes,Moods,Tropes,Tags,Seasonal,Collections,One-line recommendation,Confidence,Why I recommend it,Personal notes,Finished,Added,Times recommended,Last recommended
The Shadowed Sun,N.K. Jemisin,,,want-to-read,,496,Orbit,Dreamblood #2,United States,English,,,Fantasy; High Fantasy,duty; rebellion; power; healing; faith and corruption; destiny,atmospheric; tense; dark; complex,reluctant hero; forbidden magic; exiled royalty,Black author; fantasy duology; Ancient Egypt inspired; BIPOC author; female protagonist; book club pick,Black History Month; Autumn read; rainy day read,World Bookshelf; Civilizations Through Books; Civilization · Egypt; Around the World in 52 Books; Dark & Atmospheric,"A lush, original epic fantasy combining unique dream magic with intricate ancient worldbuilding.",,,,,,0,
The Killing Moon,N.K. Jemisin,,,want-to-read,,418,Orbit,Dreamblood Duology,United States,English,,,Fantasy; High Fantasy,faith; morality; duty; corruption; dreams; mortality,atmospheric; dark; mysterious; thought-provoking,assassin protagonist; unique magic system; corrupt order,Black author; epic fantasy; book club pick; rich worldbuilding; African-inspired fantasy,Autumn; rainy day read,World Bookshelf; Dark & Atmospheric,An immersive fantasy masterpiece featuring a brilliantly unique dream-based magic system and deep moral dilemmas.,,,,,,0,
The Chaos of Stars,Kiersten White,,,want-to-read,,288,HarperTeen,,United States,English,,,Young Adult; Fantasy; Mythology,family expectations; identity; mortality; first love; belonging,witty; lighthearted; reflective; romantic,gods among us; rebel protagonist; fish out of water,YA fantasy; Egyptian mythology; coming of age; quick read; summer read; under 300 pages; level:intermediate,Summer read; Back to school,World Bookshelf; Civilizations Through Books; Civilization · Egypt; Around the World in 52 Books,A charming and witty contemporary fantasy blending modern teenage angst with ancient Egyptian gods.,,,,,,0,
The Shrouded Queen,Ashley Tropea,,,want-to-read,,,,,United States,English,,,Fantasy; Romance,power; court intrigue; secrets; dark magic; identity,dark; atmospheric; mysterious; suspenseful,morally grey characters; hidden identity; enemies to lovers,dark fantasy; romantasy; gothic vibes; indie author; booktok recommendation; spooky reads; gem:popular,Halloween; Autumn read; spooky season,World Bookshelf; Dark & Atmospheric,"An atmospheric dark fantasy filled with deadly secrets, courtly danger, and morally grey romance.",,,,,,0,
She Knows All the Names,Michelle jabes corpora,,,want-to-read,,60,Game Over Books,,United States,English,,,Poetry; Asian American Literature,identity; grief; diaspora; mother-daughter relationships; heritage; memory,introspective; emotional; melancholic; reflective,,Filipina author; poetry collection; AAPI Heritage Month; National Poetry Month; Asian American literature; short read; under 200 pages,National Poetry Month; AAPI Heritage Month; quiet weekend read,World Bookshelf; Heartbreaking Reads,"A moving and luminous poetry collection exploring heritage, loss, and the endurance of familial love.",,,,,,0,
His Face Is the Sun,Michelle jabes corpora,,,want-to-read,,,,,United States,English,,,Poetry; Literary Fiction,identity; healing; love; self-discovery; resilience,reflective; emotional; introspective; tender; hopeful,character-driven; interiority,poetry collection; contemporary poetry; National Poetry Month; quick read; emotional read; indie poetry; level:intermediate; gem:hidden,National Poetry Month; rainy day read; spring read,World Bookshelf; Heartbreaking Reads; Comfort Reads; Slow Literary,"An intimate and luminous collection perfect for readers seeking comfort, self-reflection, and hope.",,,,,,0,
He Who Drowned the World,Shelley parker-chan,,,want-to-read,,496,Tor Books,The Radiant Emperor,China,English,,,Fantasy; Historical Fiction,ambition; power; gender identity; vengeance; grief; fate,dark; intense; tragic; atmospheric,morally grey protagonist; power struggle; tragic antihero,Asian author; queer fantasy; LGBTQIA+; AAPI Heritage Month; book club pick; duology finale; dark fantasy,Autumn read; AAPI Heritage Month; Pride Month,World Bookshelf; Civilizations Through Books; Civilization · China; Around the World in 52 Books; East Asia Shelf; Heartbreaking Reads; Dark & Atmospheric,"An unforgettable, dark queer fantasy epic about the terrifying true cost of ambition and power.",,,,,,0,
She Who Became the Sun,Shelley parker-chan,,,want-to-read,,416,Tor Books,The Radiant Emperor,China,English,,,Fantasy; Historical Fiction; LGBTQ+,ambition; identity; survival; destiny; gender expression; power,epic; dark; atmospheric; intense,gender-bending; stolen identity; morally grey protagonist; enemies to lovers,queer epic fantasy; Chinese historical fantasy; book club pick; Pride Month; AAPI author; debut novel,Pride Month; AAPI Heritage Month; Autumn,World Bookshelf; Civilizations Through Books; Civilization · China; Around the World in 52 Books; East Asia Shelf; Dark & Atmospheric,"A fierce, queer epic fantasy retelling the rise of the Ming Dynasty through a story of relentless ambition.",,,,,,0,
The Poppy War,R.F. kuang,,,want-to-read,,530,Harper Voyager,The Poppy War,China,English,,,Fantasy; Dark Fantasy; Historical Fiction,war; power; addiction; imperialism; trauma; morality,dark; intense; grim; atmospheric; heartbreaking,magic school; underdog; morally grey protagonist; reluctant godhead,AAPI author; dark fantasy; military academy; Asian fantasy; grimdark; book club pick; inspired by history; level:advanced,AAPI Heritage Month; Autumn read,World Bookshelf; Civilizations Through Books; Civilization · China; Around the World in 52 Books; East Asia Shelf; Heartbreaking Reads; Dark & Atmospheric,A brutal and brilliantly crafted dark fantasy inspired by 20th-century Chinese history.,,,,,,0,
The Scarlet Alchemist,Kylie lee baker,,,want-to-read,,384,Inkyard Press,The Scarlet Alchemist #1,China,English,,,Fantasy; Young Adult; Historical Fantasy,survival; class inequality; ambition; sacrifice; morality,dark; tense; atmospheric; morally grey; visceral,forbidden magic; court intrigue; underdog protagonist,AAPI author; Chinese historical fantasy; blood magic; dark fantasy; Halloween read; book club pick; YA fantasy,Halloween; Autumn; AAPI Heritage Month,World Bookshelf; Civilizations Through Books; Civilization · China; Around the World in 52 Books; East Asia Shelf; Dark & Atmospheric,"A gory and fast-paced dark YA fantasy rich in Chinese history and driven by a fierce, morally grey heroine.",,,,,,0,
Iron Widow,Iran jay zhao,,,want-to-read,,394,Penguin Teen,Iron Widow #1,China,English,,,Science Fiction; Young Adult; Fantasy,revenge; feminism; patriarchy; polyamory; power; survival,dark; action-packed; intense; furious; empowering,love triangle to polyamory; rebellion; mech battles; underdog,Chinese author; Chinese mythology inspired; mecha sci-fi; polyamorous romance; strong female lead; AAPI Month pick; queer fiction; level:intermediate,AAPI Heritage Month; Pride Month; rainy day read,World Bookshelf; Civilizations Through Books; Civilization · China; Around the World in 52 Books; East Asia Shelf; Dark & Atmospheric,"A explosive, unapologetic blend of Pacific Rim and Chinese history driven by a fierce feminist protagonist.",,,,,,0,
The Grace of Kings,Ken Liu,,,want-to-read,,624,Saga Press,The Dandelion Dynasty #1,United States,English,,,Fantasy; Epic Fantasy; High Fantasy,rebellion; friendship; power; governance; loyalty; war,epic; ambitious; sweeping; philosophical; adventurous,friends to rivals; rebel vs empire; gods playing games,silkpunk fantasy; Asian inspired fantasy; friends to enemies; political intrigue; epic series starter; AAPI author; book club pick; level:advanced,AAPI Heritage Month; Autumn read; Winter read,World Bookshelf,"A magnificent silkpunk epic that reimagines East Asian historical legend into a sweeping story of rebellion, rivalry, and governance.",,,,,,0,
The Jade City,Fonda lee,,,want-to-read,,560,Orbit Books,Green Bone Saga #1,Canada,English,,,Fantasy; Urban Fantasy,family loyalty; power and corruption; tradition vs modernization; honor; legacy,tense; action-packed; dramatic; atmospheric; dark,crime family; rival clans; hard magic system; sibling dynamics,Asian fantasy; crime family drama; martial arts magic; book club pick; AAPI Month read; epic fantasy saga; level:advanced,Autumn read; AAPI Heritage Month,World Bookshelf; Dark & Atmospheric,"A thrilling, martial-arts-infused Godfather-style fantasy saga about family, power, and magical jade.",,,,,,0,
the Ashfire king,Chelsea Abdullah,,,want-to-read,,480,Orbit,The Sandwoven Trilogy,United States,English,,,Fantasy; Epic Fantasy,identity; loyalty; power; survival; found family; heritage,atmospheric; adventurous; mysterious; tense,hidden identity; ancient magic; quest; jinn lore,Arabian mythology; Middle Eastern fantasy; jinn fantasy; epic quest; fantasy sequel; level:intermediate,Autumn; Winter read; Rainy day read,World Bookshelf; Dark & Atmospheric,"An immersive, jinn-infused fantasy sequel filled with rich folklore, intricate magic, and high-stakes adventure.",,,,,,0,
The Stardust Thief,Chelsea Abdullah,,,want-to-read,,480,Orbit,The Sandsea Trilogy #1,Kuwait,English,,,Fantasy; High Fantasy; Mythology,identity; found family; trust; magic; survival; legacy,atmospheric; adventurous; magical; mysterious,relic hunter; bodyguard duty; reluctant hero; quest; hidden identity,Arab-inspired fantasy; Arabian Nights retelling; jinn lore; book club pick; debut novel; desert adventure; relic hunter; level:intermediate,Summer read; Middle Eastern Heritage Month,World Bookshelf; Dark & Atmospheric,"A spellbinding Arab-inspired fantasy filled with clever relic hunters, dangerous jinn, and a high-stakes desert quest.",,,,,,0,
The Hidden Palace,Helene wecker,,,want-to-read,,480,Harper,The Golem and the Jinni #2,United States,English,,,Fantasy; Historical Fiction,identity; belonging; immigrant experience; secrecy; friendship; duty vs desire,atmospheric; enchanting; reflective; immersive,opposites attract; hidden identity; mythical creatures in human world,Jewish folklore; Arabian mythology; historical fantasy; early 20th century; New York City; sequel; book club pick; level:intermediate,Autumn read; rainy day read; Winter read,World Bookshelf; Dark & Atmospheric,"A deeply captivating, atmospheric historical fantasy that brilliantly explores identity, connection, and mythical heritage.",,,,,,0,
The Tapestry of Fate,Shannon chakraborty,,,want-to-read,,,,,United States,English,,,Fantasy; Historical Fantasy,fate; destiny; magic; power; identity; family legacy,atmospheric; adventurous; mysterious; rich,ancient magic; threads of fate; hidden identity,Shannon Chakraborty; fantasy read; mythology inspired; immersive worldbuilding; book club pick; level:intermediate,Autumn; winter read; rainy day read,World Bookshelf; Dark & Atmospheric,An atmospheric and spellbinding fantasy perfect for fans of intricate worldbuilding and mythology-infused tales.,,,,,,0,
The Empire of Gold,S.A. chakraborty,,,want-to-read,,768,Harper Voyager,The Daevabad Trilogy #3,United States,English,,,Fantasy; Epic Fantasy; Historical Fantasy,power; identity; war; heritage; found family; compromise,epic; tense; emotional; atmospheric,royal politics; forbidden magic; enemies to allies,Middle Eastern folklore; epic fantasy finale; djinn mythology; diverse fantasy; book club pick; thick book read; level:advanced,Winter binge read; Summer fantasy read,World Bookshelf; Heartbreaking Reads; Dark & Atmospheric,"A grand, emotionally satisfying conclusion to a masterclass in Middle Eastern-inspired epic fantasy.",,,,,,0,
The Kingdom of Copper,S.A. chakraborty,,,want-to-read,,,,,United States,English,,,Fantasy; Historical Fiction,identity; culture; empowerment; self-discovery; friendship,hopeful; inspiring; magical,royal politics; rebellion; morally grey alliances,Indian author; Middle Eastern mythology; book club pick; Diverse Reads; Fantasy Adventure; level:intermediate,Diwali; Women's History Month,India Bookshelf; Roots of Bharat; Indian Mythology Retellings; Indian Historical Fiction; Comfort Reads,"A lush, magical tale of self-discovery and empowerment set in a richly imagined world.",high,,,,,0,
The City of Brass,S.A. chakraborty,,,want-to-read,,,,,United States,English,,,Fantasy; Historical Fiction,identity; power; culture; colonialism; war; found family,atmospheric; vibrant; intense; emotional,hidden city; djinn politics; reluctant heroine,Middle Eastern author; fantasy retelling; book club pick; diverse fiction; strong female lead; level:intermediate,Diwali; Women's History Month,World Bookshelf; Heartbreaking Reads; Dark & Atmospheric,"A lush, immersive fantasy set in 18th century Cairo, perfect for fans of Middle Eastern mythology and strong female protagonists.",must-recommend,,,,,0,
the queen's Spy,Clare marchant,,,want-to-read,,,,,United Kingdom,English,,,Historical Fiction; Thriller,loyalty; deception; power; betrayal,gripping; intense; fast-paced,period setting; social constraints; twist ending; unreliable narrator,historical fiction; spy thriller; book club pick; women's fiction; under 400 pages,Women's History Month,World Bookshelf; Dark & Atmospheric; Page-Turners,"A gripping tale of loyalty, deception, and power, set against the backdrop of 16th-century Europe.",,,,,,0,
the Persian boy,Mary renault,,,want-to-read,,,,,Ancient Persia,,,,Historical Fiction; Literary Fiction,identity; coming of age; war; friendship,emotional; reflective; inspiring,period setting; social constraints; character-driven; interiority,Ancient Greece; historical fiction; book club pick; classics; translated fiction; level:intermediate; gem:classic,World History Month,World Bookshelf; Civilizations Through Books; Civilization · Greece; Around the World in 52 Books; Civilization · Persia; Heartbreaking Reads; Slow Literary,"A beautifully written and poignant exploration of identity, culture, and the complexities of human relationships.",,,,,,0,
Mistress of Rome,Kate quinn,,,want-to-read,,,,,Italy,,,,Historical Fiction; Romance,power; love; ambition,sensual; intense; romantic,forced proximity; marriage of convenience,historical romance; ancient rome; regency romance; book club pick; adult fiction,Valentine's Day; Women's History Month,World Bookshelf; Civilizations Through Books; Civilization · Rome; Around the World in 52 Books; Dark & Atmospheric,"A sweeping historical romance set in ancient Rome, perfect for fans of Outlander.",,,,,,0,
the Spanish love desception,Elena armas,,,want-to-read,,,,,Spain,Spanish,,,Romance; Literary Fiction,deception; love; identity,emotional; intense,slow burn; emotional payoff; character-driven; interiority,Spanish author; domestic drama; book club pick; women's fiction; level:intermediate,Valentine's Day; Women's History Month,World Bookshelf; Heartbreaking Reads; Dark & Atmospheric,"A poignant exploration of love, identity, and the complexities of human relationships.",,,,,,0,
In to the Blue,Ema Brodie,,,want-to-read,,,,,United States,English,,,Literary Fiction; Contemporary Fiction,identity; self-discovery; relationships; artistic expression; healing,reflective; atmospheric; bittersweet; emotional,character-driven; interiority,American author; contemporary fiction; literary fiction; book club pick; summer read; emotional journey; level:intermediate,Summer Read; Vacation Read; Beach Read,World Bookshelf; Heartbreaking Reads; Dark & Atmospheric; Slow Literary,"A beautifully written, atmospheric novel about self-discovery, memory, and finding one's path.",,,,,,0,
Girl Who Fell Beneath the Sea,Axie Oh,,,want-to-read,,320,Feiwel & Friends,,South Korea,English,,,Fantasy; Young Adult; Mythology,sacrifice; family devotion; fate; love; curse breaking,magical; atmospheric; whimsical; romantic; hopeful,mortal in spirit world; mythology retelling; sacrifice for family; sleeping god,Korean mythology; Asian author; YA fantasy; book club pick; AAPI author; folklore retelling; level:intermediate,AAPI Heritage Month; rainy day read; autumn read,World Bookshelf; East Asia Shelf; Around the World in 52 Books; Comfort Reads; Dark & Atmospheric,"A spellbinding, Spirited Away-esque Korean folklore retelling filled with rich world-building and tender romance.",,,,,,0,
When in Rome,Sarah Adams,,,want-to-read,,,,,United Kingdom,English,,,Romance; Historical Fiction,identity; social class; self-discovery,witty; romantic; engaging,slow burn; emotional payoff; period setting; social constraints,Regency era; historical romance; book club pick; light read,Valentine's Day; Women's History Month,World Bookshelf; Civilizations Through Books; Civilization · Rome; Around the World in 52 Books,"A delightful, witty romance set in 19th-century England.",,,,,,0,
First Time Caller,B.K. Borison,,,want-to-read,,,,,United States,English,,,Literary Fiction; Thriller,identity; trauma; mental health,tense; thought-provoking; emotional,character-driven; interiority; twist ending; unreliable narrator,debut author; Indian author; book club pick; mystery; level:intermediate,Diwali; Women's History Month,India Bookshelf; Indian Literary Fiction; Heartbreaking Reads; Dark & Atmospheric; Page-Turners,"A twisty, thought-provoking thriller that will keep you on the edge of your seat.",,,,,,0,
Mr. wrong number,Lynn Painter,,,want-to-read,,,,,United States,English,,,Romance; Women's Fiction,friendship; love; self-discovery; growth,heartwarming; uplifting; humorous,mistaken identity; forced proximity,romantic comedy; light read; beach read; summer vibes; book club pick,Summer; Beach Read,World Bookshelf; Comfort Reads,"A fun, lighthearted romance about friends who become something more.",,,,,,0,
Practice Makes Perfect,Sarah Adams,,,want-to-read,,,,,United States,English,,,Romance; Contemporary Romance,second chances; small town; self-worth; friendship,warm; witty; romantic; uplifting,friends to lovers; forced proximity; small town romance,romantic comedy; light read; book club pick; level:beginner,Summer read; Valentine's Day,World Bookshelf; Comfort Reads,"A warm, witty romance about finding confidence and the person who already sees you.",medium,,,,,0,
The Happily Ever After Playlist,Abby Jimenez,,,want-to-read,,,,,United States,English,,,Romance; Contemporary Romance,grief; healing; music; found family; second chances,emotional; warm; bittersweet; hopeful,grumpy sunshine; musician romance; emotional healing,romantic comedy; tearjerker romance; book club pick; level:beginner,Valentine's Day; rainy day read,World Bookshelf; Heartbreaking Reads; Comfort Reads,"An emotionally rich rom-com about grief, music, and learning to love again.",high,,,,,0,
Book Lovers,Emily Henry,,,want-to-read,,,,,United States,English,,,Romance; Contemporary Romance,ambition; family; small town; publishing; identity,witty; romantic; warm; sharp,enemies to lovers; forced proximity; workplace rivalry,romantic comedy; publishing world; summer read; book club pick; level:beginner,Summer read; Vacation Reads,World Bookshelf; Comfort Reads,A sharp enemies-to-lovers rom-com set between NYC publishing and a sleepy lakeside town.,must-recommend,,,,,0,
Yours Truly,Abby Jimenez,,,want-to-read,,,,,United States,English,,,Romance; Contemporary Romance,loneliness; friendship; workplace; anxiety; belonging,warm; funny; tender; hopeful,workplace romance; fake relationship adjacent; email romance,romantic comedy; hospital setting; book club pick; level:beginner,Valentine's Day; Comfort Reads,World Bookshelf; Comfort Reads,"A tender workplace rom-com about loneliness, friendship, and unexpected connection.",high,,,,,0,
Part of Your World,Abby Jimenez,,,want-to-read,,,,,United States,English,,,Romance; Contemporary Romance,class difference; hometown; ambition; belonging,emotional; romantic; warm,small town romance; opposites attract; second chance,romantic comedy; book club pick; level:beginner,Summer read; Valentine's Day,World Bookshelf; Heartbreaking Reads; Comfort Reads,"A heartfelt small-town romance about ambition, belonging, and choosing your own world.",high,,,,,0,
The Cheat Sheet,Sarah Adams,,,want-to-read,,,,,United States,English,,,Romance; Contemporary Romance,friendship; fame; small town; vulnerability,witty; warm; romantic,friends to lovers; fake dating; celebrity romance,romantic comedy; light read; level:beginner,Summer read; Valentine's Day,World Bookshelf; Comfort Reads,A charming friends-to-lovers rom-com with fake dating and small-town spark.,medium,,,,,0,
Summer in the City,Alex Aster,,,want-to-read,,,,,United States,English,,,,,,,,,World Bookshelf,,,,,,,0,
Talking at Night,Claire Daverley,,,want-to-read,,,,,United Kingdom,English,,,,,,,,,World Bookshelf,,,,,,,0,
The Convenience Store by the Sea,Sonoko Machida,,,want-to-read,,,,,Japan,,,,,,,,,,World Bookshelf; Civilizations Through Books; Civilization · Japan; Around the World in 52 Books; East Asia Shelf,,,,,,,0,
The House in the Cerulean Sea,T.J. Klune,,,want-to-read,,,,,United States,English,,,Fantasy; Contemporary Fantasy,found family; bureaucracy; acceptance; belonging; love,cozy; hopeful; whimsical; tender,found family; magical orphans; slow burn romance,cozy fantasy; LGBTQ+; comfort read; book club pick; gem:popular; level:beginner,Cozy Weekend; rainy day read,World Bookshelf; Comfort Reads,"A cozy, queer found-family fantasy that feels like a warm hug with a bureaucratic edge.",must-recommend,,,,,0,
Divine Rivals,Rebecca Ross,,,want-to-read,,,,,United States,English,,,Fantasy; romantasy; Young Adult,war; ambition; letters; rivalry; love,romantic; atmospheric; bittersweet,enemies to lovers; pen pals; wartime romance,romantasy; YA crossover; booktok; level:intermediate,Autumn read; Valentine's Day,World Bookshelf; Dark & Atmospheric,A lyrical wartime romantasy of rival writers falling in love through letters.,high,,,,,0,
The Lion Women of Tehran,Marjan Kamali,,,want-to-read,,,,,United States,English,,,,,,,,,World Bookshelf,,,,,,,0,
Once Upon a Broken Heart,Stephanie Garber,,,want-to-read,,,,,United States,English,,,,,,,,,World Bookshelf,,,,,,,0,
The Cruel Prince,Holly Black,,,want-to-read,,,,,United States,English,,,Fantasy; Young Adult; Dark Fantasy,power; belonging; revenge; politics; identity,dark; sharp; tense; atmospheric,enemies to lovers; mortal in faerie court; political intrigue,faerie fantasy; YA dark fantasy; booktok; level:intermediate,Autumn read; Halloween,World Bookshelf; Dark & Atmospheric,"A viciously clever faerie-court fantasy of power, belonging, and dangerous attraction.",high,,,,,0,
The Butcher,Jennifer Hillier,,,want-to-read,,,,,Canada,English,,,,,,,,,World Bookshelf,,,,,,,0,
You Killed Me First,John Marrs,,,want-to-read,,,,,United Kingdom,English,,,,,,,,,World Bookshelf,,,,,,,0,
That'S Not My Name,Megan Lally,,,want-to-read,,,,,United States,English,,,,,,,,,World Bookshelf,,,,,,,0,
Never lie,Freida McFadden,,,want-to-read,,,,,United States,English,,,Thriller; Mystery,deception; marriage; secrets; danger,tense; twisty; unsettling,unreliable narrator; isolated house; twist ending,psychological thriller; quick read; level:beginner,rainy day read; Halloween,World Bookshelf; Dark & Atmospheric; Page-Turners,A twisty locked-house thriller that keeps yanking the rug out from under you.,medium,,,,,0,
Morning Star,Pierce Brown,,,want-to-read,,,,,United States,English,,,,,,,,,World Bookshelf,,,,,,,0,
Red Rising,Pierce Brown,,,want-to-read,,,,,United States,English,,,Science Fiction; Dystopia,class oppression; rebellion; identity; vengeance,intense; brutal; propulsive,underdog; infiltration; revolution,sci-fi saga; book club pick; level:intermediate,Winter binge read,World Bookshelf; Dark & Atmospheric,"A brutal, propulsive sci-fi uprising story with mythic ambition.",high,,,,,0,
The surviving sky,Kritika H. Rao,,,want-to-read,,,,,Canada,English,,,,,,,,,World Bookshelf,,,,,,,0,
The startouched Queen,Roshani Chokshi,,,want-to-read,,,,,United States,English,,,,,,,,,World Bookshelf,,,,,,,0,
The tiger at midnight,Swati Teerdhala,,,want-to-read,,,,,United States,English,,,,,,,,,World Bookshelf,,,,,,,0,
The Phoenix king,Aparna Verma,,,want-to-read,,,,,United States,English,,,,,,,,,World Bookshelf,,,,,,,0,
the Library of fates,Aditi Khorana,,,want-to-read,,,,,United States,English,,,,,,,,,World Bookshelf,,,,,,,0,
Mom Unfiltered,Leah kim,,,want-to-read,,,,,South Korea,,,,Memoir; Self-Help; Non-Fiction,motherhood; honesty; self-discovery,inspirational; honest; relatable,personal reckoning; voice-driven,motherhood story; honest memoir; self-help book; book club pick; memoir by a woman,,World Bookshelf; East Asia Shelf; Around the World in 52 Books,A raw and honest look at motherhood that will resonate with many.,,,,,,0,
A Thousand Blues,Cheon Seon-ran,,,want-to-read,,,,,South Korea,Korean,,,Literary Fiction; Poetry,grief; identity; mental health; loss; self-discovery,heartbreaking; hopeful; contemplative,character-driven; interiority,Korean author; debut novel; poetic prose; emotional read; under 300 pages; level:intermediate,Mental Health Awareness Month,World Bookshelf; East Asia Shelf; Around the World in 52 Books; Heartbreaking Reads; Comfort Reads,A beautifully written debut novel that will resonate with anyone who has experienced loss.,,,,,,0,
The Future Perfect,Cay Kim,,,want-to-read,,,,,South Korea,English,,,Literary Fiction; Science Fiction,identity; technology; society; existentialism; human condition,thought-provoking; atmospheric; contemplative,dystopian future; artificial intelligence,book club pick; translated fiction; under 300 pages; award-winning; feminist literature; level:intermediate,World Science Fiction Day,World Bookshelf; East Asia Shelf; Around the World in 52 Books; Dark & Atmospheric,A haunting and timely exploration of what it means to be human in a world where technology is rapidly changing.,,,,,,0,
The Devoted,Catherine cho,,,want-to-read,,,,,South Korea,English,,,Literary Fiction; Fiction,family; identity; motherhood,heartbreaking; hopeful,character-driven; interiority,Korean author; mother-daughter relationship; book club pick; domestic fiction; level:intermediate,,World Bookshelf; East Asia Shelf; Around the World in 52 Books; Heartbreaking Reads; Comfort Reads,A beautifully written exploration of the intricate bonds between mothers and daughters.,,,,,,0,
the Seoul letter shop,Baek Seungyeon,,,want-to-read,,,,,South Korea,Korean,,,Literary Fiction; Romance,love; identity; culture; family,heartwarming; emotional; intimate,character-driven; interiority; slow burn; emotional payoff,Korean author; epistolary novel; book club pick; heartwarming story; level:intermediate,Valentine's Day; Mother's Day,World Bookshelf; East Asia Shelf; Around the World in 52 Books; Heartbreaking Reads; Comfort Reads,A beautifully written love story that explores the complexities of family and identity.,,,,,,0,
Song for Another Home,Bora lee reed,,,want-to-read,,,,,South Korea,English,,,Literary Fiction; Mythology,identity; belonging; home; displacement; culture,contemplative; hopeful; atmospheric,character-driven; interiority; mythology retelling; divine politics,Korean author; mythology story; book club pick; translated fiction; level:intermediate,Korean New Year,World Bookshelf; East Asia Shelf; Around the World in 52 Books; Comfort Reads; Dark & Atmospheric,"A beautifully written, thought-provoking novel that will resonate with anyone who has ever felt like they don't quite fit in.",,,,,,0,
Bhima'S Wife,Kavita kane,,,want-to-read,,,,,India,English,,,Historical Fiction; Literary Fiction,grief; identity; partition; war,heartbreaking; hopeful,period setting; social constraints; character-driven; interiority; historical trauma,Indian author; partition story; book club pick; translated fiction; level:intermediate,Diwali; Women's History Month,India Bookshelf; Partition Stories; Indian Historical Fiction; Indian Literary Fiction; Heartbreaking Reads; Comfort Reads,A beautifully written and thought-provoking exploration of India's turbulent past.,,,,,,0,
Radha,Neelima Dalmia adhar,,,want-to-read,,,,,India,English,,,Literary Fiction; Mythology,grief; identity; found family,heartbreaking; hopeful,character-driven; interiority; mythology retelling; divine politics,Indian author; mythology story; book club pick; translated fiction; level:intermediate,Diwali,India Bookshelf; Roots of Bharat; Indian Mythology Retellings; Indian Literary Fiction; Heartbreaking Reads; Comfort Reads,A poignant exploration of Indian mythology and identity.,,,,,,0,
The Goddess Queen,Alice Roberts,,,want-to-read,,,,,Greece,,,,Fantasy; Historical Fiction,power; identity; motherhood; war; sacrifice,epic; atmospheric; emotional,chosen one; feminist retelling,Greek mythology; strong female lead; book club pick; fantasy fiction; historical fantasy; level:intermediate,Women's History Month; International Women's Day,World Bookshelf; Civilizations Through Books; Civilization · Greece; Around the World in 52 Books; Heartbreaking Reads; Dark & Atmospheric,"A beautifully written, epic retelling of Greek mythology that explores themes of power, identity, and motherhood.",,,,,,0,
Indian Mythology,Jan knappert,,,want-to-read,,,,,India,English,,,Mythology; Folklore,culture; tradition; diversity,atmospheric; educational,mythology retelling; divine politics,Indian author; mythology story; children's book; cultural heritage; diverse read; level:intermediate,,India Bookshelf; Roots of Bharat; Indian Mythology Retellings; Dark & Atmospheric,A stunning introduction to Indian mythology for young readers.,,,,,,0,
king of Ayodhya,Ashok K. Banker,,,want-to-read,,,,,India,English,,,Historical Fiction; Mythology,grief; identity; war; found family,heartbreaking; hopeful,period setting; social constraints; mythology retelling; divine politics,Indian author; Hindu mythology; book club pick; translated fiction; level:intermediate,Diwali,India Bookshelf; Roots of Bharat; Indian Mythology Retellings; Indian Historical Fiction; Heartbreaking Reads; Comfort Reads,A beautifully written retelling of the Ramayana that explores the complexities of Rama's character.,,,,,,0,
Bridge of Rama,Ashok K. Banker,,,want-to-read,,,,,India,English,,,Mythology; Fantasy,faith; identity; war; sacrifice; redemption,epic; atmospheric; thought-provoking,mythology retelling; divine politics; unique magic system; quest,Indian author; Hindu mythology; book club pick; translated fiction; level:intermediate,Diwali; Navratri,India Bookshelf; Roots of Bharat; Indian Mythology Retellings; Dark & Atmospheric,A beautifully written retelling of the Ramayana that will transport you to ancient India.,,,,,,0,
armies of Hanuman,Ashok K. Banker,,,want-to-read,,,,,India,English,,,Mythology; Fantasy,faith; war; identity; power; good vs evil,epic; atmospheric; inspiring,mythology retelling; divine politics; unique magic system; quest,Indian author; Hindu mythology; book club pick; translated fiction; level:intermediate,Diwali; Navratri,India Bookshelf; Roots of Bharat; Indian Mythology Retellings; Dark & Atmospheric,"A fresh take on a timeless epic, perfect for fans of mythology and adventure.",,,,,,0,
Siege of Mithila,Ashok K. Banker,,,want-to-read,,,,,India,English,,,Fantasy; Epic Fantasy; Mythology,war; sacrifice; loyalty; power struggle; identity,epic; intense; gripping,unique magic system; quest; mythology retelling; divine politics,Indian author; Hindu mythology; Ramayana retelling; book club pick; epic fantasy; level:intermediate,Diwali; Navratri,India Bookshelf; Roots of Bharat; Indian Mythology Retellings; Dark & Atmospheric,A gripping and intense retelling of the Ramayana that will keep you on the edge of your seat.,,,,,,0,
Prince of Ayodhya,Ashok K. Banker,,,want-to-read,,,,,India,English,,,Historical Fiction; Mythology,grief; identity; war; found family,heartbreaking; hopeful,period setting; social constraints; mythology retelling; divine politics,Indian author; Hindu mythology; book club pick; translated fiction; level:intermediate,Diwali,India Bookshelf; Roots of Bharat; Indian Mythology Retellings; Indian Historical Fiction; Heartbreaking Reads; Comfort Reads,A beautifully written retelling of the Ramayana that explores the complexities of Rama's character.,,,,,,0,
The Psychology of Love,Rashna Imhasly-Gandhy,,,want-to-read,,,,,India,English,,,Psychological Fiction; Romance,love; relationships; self-discovery,emotional; intimate; thought-provoking,slow burn; emotional payoff,Indian author; romance novel; psychological fiction; book club pick,,India Bookshelf; Heartbreaking Reads,A thought-provoking exploration of love and relationships.,,,,,,0,
Namaha,Abhishek singh,,,want-to-read,,,,,India,English,,,Literary Fiction; Mythology,grief; identity; found family,heartbreaking; hopeful,character-driven; interiority; mythology retelling; divine politics,Indian author; mythology story; book club pick; translated fiction; level:intermediate,Diwali,India Bookshelf; Roots of Bharat; Indian Mythology Retellings; Indian Literary Fiction; Heartbreaking Reads; Comfort Reads,A poignant exploration of Indian mythology and identity.,,,,,,0,
Fisher Queen'S Dynasty,Kavita kane,,,want-to-read,,,,,India,English,,,Historical Fiction; Mythology,power; identity; family; legacy,epic; atmospheric; hopeful,period setting; social constraints; mythology retelling; divine politics,Indian author; mythology story; book club pick; translated fiction; level:intermediate,Diwali; Navratri,India Bookshelf; Roots of Bharat; Indian Mythology Retellings; Indian Historical Fiction; Comfort Reads; Dark & Atmospheric,A beautifully written epic that reimagines Indian mythology in a fresh and compelling way.,,,,,,0,
Ajaya,Anand Neelakantan,roll of dice,,want-to-read,,,,,India,English,,,Historical Fiction; Mythology,grief; identity; war; found family,epic; atmospheric; dark,period setting; social constraints; mythology retelling; divine politics,Indian author; Hindu mythology; Epic story; book club pick; level:intermediate,Diwali; Navratri,India Bookshelf; Roots of Bharat; Indian Mythology Retellings; Indian Historical Fiction; Dark & Atmospheric,A gripping retelling of the Mahabharata from an unexpected perspective.,,,,,,0,
Karna's wife,Kavita kane,,,want-to-read,,,,,India,English,,,Mythology; Literary Fiction,identity; family; love; loss; self-discovery,heartbreaking; hopeful; atmospheric,mythology retelling; divine politics; character-driven; interiority,Indian author; mythology retelling; book club pick; translated fiction; level:intermediate,Diwali; Navratri,India Bookshelf; Roots of Bharat; Indian Mythology Retellings; Indian Literary Fiction; The Epic Project; Epic · Karna; Heartbreaking Reads; Comfort Reads; Dark & Atmospheric,A beautifully written retelling of the Mahabharata that will leave you pondering the complexities of human relationships.,,,,,,0,
Lanka's princess,Kavita kane,,,want-to-read,,,,,India,English,,,Historical Fiction; Mythology,grief; identity; partition; war,heartbreaking; hopeful,period setting; social constraints; mythology retelling; divine politics; historical trauma,Indian author; partition story; book club pick; translated fiction; level:intermediate,Diwali,India Bookshelf; Roots of Bharat; Indian Mythology Retellings; Partition Stories; Indian Historical Fiction; Heartbreaking Reads; Comfort Reads,A beautifully written exploration of grief and identity.,,,,,,0,
Mahagauri,Nitya neelakantan,,,want-to-read,,,,,India,English,,,Literary Fiction; Mythology,grief; identity; self-discovery,heartbreaking; hopeful; atmospheric,character-driven; interiority; mythology retelling; divine politics,Indian author; mythology story; book club pick; translated fiction; level:intermediate,Diwali,India Bookshelf; Roots of Bharat; Indian Mythology Retellings; Indian Literary Fiction; Heartbreaking Reads; Comfort Reads; Dark & Atmospheric,"A beautifully written, thought-provoking novel that will resonate with fans of mythology and literary fiction.",,,,,,0,
shiva Purana,Bibek Debroy,,,want-to-read,,,,,India,Sanskrit,,,Mythology; Religious Fiction,faith; divinity; cosmology; creation,contemplative; atmospheric,mythology retelling; divine politics,Indian mythology; Hindu scripture; translated fiction; spiritual read; level:intermediate,,India Bookshelf; Roots of Bharat; Indian Mythology Retellings; Dark & Atmospheric,For those seeking a deeper understanding of Hindu mythology and the divine.,,,,,,0,
Shiva,Shubha vilas,,,want-to-read,,,,,India,English,,,Historical Fiction; Mythology,grief; identity; faith,heartbreaking; hopeful,period setting; social constraints; mythology retelling; divine politics,Indian author; Hindu mythology; book club pick; translated fiction; level:intermediate,Diwali,India Bookshelf; Roots of Bharat; Indian Mythology Retellings; Indian Historical Fiction; Heartbreaking Reads; Comfort Reads,A beautifully written retelling of the Shiva legend that will leave you pondering the complexities of faith.,,,,,,0,
Hanuman,Vimkesh Kanti Verma,,,want-to-read,,,,,India,Hindi,,,Mythology; Non-Fiction; Religion & Spirituality,devotion; loyalty; heroism; dharma; faith; selfless service,inspiring; reverent; epic; heroic,legendary hero; divine intervention,Indian author; Indian mythology; Ramayana stories; Hanuman Jayanti; devotional read; spiritual mythology; level:intermediate,Hanuman Jayanti; Diwali; rainy day read,India Bookshelf; Roots of Bharat; Indian Mythology Retellings,"An inspiring look at faith, strength, and unwavering devotion through the story of Indian mythology's greatest hero.",,,,,,0,
Hanuman flies to ravana's lanka,Kushagra Singh,,,want-to-read,,,,,India,English,,,Mythology; Fantasy; Fiction,devotion; courage; hero's journey; loyalty; good vs evil,inspiring; adventurous; heroic; epic,hero's journey; epic quest,Indian author; Indian mythology; Ramayana story; Hanuman Jayanti; Diwali read; quick read; level:intermediate,Hanuman Jayanti; Diwali; Dussehra,India Bookshelf; Roots of Bharat; Indian Mythology Retellings,An inspiring dive into one of the most thrilling and celebrated episodes of the Ramayana.,,,,,,0,
The Hawk'S Quest,Deepa Aggarwal,,,want-to-read,,,,,India,English,,,Children's Fiction; Fantasy; Adventure,courage; friendship; quest; good vs evil; destiny,adventurous; magical; suspenseful; inspiring,the quest; animal companion; ancient prophecy,Indian author; children's book; fantasy adventure; middle grade fantasy; quick read; mythical quest,Summer Reading; Children's Book Week,India Bookshelf,"A captivating Indian fantasy adventure packed with magic, courage, and an unforgettable quest.",,,,,,0,
Yuganta,Irawati Karve,the end of an epoch,,want-to-read,,218,Orient Blackswan,,India,Marathi,,,Non-Fiction; Mythology; Literary Criticism,human nature; morality; dharma; destiny; deconstruction of epic heroes; societal norms,analytical; reflective; thought-provoking; insightful,mythology retelling; divine politics,Indian author; Mahabharata analysis; Sahitya Akademi winner; classic non-fiction; translated literature; book club pick; under 300 pages; level:intermediate; gem:classic,Diwali; Monsoon read; Women's History Month,India Bookshelf; Roots of Bharat; Indian Mythology Retellings,"A groundbreaking re-examination of the Mahabharata that strips away divinity to reveal complex, deeply human characters.",,,,,,0,
Urmila,Samar,,,want-to-read,,,,,India,Hindi,,,Mythology; Literary Fiction; Historical Fiction,sacrifice; solitude; loyalty; devotion; womanhood; duty,contemplative; melancholic; emotional; atmospheric,untold perspective; long separation,Indian author; Ramayana retelling; feminist mythology; women of epics; book club pick; Indian fiction; level:intermediate,Women's History Month; Diwali; monsoon read,India Bookshelf; Roots of Bharat; Indian Mythology Retellings; Indian Historical Fiction; Indian Literary Fiction; Heartbreaking Reads; Dark & Atmospheric,A moving retelling that shines an overdue spotlight on one of Indian mythology's most selfless figures.,,,,,,0,
Menaka'S Choice,Kavita kane,,,want-to-read,,320,Rupa Publications,,India,English,,,Mythology; Fiction; Historical Fiction,womanhood; duty vs desire; agency; love; destiny; free will,emotional; dramatic; reflective; atmospheric,forbidden love; duty vs desire,Indian author; mythological retelling; feminist fiction; book club pick; Indian mythology; women-centric story; level:intermediate,Women's History Month; monsoon read,India Bookshelf; Roots of Bharat; Indian Mythology Retellings; Indian Historical Fiction; Heartbreaking Reads; Dark & Atmospheric,A thought-provoking retelling that reshapes the narrative of a famous celestial nymph into a story of female agency and love.,,,,,,0,
Ahalya'S Awakening,Kavita kane,,,want-to-read,,312,Rupa Publications,,India,English,,,Mythology; Fiction,female agency; patriarchy; purity and sin; identity; redemption; truth,reflective; thought-provoking; emotional; dramatic,mythological retelling; tragic heroine,Indian author; mythological fiction; feminist retelling; Ramayana retelling; book club pick; women's voices; level:intermediate,Women's History Month; Navratri; rainy day read,India Bookshelf; Roots of Bharat; Indian Mythology Retellings; Heartbreaking Reads,"A compelling reimagining of an epic mythological figure that reclaims her voice, agency, and dignity.",,,,,,0,
The Flawed Good Man,Sanskriti Singh,,,want-to-read,,,,,India,English,,,Contemporary Fiction; Romance; Literary Fiction,morality; imperfect love; grief; self-discovery; forgiveness; relationships,emotional; introspective; bittersweet; poignant,flawed protagonist; second chances,Indian author; contemporary fiction; book club pick; emotional read; imperfect characters; relationship drama; level:intermediate,rainy day read; autumn read,India Bookshelf; Indian Literary Fiction; Heartbreaking Reads,"An evocative and grounded look at love, heartbreak, and the gray areas of human morality.",,,,,,0,
The Queen Who Ruled the Waves,Indira ananthakrishnan,,,want-to-read,,,,,India,English,,,Historical Fiction; Children's Fiction,courage; resistance; leadership; women in history; patriotism; freedom,inspiring; heroic; adventurous,warrior queen; underdog victory,Indian author; Indian history; warrior queen; Women's History Month; freedom fighter; under 200 pages,Women's History Month; Independence Day; Republic Day,India Bookshelf; Indian Historical Fiction,An inspiring chronicle of one of India's most extraordinary forgotten warrior queens.,,,,,,0,
The King Who Turned in to a Serpent,Sudha Madhavan,,,want-to-read,,,,,India,English,,,Mythology; Folklore; Children's Fiction,pride; hubris; curses; morality; dharma,cautionary; reflective; engaging,curse; fallen ruler,Indian author; Indian mythology; moral story; folktale retelling; quick read; children's book; level:intermediate,bedtime read; mythology month,India Bookshelf; Roots of Bharat; Indian Mythology Retellings,An engaging mythological tale that delivers timeless lessons on humility and consequence.,,,,,,0,
sita's Ramayana,samhita Arni,,,want-to-read,,152,Tara Books,,India,English,,,Graphic Novel; Mythology; Fiction,war and its consequences; female perspective; resilience; duty; devotion; survival,reflective; poignant; atmospheric; striking,mythological retelling; female point of view,Indian author; graphic novel; feminist retelling; Ramayana retelling; illustrated book; book club pick; short read; level:intermediate,Women's History Month; Diwali; rainy day read,India Bookshelf; Roots of Bharat; Indian Mythology Retellings; The Epic Project; Epic · Sita; Dark & Atmospheric,A stunning visual retelling of the Ramayana that shifts the spotlight to Sita's voice and questions the tragic toll of war.,,,,,,0,
Shabri Ke Ram,Tulika Singh,,,want-to-read,,,Prabhat Prakashan,,India,Hindi,,,Mythology; Fiction,devotion; faith; patience; equality; spiritual transformation,inspiring; devotional; emotional; reflective,long wait rewarded; unconditional devotion,Indian author; mythological fiction; Ramayana retelling; devotional story; Ram Navami read; Diwali pick; level:intermediate,Ram Navami; Diwali; Dussehra,India Bookshelf; Roots of Bharat; Indian Mythology Retellings; Heartbreaking Reads,An uplifting retelling that beautifully highlights the power of pure devotion and patience.,,,,,,0,
Mandodsri: Queen of Lanka,manini J. Anandani,,,want-to-read,,,Leadstart Publishing,,India,English,,,Mythology; Historical Fiction; Fiction,duty vs desire; womanhood; loyalty; moral conflict; power and devotion; fate,reflective; poignant; atmospheric; dramatic,retelling; tragic heroine; royalty,Indian author; mythological retelling; female perspective; Ramayana retelling; book club pick; women-centric; level:intermediate,Navratri; Diwali; Women's History Month,India Bookshelf; Roots of Bharat; Indian Mythology Retellings; Indian Historical Fiction; Dark & Atmospheric,"An insightful mythic retelling that brings voice, grace, and agency to Ravana's regal queen.",,,,,,0,
The daughter from a wishing Tree,Sudha Murty,,,want-to-read,,184,Puffin Books,,India,English,,,Mythology; Short Stories; Folklore,feminine power; wisdom; devotion; courage; family,inspiring; informative; heartwarming; wholesome,untold stories,Indian author; women in mythology; short story collection; quick read; Navratri read; Women's History Month; level:beginner,Navratri; Women's History Month; International Women's Day,India Bookshelf; Roots of Bharat; Indian Mythology Retellings; Comfort Reads,"An enchanting and accessible collection showcasing the fearless, clever, and forgotten women of traditional Indian lore.",,,,,,0,
Hindu Gods,Anuj Ghai,,,want-to-read,,,,,India,English,,,Non-Fiction; Mythology; Religion & Spirituality,mythology; faith; devotion; cosmic order; spiritual symbolism; good vs evil,informative; inspiring; reverent; cultural,mythology retelling; divine politics,Indian mythology; Hindu deities; guide to Hinduism; cultural read; festive read; spiritual guide; level:intermediate,Diwali; Navratri; Maha Shivaratri,India Bookshelf; Roots of Bharat; Indian Mythology Retellings,An engaging and easy-to-read guide to understanding the fascinating origins and meanings of Hindu deities.,,,,,,0,
Satyavati,Rupeen Popat,,,want-to-read,,,,,India,English,,,Mythology; Historical Fiction; Fiction,ambition; power; motherhood; duty; sacrifice; destiny,epic; dramatic; intense; reflective,retelling; morally grey protagonist; rise to power; royal politics,Indian author; Mahabharata retelling; mythological fiction; strong female lead; book club pick; Indian fiction; level:intermediate,Women's History Month; rainy day read; Diwali,India Bookshelf; Roots of Bharat; Indian Mythology Retellings; Indian Historical Fiction; The Epic Project; Epic · Satyavati; Dark & Atmospheric,A powerful retelling that places one of the Mahabharata's most influential women at the center of her own epic story.,,,,,,0,
Yugandhar,Shivaji sawant,,,want-to-read,,928,Rajhans Prakashan,,India,Marathi,,,Mythology; Historical Fiction; Literary Fiction,dharma; destiny; leadership; morality; duty; divine purpose; war,philosophical; reflective; majestic; thought-provoking,epic retelling; divine incarnation,Indian author; Marathi literature; Lord Krishna; epic novel; translated fiction; book club pick; long read; level:advanced,Janmashtami; monsoon read; Diwali,India Bookshelf; Roots of Bharat; Indian Mythology Retellings; Indian Historical Fiction; Indian Literary Fiction; Slow Literary,A monumental literary masterpiece that offers an intimately human yet grandly divine exploration of Lord Krishna.,,,,,,0,
Rudra,Konda Susmita Patel,,,want-to-read,,,,,India,English,,,Literary Fiction; Mythology,grief; identity; found family,heartbreaking; hopeful,character-driven; interiority; mythology retelling; divine politics,Indian author; mythology story; book club pick; translated fiction; level:intermediate,Diwali,India Bookshelf; Roots of Bharat; Indian Mythology Retellings; Indian Literary Fiction; Heartbreaking Reads; Comfort Reads,A poignant exploration of Indian mythology and identity.,,,,,,0,
Lakshmila,Shubhi Agarwal,,,want-to-read,,,,,India,English,,,Literary Fiction; Mythology,grief; identity; found family,heartbreaking; hopeful,character-driven; interiority; mythology retelling; divine politics,Indian author; book club pick; translated fiction; level:intermediate,Diwali,India Bookshelf; Roots of Bharat; Indian Mythology Retellings; Indian Literary Fiction; Heartbreaking Reads; Comfort Reads,A poignant exploration of Indian mythology and identity.,,,,,,0,
the Consorts,Savita Singh,,,want-to-read,,,,,India,English,,,Fantasy; Romance,love; power; identity; culture; tradition,atmospheric; emotional; intense,fated love; royal court,Indian author; mythology retelling; book club pick; diverse fiction; romance; level:intermediate,Diwali; Women's History Month,India Bookshelf; Roots of Bharat; Indian Mythology Retellings; Heartbreaking Reads; Dark & Atmospheric,"A lush and immersive retelling of Indian mythology, perfect for fans of historical fantasy and romance.",,,,,,0,
Epic Love Stories,Bulbul Sharma,,,want-to-read,,,,,India,Hindi,,,Romance; Literary Fiction,Indian mythology; love; family; culture; identity; social class,heartwarming; emotional; witty,slow burn; emotional payoff; character-driven; interiority,Indian mythology; Indian author; romance novel; book club pick; translated fiction; level:intermediate,Valentine's Day; Mother's Day,India Bookshelf; Roots of Bharat; Indian Mythology Retellings; Indian Literary Fiction; Heartbreaking Reads; Comfort Reads,"A beautifully written, heartwarming tale of love and family that will leave you smiling.",,,,,,0,
Lesson in Chemistry,Bonnie Garmus,,,want-to-read,,,,,United States,English,,,Literary Fiction; Women's Fiction,identity; career; self-discovery,heartwarming; inspiring,character-driven; interiority,debut novel; book club pick; women's fiction; career story; level:intermediate,,World Bookshelf; Comfort Reads,A delightful and relatable story about a woman's quest to find her passion and purpose.,,,,,,0,
The Wishing Game,Meg Shaffer,,,want-to-read,,,,,United States,English,,,Fantasy; Literary Fiction,family; love; loss; self-discovery; identity,emotional; hopeful; heartbreaking,unique magic system; quest; character-driven; interiority,book club pick; magical realism; family drama; women's fiction; emotional read; level:intermediate,Mother's Day; Spring,World Bookshelf; Heartbreaking Reads; Comfort Reads,A beautifully written story about the power of love and family.,,,,,,0,
Psyche and Eros,Luna McNamara,,,want-to-read,,,William Morrow,,United States,English,,paperback,Mythology Retelling; Romance,Love; Trust; Trials,Romantic; Lush; Adventurous,slow burn; emotional payoff,Psyche; Eros; Greek mythology; level:intermediate; gem:classic,,World Bookshelf; Civilizations Through Books; Civilization · Greece; Around the World in 52 Books,"The classic love myth retold with heat, quests, and heart.",high,,Auto-filled for Library OS; verify ISBN/pages/publisher before publishing.,,,0,
Athena's Child,Hannah Lynn,,,want-to-read,,,Muswell Press,,United Kingdom,English,,paperback,Mythology Retelling; Fantasy,Monstrosity; Agency; Betrayal,Dark; Empathetic; Fierce,unique magic system; quest,Medusa; Greek mythology; Hannah Lynn; level:intermediate,,World Bookshelf; Civilizations Through Books; Civilization · Greece; Around the World in 52 Books; Dark & Atmospheric,"Medusa’s story — not monster, but Athena’s child made myth.",high,,Auto-filled for Library OS; verify ISBN/pages/publisher before publishing.,,,0,
The Everlasting,Alix E. Harrow,,,want-to-read,,,Tor,,United States,English,,paperback,Fantasy; Literary Fiction,Love; Time; Storytelling,Lyrical; Romantic; Clever,unique magic system; quest; character-driven; interiority,Alix E. Harrow; Fantasy; level:intermediate,,World Bookshelf; Slow Literary,Harrow’s signature fairy-tale shimmer — confirm exact synopsis for your shelf.,medium,,Auto-filled for Library OS; verify ISBN/pages/publisher before publishing.,,,0,
Daughters of Olympus,Hannah Lynn,,,want-to-read,,,,,United Kingdom,English,,paperback,Mythology Retelling; Fantasy,Sisterhood; Power; Myth,Lush; Dramatic,unique magic system; quest,Greek mythology; Hannah Lynn; level:intermediate,,World Bookshelf; Civilizations Through Books; Civilization · Greece; Around the World in 52 Books,Olympian daughters reclaiming space in the old myths.,medium,,Auto-filled for Library OS; verify ISBN/pages/publisher before publishing.,,,0,
The Unmaking of June Farrow,Adrienne Young,,,want-to-read,,,Delacorte,,United States,English,,paperback,Fantasy; Historical Fiction,Family Curses; Choice; Belonging,Atmospheric; Romantic; Mysterious,unique magic system; quest; period setting; social constraints,Time travel; Adrienne Young,,World Bookshelf; Dark & Atmospheric,"A North Carolina curse, a disappeared mother, and a door through time.",high,,Auto-filled for Library OS; verify ISBN/pages/publisher before publishing.,,,0,
Funny Story,Emily Henry,,9780593441213,want-to-read,,,Berkley,,United States,English,,paperback,Romance; Contemporary Fiction,Heartbreak; Friendship; Second Chances,Funny; Warm; Swoony,Fake dating; Friends to lovers,Emily Henry; Fake dating; Romance,,World Bookshelf; Comfort Reads,"Two dump-ees, one summer, and a fake-dating arrangement with real feelings.",high,,Auto-filled for Library OS; verify ISBN/pages/publisher before publishing.,,,0,
Looking for Jane,Heather Marshall,,,want-to-read,,,Simon & Schuster,,Canada,English,,paperback,Historical Fiction,Abortion Access; Sisterhood; Secrets,Urgent; Emotional; Illuminating,period setting; social constraints,Canada; Reproductive rights; Historical,,World Bookshelf; Heartbreaking Reads,"Decades of women, a secret network, and the fight for bodily autonomy.",high,,Auto-filled for Library OS; verify ISBN/pages/publisher before publishing.,,,0,
Firekeeper's Daughter,Angeline Boulley,,9781250766564,want-to-read,,,Henry Holt,,United States,English,,paperback,Young Adult; Thriller,Identity; Justice; Community,Tense; Powerful; Immersive,coming of age; found identity; twist ending; unreliable narrator,Ojibwe; YA thriller; Angeline Boulley,,World Bookshelf; Dark & Atmospheric; Page-Turners,"An Ojibwe teen, a murder investigation, and a fight for her people.",high,,Auto-filled for Library OS; verify ISBN/pages/publisher before publishing.,,,0,
The Wedding People,Alison Espach,,,want-to-read,,,Henry Holt,,United States,English,,paperback,Literary Fiction; Contemporary Fiction,Grief; Reinvention; Connection,Funny; Moving; Unexpected,character-driven; interiority,Wedding; Dark comedy; Alison Espach; level:intermediate,,World Bookshelf,"A stranger at a wedding weekend — grief, farce, and unlikely grace.",high,,Corrected author name Alison Espach. Auto-filled for Library OS; verify ISBN/pages/publisher before publishing.,,,0,
The Bell Jar,Sylvia Plath,,9780060837020,want-to-read,,,Harper,,United States,English,,paperback,Literary Fiction; Classics,Mental Health; Identity; Womanhood,Sharp; Claustrophobic; Brilliant,character-driven; interiority,Classics; Plath; Mental health; level:intermediate; gem:classic,,World Bookshelf,"A young woman’s mind under glass — still piercing, still necessary.",high,,Auto-filled for Library OS; verify ISBN/pages/publisher before publishing.,,,0,
Atmosphere,Taylor Jenkins Reid,,,want-to-read,,,Ballantine,,United States,English,,paperback,Historical Fiction; Romance,Ambition; Love; Space; Identity,Glowing; Romantic; Ambitious,period setting; social constraints; slow burn; emotional payoff,TJR; NASA; Queer romance,,World Bookshelf,Reid among the stars — love and ambition in the space program.,high,,Corrected title Atmosphere. Auto-filled for Library OS; verify ISBN/pages/publisher before publishing.,,,0,
The Hunger Games,Suzanne Collins,,9780439023481,want-to-read,,,Scholastic,The Hunger Games,United States,English,,paperback,Young Adult; Science Fiction,Oppression; Survival; Spectacle,Tense; Fierce; Unforgettable,coming of age; found identity; worldbuilding; ethical dilemma,Dystopia; YA classic; gem:classic,,World Bookshelf; Dark & Atmospheric,The arena that defined a generation of YA dystopia.,high,,Auto-filled for Library OS; verify ISBN/pages/publisher before publishing.,,,0,
Two Twisted Crowns,Rachel Gillig,,,want-to-read,,,Orbit,The Shepherd King,United States,English,,paperback,Fantasy; Romance,Curses; Sacrifice; Power,Dark; Atmospheric; Romantic,unique magic system; quest; slow burn; emotional payoff,Shepherd King; Gothic fantasy,,World Bookshelf; Dark & Atmospheric,"The Shepherd King duology closes in thorns, bargains, and twisted crowns.",high,,Auto-filled for Library OS; verify ISBN/pages/publisher before publishing.,,,0,
Golden Son,Pierce Brown,,9780345539823,want-to-read,,,Del Rey,Red Rising,United States,English,,paperback,Science Fiction; Fantasy,Revolution; Loyalty; Ambition,Brutal; Epic; Propulsive,worldbuilding; ethical dilemma; unique magic system; quest,Red Rising; Pierce Brown,,World Bookshelf,"Red Rising book two — betrayal, war, and no safe ground.",high,,Auto-filled for Library OS; verify ISBN/pages/publisher before publishing.,,,0,
The Serpent and the Wings of Night,Carissa Broadbent,,,want-to-read,,,Bramble,Crowns of Nyaxia,United States,English,,paperback,Fantasy; Romance,Power; Survival; Love,Dark; Romantic; Addictive,unique magic system; quest; slow burn; emotional payoff,Romantasy; Vampires; Crowns of Nyaxia,,World Bookshelf; Dark & Atmospheric,"A human in a vampire tournament — blood, bargains, and slow-burn heat.",high,,Auto-filled for Library OS; verify ISBN/pages/publisher before publishing.,,,0,
Ready or Not,Cara Bastone,,,want-to-read,,,Dial Press,,United States,English,,paperback,Romance; Contemporary Fiction,Friendship; Timing; Love,Warm; Funny; Swoony,slow burn; emotional payoff,books that deserve the hype; Cara Bastone,,World Bookshelf; Comfort Reads,"Bastone’s signature cozy, character-first romance energy.",high,,Auto-filled for Library OS; verify ISBN/pages/publisher before publishing.,,,0,
Stori,Nimit Oza,,,want-to-read,,,,,India,English,,paperback @ India,Indian Literature; Contemporary Fiction,Healing; Everyday Life; Stories,Reflective; Grounded,,books that feel therapy; India,,India Bookshelf,Confirm edition — Indian contemporary fiction with a storyteller’s pulse.,low,,Auto-filled for Library OS; verify ISBN/pages/publisher before publishing.,,,0,
A Psalm for the Wild-Built,Becky Chambers,,9781250236210,want-to-read,,,Tordotcom,Monk & Robot,United States,English,,paperback,Science Fiction,Purpose; Rest; Nature; Care,Gentle; Wise; Restorative,worldbuilding; ethical dilemma,books that feel therapy; Monk & Robot; Hopepunk,,World Bookshelf,"A tea monk, a robot, and the question: what do humans need?",high,,Auto-filled for Library OS; verify ISBN/pages/publisher before publishing.,,,0,
The House in the Cerulean Sea,T. J. Klune,,9781250217288,want-to-read,,,Tor,,United States,English,,paperback,Fantasy; Romance,Found Family; Kindness; Belonging,Cozy; Whimsical; Healing,unique magic system; quest; slow burn; emotional payoff,books that feel therapy; Found family; TJ Klune,,World Bookshelf; Comfort Reads,"A magical orphanage, a by-the-book caseworker, and radical kindness.",high,,Corrected Cerulean spelling. Auto-filled for Library OS; verify ISBN/pages/publisher before publishing.,,,0,
Promise Me Sunshine,Cara Bastone,,,want-to-read,,,Dial Press,,United States,English,,paperback,Romance; Contemporary Fiction,Grief; Friendship; Love,Warm; Funny; Healing,slow burn; emotional payoff,fall in love with reading; Cara Bastone; Romance,,World Bookshelf; Comfort Reads,"Grief, found friendship, and a romance that feels like sunshine.",high,,Auto-filled for Library OS; verify ISBN/pages/publisher before publishing.,,,0,
Almond,Won-Pyung Sohn,,9780062961372,want-to-read,,,HarperVia,,South Korea,English,,paperback @ Korea,Literary Fiction; Young Adult,Empathy; Friendship; Trauma,Spare; Moving; Clear,character-driven; interiority; coming of age; found identity,fall in love with reading; Korea; Empathy; level:intermediate,,World Bookshelf; East Asia Shelf; Around the World in 52 Books,A boy who can’t feel fear learns the world through friendship.,high,,Auto-filled for Library OS; verify ISBN/pages/publisher before publishing.,,,0,
One Dark Window,Rachel Gillig,,9780316312486,want-to-read,,,Orbit,The Shepherd King,United States,English,,paperback,Fantasy; Romance,Curses; Power; Trust,Atmospheric; Dark; Romantic,unique magic system; quest; slow burn; emotional payoff,fall in love with reading; books that deserve the hype; Gothic fantasy,,World Bookshelf; Dark & Atmospheric,"A cursed maiden, a highwayman, and magic that exacts a price.",high,,Auto-filled for Library OS; verify ISBN/pages/publisher before publishing.,,,0,
Kingdom of Ash,Sarah J. Maas,,,want-to-read,,,Bloomsbury,Throne of Glass,United States,English,,paperback,Young Adult; Fantasy,War; Love; Sacrifice; Power,Epic; Emotional; Intense,coming of age; found identity; unique magic system; quest,fall in love with reading; Throne of Glass; SJM,,World Bookshelf; Heartbreaking Reads; Dark & Atmospheric,"The Throne of Glass finale — kingdoms, found family, and fire.",high,,Auto-filled for Library OS; verify ISBN/pages/publisher before publishing.,,,0,
A Flight of Pigeons,Ruskin Bond,,,want-to-read,,,Penguin India,,India,English,,paperback @ India,Historical Fiction; Novella,War; Captivity; Humanity,Gentle; Tense; Humane,period setting; social constraints,india more than history books; Ruskin Bond; 1857,,India Bookshelf; Indian Historical Fiction; Dark & Atmospheric,1857 through a young woman’s captivity — Bond at his most historical.,high,,Auto-filled for Library OS; verify ISBN/pages/publisher before publishing.,,,0,
No Full Stops in India,Mark Tully,,,want-to-read,,,Penguin India,,India,English,,paperback @ India,Nonfiction; Essays,Democracy; Faith; Everyday India,Observant; Humane; Clear,,india more than history books; Mark Tully; gem:classic,,India Bookshelf,India without easy endings — Tully’s classic essays from the ground.,high,,Auto-filled for Library OS; verify ISBN/pages/publisher before publishing.,,,0,
City of Djinns,William Dalrymple,,,want-to-read,,,Penguin India,,India,English,,paperback @ India,Nonfiction; Travel; History,City; Memory; Empire; Faith,Witty; Atmospheric; Learned,,india more than history books; Delhi; Dalrymple,,India Bookshelf; Dark & Atmospheric,"Delhi’s ghosts, djinns, and layered past — history that reads like gossip.",high,,Corrected title spelling. Auto-filled for Library OS; verify ISBN/pages/publisher before publishing.,,,0,
All About Love,Bell Hooks,New Visions,9780060959470,want-to-read,,,William Morrow,,United States,English,,paperback,Nonfiction; Essays,eldest daughters; Love; Community; Justice,eldest daughters; Clear; Radical; Nurturing,eldest daughters,eldest daughters; bell hooks; Love as practice,,World Bookshelf,"Love as a verb, a practice, and a politics — essential hooks.",high,,Auto-filled for Library OS; verify ISBN/pages/publisher before publishing.,,,0,
"Really Good, Actually",Monica Heisey,,,want-to-read,,,HarperAvenue,,Canada,English,,paperback,Contemporary Fiction; Comedy,eldest daughters; Divorce; Friendship; Reinvention,eldest daughters; Hilarious; Sharp; Tender,eldest daughters,eldest daughters; Divorce; Monica Heisey,,World Bookshelf,A millennial divorce comedy that is actually really good.,high,,Auto-filled for Library OS; verify ISBN/pages/publisher before publishing.,,,0,
Saltwater,Jessica Andrews,,,want-to-read,,,Sceptre,,United Kingdom,English,,paperback,Literary Fiction; Contemporary Fiction,eldest daughters; Class; Motherhood; Body,eldest daughters; Lyrical; Raw; Coastal,eldest daughters,eldest daughters; North East England; level:intermediate,,World Bookshelf; Slow Literary,"A young woman between London and the North — body, class, becoming.",high,,Standard title spelling Saltwater. Auto-filled for Library OS; verify ISBN/pages/publisher before publishing.,,,0,
Everything I Know About Love,Dolly Alderton,,9780241982105,want-to-read,,,Fig Tree,,United Kingdom,English,,paperback,Memoir; Nonfiction,eldest daughters; Friendship; Dating; Growing Up,eldest daughters; Funny; Vulnerable; Warm,eldest daughters,eldest daughters; Dolly Alderton; Millennial memoir,,World Bookshelf; Comfort Reads,"Friendship, hangovers, and growing up in public — with heart.",high,,Auto-filled for Library OS; verify ISBN/pages/publisher before publishing.,,,0,
Conversations on Love,Natasha Lunn,,,want-to-read,,,Viking,,United Kingdom,English,,paperback,Nonfiction; Essays,eldest daughters; Love; Friendship; Self,eldest daughters; Thoughtful; Intimate; Wise,eldest daughters,eldest daughters; Love; Essays,,World Bookshelf,Interviews that expand what love can mean — romantic and otherwise.,high,,Auto-filled for Library OS; verify ISBN/pages/publisher before publishing.,,,0,
So Thrilled for You,Holly Bourne,,,want-to-read,,,Hodder,,United Kingdom,English,,paperback,Contemporary Fiction; Women's Fiction,eldest daughters; Friendship; Motherhood; Ambition,eldest daughters; Sharp; Funny; Honest,eldest daughters,eldest daughters; Friendship; Holly Bourne,,World Bookshelf,"Friendship under pressure — babies, ambition, and biting honesty.",high,,Auto-filled for Library OS; verify ISBN/pages/publisher before publishing.,,,0,
Our Infinite Fates,Laura Steven,,,want-to-read,,,Penguin,,United Kingdom,English,,paperback,Young Adult; Fantasy,Fate; Love; Death; Choice,Romantic; Epic; Emotional,coming of age; found identity; unique magic system; quest,YA fantasy; Reincarnation,,World Bookshelf; Heartbreaking Reads,Lovers reborn across lifetimes — until one final fate.,high,,Auto-filled for Library OS; verify ISBN/pages/publisher before publishing.,,,0,
The Seven Year Slip,Ashley Poston,,9780593336496,want-to-read,,,Berkley,,United States,English,,paperback,Romance; Fantasy,Grief; Love; Timing,Swoony; Bittersweet; Cozy,slow burn; emotional payoff; unique magic system; quest,Time travel; Romance; NYC apartment,,World Bookshelf; Comfort Reads,An apartment that slips through time — and a love that shouldn’t be possible.,high,,Auto-filled for Library OS; verify ISBN/pages/publisher before publishing.,,,0,
Project Hail Mary,Andy Weir,,9780593135204,want-to-read,,476,Ballantine,,United States,English,,paperback,Science Fiction,Survival; Science; Friendship,Funny; Thrilling; Heartfelt,worldbuilding; ethical dilemma,Space; Andy Weir; First contact,,World Bookshelf,"A lone astronaut, impossible science, and the best buddy in the galaxy.",high,,Auto-filled for Library OS; verify ISBN/pages/publisher before publishing.,,,0,
Not Quite Dead Yet,Holly Jackson,,,want-to-read,,,Electric Monkey,,United Kingdom,English,,paperback,Young Adult; Mystery,Mortality; Truth; Friendship,Twisty; Urgent; Clever,coming of age; found identity; whodunit; red herrings,Holly Jackson; YA thriller,,World Bookshelf; Page-Turners,A dying detective races the clock to solve her own murder.,high,,Auto-filled for Library OS; verify ISBN/pages/publisher before publishing.,,,0,
The Correspondent,Virginia Evans,,,want-to-read,,,,,United States,English,,paperback,Literary Fiction; Contemporary Fiction,Connection; Aging; Letters,Tender; Reflective,character-driven; interiority,Letters; Friendship; level:intermediate,,World Bookshelf; Slow Literary,"A life told in letters — quiet, human, unexpectedly gripping.",medium,,Auto-filled for Library OS; verify ISBN/pages/publisher before publishing.,,,0,
The Bright Years,Sarah Damoff,,,want-to-read,,,,,United States,English,,paperback,Literary Fiction; Contemporary Fiction,Family; Time; Love,Luminous; Emotional,character-driven; interiority,Family; Contemporary; level:intermediate,,World Bookshelf; Heartbreaking Reads,A family across years of light and fracture — confirm edition.,medium,,Auto-filled for Library OS; verify ISBN/pages/publisher before publishing.,,,0,
Great Big Beautiful Life,Emily Henry,,,want-to-read,,,Berkley,,United States,English,,paperback,Romance; Contemporary Fiction,Love; Storytelling; Ambition,Witty; Warm; Swoony,slow burn; emotional payoff,Emily Henry; Romance,,World Bookshelf; Comfort Reads,"Henry’s signature spark — rivals, secrets, and a great big feeling.",high,,Corrected title spelling. Auto-filled for Library OS; verify ISBN/pages/publisher before publishing.,,,0,
Heart the Lover,Lily King,,,want-to-read,,,Grove Press,,United States,English,,paperback,Literary Fiction; Contemporary Fiction,Love; Ambition; Memory,Intimate; Sharp; Romantic,character-driven; interiority,Lily King; Campus; Love; level:intermediate,,World Bookshelf,"Lily King on desire, intellect, and the loves that shape us.",medium,,Auto-filled for Library OS; verify ISBN/pages/publisher before publishing.,,,0,
The Road to Tender Hearts,Annie Hartnett,,,want-to-read,,,,,United States,English,,paperback,Contemporary Fiction; Literary Fiction,Family; Healing; Journeys,Warm; Quirky; Heartfelt,character-driven; interiority,Family; Road trip; level:intermediate,,World Bookshelf; Comfort Reads,"A tender, offbeat journey toward family and home.",medium,,Auto-filled for Library OS; verify ISBN/pages/publisher before publishing.,,,0,
It's Different This Time,Joss Richards,,,want-to-read,,,,,United Kingdom,English,,paperback,Contemporary Fiction; Romance,Love; Second Chances; Selfhood,Warm; Reflective,slow burn; emotional payoff,Romance; Contemporary,,World Bookshelf; Comfort Reads,A contemporary love story — confirm exact UK edition details.,low,,Author/title lightly normalized; verify bibliographic details. Auto-filled for Library OS; verify ISBN/pages/publisher before publishing.,,,0,
Blue Sisters,Coco Mellors,,,want-to-read,,,Fourth Estate,,United Kingdom,English,,paperback,Literary Fiction; Contemporary Fiction,grief & loss; Grief; Sisterhood; Addiction; Family,Sharp; Emotional; Stylish,character-driven; interiority,Sisters; Grief & loss; level:intermediate,,World Bookshelf; Heartbreaking Reads,"Three sisters reunite after loss — messy, glamorous, devastating.",high,,Auto-filled for Library OS; verify ISBN/pages/publisher before publishing.,,,0,
Crying in H Mart,Michelle Zauner,,9780525657743,want-to-read,,,Knopf,,United States,English,,paperback,Memoir; Nonfiction,grief & loss; Grief; Motherhood; Identity; Food,Raw; Tender; Mouthwatering,personal reckoning; voice-driven,Korean American; Grief & loss; H Mart,,World Bookshelf; East Asia Shelf; Around the World in 52 Books,A daughter’s grief told through Korean food and memory.,high,,Auto-filled for Library OS; verify ISBN/pages/publisher before publishing.,,,0,
Wandering Souls,Cecile Pin,,,want-to-read,,,Henry Holt,,Vietnam,English,,paperback,Literary Fiction; Historical Fiction,grief & loss; Grief; Displacement; Family; Memory,Lyrical; Haunting; Tender,character-driven; interiority; period setting; social constraints,Vietnam; Refugees; Grief & loss; level:intermediate,,World Bookshelf; Slow Literary,A Vietnamese family’s escape — and the sibling left between worlds.,high,,Auto-filled for Library OS; verify ISBN/pages/publisher before publishing.,,,0,
Intermezzo,Sally Rooney,,,want-to-read,,,Faber & Faber,,Ireland,English,,paperback,Literary Fiction; Contemporary Fiction,grief & loss; Grief; Brothers; Love; Intimacy,Precise; Tender; Cerebral,character-driven; interiority,Sally Rooney; Grief & loss; Ireland; level:intermediate,,World Bookshelf,Two brothers after a father’s death — Rooney on love and grief.,high,,Auto-filled for Library OS; verify ISBN/pages/publisher before publishing.,,,0,
Hamnet,Maggie O'Farrell,,9781472223791,want-to-read,,,Tinder Press,,United Kingdom,English,,paperback,Historical Fiction; Literary Fiction,complex families; Grief; Family; Marriage; Art,Luminous; Devastating; Intimate,period setting; social constraints; character-driven; interiority,Complex families; Maggie O'Farrell; Grief; level:intermediate,,World Bookshelf; Heartbreaking Reads,A family’s grief in plague-era England — and the making of a play.,low,,Sheet title was “land”; mapped to Hamnet (O’Farrell’s major family/grief novel). Confirm if you meant another title. Auto-filled for Library OS; verify ISBN/pages/publisher before publishing.,,,0,
A Woman Is No Man,Etaf Rum,,9780062699763,want-to-read,,,Harper,,Palestine,English,,paperback,Literary Fiction; Contemporary Fiction,complex families; Patriarchy; Silence; Motherhood; Freedom,Urgent; Heartbreaking; Powerful,character-driven; interiority,Palestinian American; Complex families; level:intermediate,,World Bookshelf; Heartbreaking Reads,Three generations of Palestinian American women breaking (and keeping) silence.,high,,Auto-filled for Library OS; verify ISBN/pages/publisher before publishing.,,,0,
Pachinko,Min Jin Lee,,9781455563920,want-to-read,,496,Grand Central,,South Korea,English,,paperback,Historical Fiction; Literary Fiction,complex families; Family; Belonging; Survival; Identity,Epic; Intimate; Unforgettable,period setting; social constraints; character-driven; interiority,Korea; Japan; Family saga; Complex families; level:intermediate,,World Bookshelf; Civilizations Through Books; Civilization · Japan; Around the World in 52 Books; East Asia Shelf,Four generations of a Korean family carving a life in Japan.,high,,Auto-filled for Library OS; verify ISBN/pages/publisher before publishing.,,,0,
The Giver of Stars,Jojo Moyes,,9780399562488,want-to-read,,,Penguin,,United Kingdom,English,,paperback,Historical Fiction,friendships; Friendship; Freedom; Books; Women,Warm; Inspiring; Romantic,period setting; social constraints,Packhorse librarians; Friendship; Kentucky,,World Bookshelf; Comfort Reads,Packhorse librarians in Depression-era Kentucky — friendship on horseback.,high,,Auto-filled for Library OS; verify ISBN/pages/publisher before publishing.,,,0,
My Friends,Fredrik Backman,,,want-to-read,,,Atria Books,,Sweden,English,,paperback,Literary Fiction; Contemporary Fiction,friendships; Friendship; Art; Belonging; Grief,Tender; Witty; Heartfelt,character-driven; interiority,Backman; Friendship; Art; level:intermediate,,World Bookshelf,"Backman on friendship, art, and the people who save us.",high,,Auto-filled for Library OS; verify ISBN/pages/publisher before publishing.,,,0,
The Invisible Life of Addie LaRue,V. E. Schwab,,9780765387561,want-to-read,,,Tor Books,,United States,English,,paperback,Fantasy; Literary Fiction,Memory; Freedom; Loneliness; Art,Lyrical; Romantic; Bittersweet,unique magic system; quest; character-driven; interiority,Immortality; V.E. Schwab; level:intermediate,,World Bookshelf; Slow Literary,Cursed to be forgotten — until someone finally remembers her name.,high,,Auto-filled for Library OS; verify ISBN/pages/publisher before publishing.,,,0,
The Seven Husbands of Evelyn Hugo,Taylor Jenkins Reid,,9781501139239,want-to-read,,,Atria Books,,United States,English,,paperback,Historical Fiction; Contemporary Fiction,Fame; Love; Ambition; Identity,Glamorous; Addictive; Emotional,period setting; social constraints,Hollywood; TJR; Queer romance,,World Bookshelf; Heartbreaking Reads,"A screen siren’s confessions — husbands, secrets, and one true love story.",high,,Corrected title spelling. Auto-filled for Library OS; verify ISBN/pages/publisher before publishing.,,,0,
Six of Crows,Leigh Bardugo,,9781627792127,want-to-read,,,Henry Holt,Six of Crows,United States,English,,paperback,Young Adult; Fantasy,Found Family; Crime; Loyalty,Clever; Dark; Propulsive,coming of age; found identity; unique magic system; quest,Grishaverse; Heist; YA fantasy,,World Bookshelf; Dark & Atmospheric,"A deadly heist crew, impossible odds, unforgettable banter.",high,,Auto-filled for Library OS; verify ISBN/pages/publisher before publishing.,,,0,
As Long as the Lemon Trees Grow,Zoulfa Katouh,,,want-to-read,,,Bloomsbury YA,,Syria,English,,paperback,Young Adult; Contemporary Fiction,War; Hope; Survival; Love,Heartbreaking; Urgent; Hopeful,coming of age; found identity,Syria; YA; Revolution,,World Bookshelf; Heartbreaking Reads; Comfort Reads,"A Syrian YA novel of war, pharmacy shifts, and stubborn hope.",high,,Auto-filled for Library OS; verify ISBN/pages/publisher before publishing.,,,0,
Hakodate Photo Studio,Heo Tae-yeon,,,want-to-read,,,,,South Korea,English,,paperback @ Korea,Contemporary Fiction; Magical Realism,Memory; Healing; Photography,Tender; Nostalgic,,Korea; Photo studio; Comfort read,,World Bookshelf; East Asia Shelf; Around the World in 52 Books,A photo studio that develops more than pictures.,low,,Title/author romanization varies (Hakuda/Hakodate; Her/Heo). Confirm your edition. Auto-filled for Library OS; verify ISBN/pages/publisher before publishing.,,,0,
Soyang-ri Book Kitchen,Kim Jee-hye,,,want-to-read,,,,,South Korea,English,,paperback @ Korea,Contemporary Fiction; Korean Literature,Community; Food; Reading,Warm; Cozy,,Korea; Book café; Comfort read,,World Bookshelf; East Asia Shelf; Around the World in 52 Books; Comfort Reads,A countryside book kitchen where stories and meals nourish together.,medium,,Auto-filled for Library OS; verify ISBN/pages/publisher before publishing.,,,0,
The Healing Season of Pottery,Yeon Somin,,,want-to-read,,,,,South Korea,English,,paperback @ Korea,Contemporary Fiction; Korean Literature,Healing; Craft; Slow Living,Calm; Restorative,,Korea; Pottery; Comfort read,,World Bookshelf; East Asia Shelf; Around the World in 52 Books,"Clay, quiet work, and a season of mending.",medium,,Auto-filled for Library OS; verify ISBN/pages/publisher before publishing.,,,0,
The Dallergut Dream Department Store,Miye Lee,,9781529919455,want-to-read,,,Doubleday,,South Korea,English,,paperback @ Korea,Fantasy; Magical Realism,Dreams; Care; Wonder,Whimsical; Cozy,unique magic system; quest,Korea; Dreams; Comfort read,,World Bookshelf; East Asia Shelf; Around the World in 52 Books; Comfort Reads,A department store that sells dreams — Korean comfort fantasy at its softest.,high,,Author often credited as Miye Lee. Auto-filled for Library OS; verify ISBN/pages/publisher before publishing.,,,0,
Marigold Mind Laundry,Junhee Jun / Yun Jung-eun,,,want-to-read,,,,,South Korea,English,,paperback @ Korea,Fantasy; Magical Realism,Healing; Memory; Empathy,Whimsical; Gentle,unique magic system; quest,Korea; Magical laundry; Comfort read,,World Bookshelf; East Asia Shelf; Around the World in 52 Books,A magical laundry for washing troubled minds.,low,,Author missing on sheet — confirm (often listed under Korean comfort-fiction imprints). Auto-filled for Library OS; verify ISBN/pages/publisher before publishing.,,,0,
Yeonnam-Dong's Smile Laundry,Kim Jiyun,,,want-to-read,,,,,South Korea,English,,paperback @ Korea,Contemporary Fiction; Korean Literature,Community; Healing; Everyday Kindness,Warm; Cozy,,Korea; Laundry; Comfort read,,World Bookshelf; East Asia Shelf; Around the World in 52 Books; Comfort Reads,A Seoul laundromat where people’s stories come clean.,medium,,Confirm exact English title (Smile Laundry / Smiley Laundromat). Auto-filled for Library OS; verify ISBN/pages/publisher before publishing.,,,0,
The Guest Cat,Takashi Hiraide,,9780811221504,want-to-read,,,New Directions,,Japan,English,,paperback @ Japan,Literary Fiction; Japanese Literature,Presence; Marriage; Transience,Quiet; Observant; Poetic,character-driven; interiority,Japan; Cats; level:intermediate,,World Bookshelf; Civilizations Through Books; Civilization · Japan; Around the World in 52 Books; East Asia Shelf; Slow Literary,A visiting cat rearranges a Tokyo couple’s quiet life.,high,,Corrected author spelling Hiraide. Auto-filled for Library OS; verify ISBN/pages/publisher before publishing.,,,0,
The Curious Kitten at the Chibineko Kitchen,Yuta Takahashi,,,want-to-read,,,,Chibineko Kitchen,Japan,English,,paperback @ Japan,Contemporary Fiction; Magical Realism,Grief; Healing; Food,Cozy; Tender,,Japan; Cats; Comfort read,,World Bookshelf; Civilizations Through Books; Civilization · Japan; Around the World in 52 Books; East Asia Shelf; Comfort Reads,"Return to Chibineko Kitchen with another healing, food-scented story.",medium,,Auto-filled for Library OS; verify ISBN/pages/publisher before publishing.,,,0,
The Passengers on the Hankyu Line,Hiro Arikawa,,,want-to-read,,,Berkley,,Japan,English,,paperback @ Japan,Contemporary Fiction; Japanese Literature,Chance Encounters; Everyday Life,Warm; Observant,,Japan; Trains; Comfort read,,World Bookshelf; Civilizations Through Books; Civilization · Japan; Around the World in 52 Books; East Asia Shelf; Comfort Reads,"Linked lives on a Hankyu train — small journeys, big feelings.",high,,Corrected Hankyu spelling. Auto-filled for Library OS; verify ISBN/pages/publisher before publishing.,,,0,
The Housekeeper and the Professor,Yoko Ogawa,,9780312427801,want-to-read,,,Picador,,Japan,English,,paperback @ Japan,Literary Fiction; Japanese Literature,Memory; Care; Beauty of Numbers,Tender; Precise; Moving,character-driven; interiority,Japan; Yoko Ogawa; level:intermediate,,World Bookshelf; Civilizations Through Books; Civilization · Japan; Around the World in 52 Books; East Asia Shelf,"A housekeeper, a math professor, and a bond rebuilt every morning.",high,,Expanded author to Yoko Ogawa. Auto-filled for Library OS; verify ISBN/pages/publisher before publishing.,,,0,
Tales from the Café,Toshikazu Kawaguchi,,,want-to-read,,,Picador,Before the Coffee Gets Cold,Japan,English,,paperback @ Japan,Contemporary Fiction; Magical Realism,Regret; Time; Closure,Bittersweet; Gentle,,Japan; Time travel café,,World Bookshelf; Civilizations Through Books; Civilization · Japan; Around the World in 52 Books; East Asia Shelf,Return to the café where coffee buys one trip through time.,high,,Auto-filled for Library OS; verify ISBN/pages/publisher before publishing.,,,0,
What You Are Looking For Is in the Library,Michiko Aoyama,,9781335005625,want-to-read,,,Hanover Square Press,,Japan,English,,paperback @ Japan,Contemporary Fiction; Japanese Literature,Purpose; Community; Reading,Uplifting; Cozy,,Japan; Libraries; Comfort read,,World Bookshelf; Civilizations Through Books; Civilization · Japan; Around the World in 52 Books; East Asia Shelf; Comfort Reads,A Tokyo librarian recommends the books — and nudges — people need.,high,,Auto-filled for Library OS; verify ISBN/pages/publisher before publishing.,,,0,
The Kamogawa Food Detectives,Hisashi Kashiwai,,9781035005758,want-to-read,,,Picador,Kamogawa Food Detectives,Japan,English,,paperback @ Japan,Contemporary Fiction; Mystery,Memory; Food; Family,Cozy; Nostalgic,whodunit; red herrings,Kyoto; Food; Comfort read,,World Bookshelf; Civilizations Through Books; Civilization · Japan; Around the World in 52 Books; East Asia Shelf; Comfort Reads; Page-Turners,A Kyoto diner that reconstructs lost dishes — and lost feelings.,high,,Corrected title spelling. Auto-filled for Library OS; verify ISBN/pages/publisher before publishing.,,,0,
We'll Prescribe You a Cat,Syou Ishida,,,want-to-read,,,Bantam,,Japan,English,,paperback @ Japan,Contemporary Fiction; Magical Realism,Healing; Loneliness; Care,Whimsical; Warm,,Japan; Cats; Comfort read,,World Bookshelf; Civilizations Through Books; Civilization · Japan; Around the World in 52 Books; East Asia Shelf; Comfort Reads,A clinic that prescribes cats for what ails the heart.,high,,Auto-filled for Library OS; verify ISBN/pages/publisher before publishing.,,,0,
The Bookshop Woman,Nanako Hanada,,,want-to-read,,,,,Japan,English,,paperback @ Japan,Contemporary Fiction; Japanese Literature,Work; Identity; Reading,Gentle; Relatable,,Japan; Bookshops,,World Bookshelf; Civilizations Through Books; Civilization · Japan; Around the World in 52 Books; East Asia Shelf,A bookish life in contemporary Japan — confirm English edition.,medium,,Auto-filled for Library OS; verify ISBN/pages/publisher before publishing.,,,0,
The City and Its Uncertain Walls,Haruki Murakami,,,want-to-read,,,Harvill Secker,,Japan,English,,paperback @ Japan,Literary Fiction; Magical Realism,Memory; Loneliness; Parallel Worlds,Dreamlike; Melancholic,character-driven; interiority,Murakami; Japan; level:intermediate,,World Bookshelf; Civilizations Through Books; Civilization · Japan; Around the World in 52 Books; East Asia Shelf; Heartbreaking Reads,"Murakami’s late-career labyrinth of walls, towns, and longing.",high,,Expanded title/author. Auto-filled for Library OS; verify ISBN/pages/publisher before publishing.,,,0,
Butter,Asako Yuzuki,,9780008511685,want-to-read,,,Fourth Estate,,Japan,English,,paperback @ Japan,Literary Fiction; Crime,Appetite; Gender; Obsession,Dark; Rich; Propulsive,character-driven; interiority,Japan; Food; True-crime inspired; level:intermediate,,World Bookshelf; Civilizations Through Books; Civilization · Japan; Around the World in 52 Books; East Asia Shelf; Dark & Atmospheric,"Food, feminism, and a media frenzy around a gourmet murderer.",high,,Auto-filled for Library OS; verify ISBN/pages/publisher before publishing.,,,0,
Four Seasons in Japan,Nick Bradley,,,want-to-read,,,Doubleday,,United Kingdom,English,,paperback @ Japan,Literary Fiction,Translation; Grief; Connection,Reflective; Layered,character-driven; interiority,Japan; Translators; Nested narrative; level:intermediate,,World Bookshelf; Civilizations Through Books; Civilization · Japan; Around the World in 52 Books; Slow Literary,"A translator, a novel-within-a-novel, and Japan across four seasons.",high,,Auto-filled for Library OS; verify ISBN/pages/publisher before publishing.,,,0,
The Rainfall Market,You Yeong-Gwang,,,want-to-read,,,,,South Korea,English,,paperback @ Korea,Fantasy; Magical Realism,Wishes; Choice; Healing,Whimsical; Tender,unique magic system; quest,Korea; Magical market,,World Bookshelf; East Asia Shelf; Around the World in 52 Books,A magical market where rainfall sells second chances.,high,,Auto-filled for Library OS; verify ISBN/pages/publisher before publishing.,,,0,
The Letter from Ginza Shihodo Stationery Store,Kenji Ueda,,,want-to-read,,,,,Japan,English,,paperback @ Japan,Contemporary Fiction; Japanese Literature,Connection; Writing; Everyday Kindness,Gentle; Cozy,,Japan; Stationery; Comfort read,,World Bookshelf; Civilizations Through Books; Civilization · Japan; Around the World in 52 Books; East Asia Shelf; Comfort Reads,"Ginza stationery, letters, and small human connections.",medium,,Corrected title spelling. Confirm exact English title for your edition. Auto-filled for Library OS; verify ISBN/pages/publisher before publishing.,,,0,
The Chibineko Kitchen,Yuta Takahashi,,,want-to-read,,,Penguin,Chibineko Kitchen,Japan,English,,paperback @ Japan,Contemporary Fiction; Magical Realism,Grief; Healing; Food,Cozy; Tender,,Japan; Cats; Comfort read,,World Bookshelf; Civilizations Through Books; Civilization · Japan; Around the World in 52 Books; East Asia Shelf; Comfort Reads,A seaside café where food helps the grieving taste memory again.,high,,Auto-filled for Library OS; verify ISBN/pages/publisher before publishing.,,,0,
Hot Chocolate on Thursday,Michiko Aoyama,,,want-to-read,,,,,Japan,English,,paperback @ Japan,Contemporary Fiction; Japanese Literature,Connection; Everyday Magic,Cozy; Warm,,Japan; Comfort read,,World Bookshelf; Civilizations Through Books; Civilization · Japan; Around the World in 52 Books; East Asia Shelf; Comfort Reads,Aoyama’s gentle Japanese comfort fiction — confirm English edition title.,low,,Auto-filled for Library OS; verify ISBN/pages/publisher before publishing.,,,0,
Sweet Bean Paste,Durian Sukegawa,,9781786071958,want-to-read,,,Oneworld,,Japan,English,,paperback @ Japan,Literary Fiction; Japanese Literature,Friendship; Dignity; Food,Gentle; Bittersweet,character-driven; interiority,Japan; Dorayaki; Comfort read; level:intermediate,,World Bookshelf; Civilizations Through Books; Civilization · Japan; Around the World in 52 Books; East Asia Shelf,"A dorayaki shop, an unlikely friendship, and quiet grace.",high,,Auto-filled for Library OS; verify ISBN/pages/publisher before publishing.,,,0,
One Part Woman,Perumal Murugan,,9780143428992,want-to-read,,,Penguin India,,India,English,,paperback @ India,Literary Fiction; Indian Literature,Desire; Tradition; Marriage,Tender; Provocative; Tragic,character-driven; interiority,Tamil literature; Perumal Murugan; level:intermediate,,India Bookshelf; Indian Literary Fiction; States Through Stories; Tamil Nadu Stories; Heartbreaking Reads,"A childless couple, a temple rite, and a devastating question of love.",high,,Auto-filled for Library OS; verify ISBN/pages/publisher before publishing.,,,0,
Those Pricey Thakur Girls,Anuja Chauhan,,9789350294253,want-to-read,,,HarperCollins India,,India,English,,paperback @ India,Contemporary Fiction; Romance,Family; Love; Ambition,Funny; Warm; Fast,slow burn; emotional payoff,Delhi; Anuja Chauhan,,India Bookshelf; Comfort Reads,"Five Thakur sisters, one chaotic, irresistible Delhi family novel.",high,,Auto-filled for Library OS; verify ISBN/pages/publisher before publishing.,,,0,
The Bangalore Detectives Club,Harini Nagendra,,,want-to-read,,,Corsair,Bangalore Detectives Club,India,English,,paperback @ India,Mystery; Historical Fiction,Crime; Marriage; City Life,Charming; Clever,whodunit; red herrings; period setting; social constraints,Bangalore; 1920s; Mystery,,India Bookshelf; Indian Historical Fiction; Page-Turners,1920s Bangalore — a new wife turns detective.,high,,Corrected Bangalore spelling. Auto-filled for Library OS; verify ISBN/pages/publisher before publishing.,,,0,
The Namesake,Jhumpa Lahiri,,9780618485222,want-to-read,,291,Houghton Mifflin,,United States,English,,paperback @ India,Literary Fiction; Diaspora Fiction,Identity; Family; Belonging,Quiet; Elegant; Melancholic,character-driven; interiority,Jhumpa Lahiri; Immigrant story; level:intermediate,,World Bookshelf; Heartbreaking Reads; Slow Literary,"A name, a family, and the long negotiation of belonging.",high,,Auto-filled for Library OS; verify ISBN/pages/publisher before publishing.,,,0,
Erotic Stories for Punjabi Widows,Balli Kaur Jaswal,,9780062645104,want-to-read,,,HarperCollins,,Singapore,English,,paperback @ India,Contemporary Fiction; Literary Fiction,Community; Desire; Freedom,Funny; Warm; Subversive,character-driven; interiority,Punjabi diaspora; Widows; level:intermediate,,World Bookshelf; Comfort Reads,A Southall widow’s writing group turns delightfully rebellious.,high,,Auto-filled for Library OS; verify ISBN/pages/publisher before publishing.,,,0,
Kashmir,Manreet Sodhi Someshwar,,,want-to-read,,,HarperCollins India,the partition triology,India,English,,paperback @ India,Historical Fiction; Indian Literature,Conflict; Home; Memory,Haunting; Expansive,period setting; social constraints; historical trauma,Partition; Kashmir,,India Bookshelf; Partition Stories; Indian Historical Fiction; States Through Stories; Kashmir Stories,The trilogy closes in Kashmir’s long shadow of Partition.,high,,Corrected author spelling Manreet. Auto-filled for Library OS; verify ISBN/pages/publisher before publishing.,,,0,
Hyderabad,Manreet Sodhi Someshwar,,,want-to-read,,,HarperCollins India,the partition triology,India,English,,paperback @ India,Historical Fiction; Indian Literature,Politics; Loyalty; Change,Political; Sweeping,period setting; social constraints; historical trauma,Partition; Hyderabad,,India Bookshelf; Partition Stories; Indian Historical Fiction,Hyderabad’s endgame in Someshwar’s Partition trilogy.,high,,Corrected author spelling Manreet. Auto-filled for Library OS; verify ISBN/pages/publisher before publishing.,,,0,
Lahore,Manreet Sodhi Someshwar,,,want-to-read,,,HarperCollins India,the partition triology,India,English,,paperback @ India,Historical Fiction; Indian Literature,Partition; City; Belonging,Sweeping; Emotional,period setting; social constraints; historical trauma,Partition; Lahore,,India Bookshelf; Partition Stories; Indian Historical Fiction; Heartbreaking Reads,Book one of Someshwar’s Partition trilogy — Lahore on the brink.,high,,Corrected author spelling Manreet. Auto-filled for Library OS; verify ISBN/pages/publisher before publishing.,,,0,
Remnants of a Separation,Aanchal Malhotra,,9789352640904,want-to-read,,,HarperCollins India,,India,English,,paperback @ India,Nonfiction; History,Memory; Objects; Partition,Tender; Documentary,historical trauma,Independence Day; India; Partition,August,India Bookshelf; Partition Stories,Partition remembered through the objects families carried.,high,,Commonly titled Remnants of a Separation (also related Remnants of Partition). Confirm edition. Auto-filled for Library OS; verify ISBN/pages/publisher before publishing.,,,0,
I Hear You,Nidhi Upadhyay,,,want-to-read,,,,,India,English,,paperback @ India,Contemporary Fiction; Romance,Love; Listening; Healing,Emotional; Intimate,slow burn; emotional payoff,India; Contemporary,,India Bookshelf; Heartbreaking Reads,A contemporary Indian love story about being truly heard.,medium,,Auto-filled for Library OS; verify ISBN/pages/publisher before publishing.,,,0,
Lives Not Lived,Monika Bhatti,,,want-to-read,,,,,India,English,,paperback @ India,Contemporary Fiction; Indian Literature,Memory; Choices; Family,Reflective,,India,,India Bookshelf,Stories of paths not taken — confirm blurb for your notes.,low,,Auto-filled for Library OS; verify ISBN/pages/publisher before publishing.,,,0,
"Mysteries, Mountains and Mythology",Supriya Bansal,,,want-to-read,,,,,India,English,,paperback @ India,Children's; Indian Mythology,Adventure; Myth; Nature,Curious; Adventurous,,India; Mythology; Mountains; level:intermediate,,India Bookshelf; Roots of Bharat; Indian Mythology Retellings,Mountain lore and mythology for curious young readers.,low,,Auto-filled for Library OS; verify ISBN/pages/publisher before publishing.,,,0,
Lallan Sweets,Srishti Chaudhary,,,want-to-read,,,Penguin India,,India,English,,paperback @ India,Contemporary Fiction; Indian Literature,Family; Ambition; Belonging,Warm; Bittersweet,,India; Family business,,India Bookshelf; Comfort Reads,"A family sweet shop, ambition, and home.",medium,,Auto-filled for Library OS; verify ISBN/pages/publisher before publishing.,,,0,
Song of Draupadi,Ira Mukhoty,,,want-to-read,,,Aleph Book Company,,India,English,,paperback @ India,Mythology Retelling; Indian Literature,Agency; Desire; Power,Lyrical; Fierce,,Draupadi; Mahabharata; level:intermediate,,India Bookshelf; Roots of Bharat; Indian Mythology Retellings; The Epic Project; Epic · Draupadi,"Draupadi’s life in a vivid, feminist epic voice.",high,,Auto-filled for Library OS; verify ISBN/pages/publisher before publishing.,,,0,
Sita's Sister,Kavita Kane,,9788129130983,want-to-read,,,Rupa Publications,,India,English,,paperback @ India,Mythology Retelling; Indian Literature,Sisterhood; Duty; Sacrifice,Warm; Emotional,,Urmila; Ramayana; Kavita Kane; level:intermediate,,India Bookshelf; Roots of Bharat; Indian Mythology Retellings; The Epic Project; Epic · Sita; Heartbreaking Reads; Comfort Reads,Urmila’s forgotten vigil — the sister left behind.,high,,Corrected title from “sista's sister”. Auto-filled for Library OS; verify ISBN/pages/publisher before publishing.,,,0,
Tara's Truce,Kavita Kane,,,want-to-read,,,Rupa Publications,,India,English,,paperback @ India,Mythology Retelling; Indian Literature,Agency; Politics; Love,Dramatic; Empathetic,,Ramayana; Tara; Kavita Kane; level:intermediate,,India Bookshelf; Roots of Bharat; Indian Mythology Retellings,"Tara of Kishkindha — strategist, queen, and survivor.",medium,,Auto-filled for Library OS; verify ISBN/pages/publisher before publishing.,,,0,
Vanara,Anand Neelakantan,,,want-to-read,,,Penguin India,,India,English,,paperback @ India,Mythology Retelling; Indian Literature,Loyalty; War; Perspective,Epic; Revisionist,,Ramayana; Vanaras; level:intermediate,,India Bookshelf; Roots of Bharat; Indian Mythology Retellings,The Ramayana from the vanaras’ side of the war.,high,,Auto-filled for Library OS; verify ISBN/pages/publisher before publishing.,,,0,
Nala Damayanti,Anand Neelakantan,,,want-to-read,,,,,India,English,,paperback @ India,Mythology Retelling; Indian Literature,Love; Fate; Exile,Epic; Romantic,,Nala; Damayanti; Indian mythology; level:intermediate,,India Bookshelf; Roots of Bharat; Indian Mythology Retellings,The Nala–Damayanti legend retold with Neelakantan’s epic sweep.,medium,,Auto-filled for Library OS; verify ISBN/pages/publisher before publishing.,,,0,
The Curse of Gandhari,Aditi Banerjee,,,want-to-read,,,Bloomsbury India,,India,English,,paperback @ India,Mythology Retelling; Indian Literature,Motherhood; Fate; Power,Intense; Tragic,,Mahabharata; Gandhari; level:intermediate,,India Bookshelf; Roots of Bharat; Indian Mythology Retellings; The Epic Project; Epic · Gandhari; Heartbreaking Reads; Dark & Atmospheric,Gandhari’s story from the heart of the Mahabharata.,high,,Auto-filled for Library OS; verify ISBN/pages/publisher before publishing.,,,0,
Medusa,Jessie Burton,The Girl Behind the Myth,,want-to-read,,,Bloomsbury,,United Kingdom,English,,paperback,Mythology Retelling; Literary Fiction,Beauty; Power; Transformation,Lyrical; Haunting,character-driven; interiority,Medusa; Jessie Burton; level:intermediate,,World Bookshelf; Slow Literary,"Medusa’s myth, intimate and beautifully framed.",high,,Auto-filled for Library OS; verify ISBN/pages/publisher before publishing.,,,0,
No Friend to This House,Natalie Haynes,,,want-to-read,,,,,United Kingdom,English,,paperback,Mythology Retelling; Literary Fiction,War; Family; Fate,Tragic; Sharp,character-driven; interiority,Greek mythology; Natalie Haynes; level:intermediate; gem:classic,,World Bookshelf; Civilizations Through Books; Civilization · Greece; Around the World in 52 Books; Heartbreaking Reads,Haynes returns to myth with another sharp classical lens.,medium,,Confirm exact title spelling (No Friend to This House). Auto-filled for Library OS; verify ISBN/pages/publisher before publishing.,,,0,
Divine Might,Natalie Haynes,,,want-to-read,,,Picador,,United Kingdom,English,,paperback,Nonfiction; Mythology,Goddesses; Power; Storytelling,Witty; Insightful,mythology retelling; divine politics,Greek goddesses; Natalie Haynes; level:intermediate,,World Bookshelf; Civilizations Through Books; Civilization · Greece; Around the World in 52 Books,Greek goddesses reconsidered with wit and clarity.,high,,Auto-filled for Library OS; verify ISBN/pages/publisher before publishing.,,,0,
The Odyssey,Homer,,9780393356250,want-to-read,,,W. W. Norton,,Greece,English,,paperback,Classics; Epic Poetry,Homecoming; Identity; Hospitality,Epic; Timeless,,Homer; Emily Wilson translation; gem:classic,,World Bookshelf; Civilizations Through Books; Civilization · Greece; Around the World in 52 Books,"Homer’s Odyssey in Emily Wilson’s clear, vital English.",high,,Author set to Homer; translator Emily Wilson noted in tags. Auto-filled for Library OS; verify ISBN/pages/publisher before publishing.,,,0,
Mahabharata Unravelled / Why We Are This Way,Ami Ganatra,,,want-to-read,,,Bloomsbury India,,India,English,,paperback @ India,Nonfiction; Indian Mythology,Dharma; Choice; Human Nature,Accessible; Thoughtful,,Mahabharata; India; level:intermediate,,India Bookshelf; Roots of Bharat; Indian Mythology Retellings,Reading the Mahabharata for what it says about us now.,medium,,Confirm exact book title in your edition (Ami Ganatra has Mahabharata Unravelled titles). Auto-filled for Library OS; verify ISBN/pages/publisher before publishing.,,,0,
Toba Tek Singh & Khol Do,Saadat Hasan Manto,,,want-to-read,,,,,India,Urdu,,paperback @ India,Short Stories; Literary Fiction,Partition; Madness; Violence,Brutal; Unforgettable,character-driven; interiority,Independence Day; India; level:intermediate,August,India Bookshelf; Partition Stories; Indian Literary Fiction,Two essential Manto stories of Partition’s human cost.,high,,Auto-filled for Library OS; verify ISBN/pages/publisher before publishing.,,,0,
Tamas,Bhisham Sahni,,9780143063711,want-to-read,,,,,India,Hindi,,paperback @ India,Historical Fiction; Literary Fiction,Communal Violence; Partition,Stark; Urgent,period setting; social constraints; character-driven; interiority,Independence Day; India; level:intermediate,August,India Bookshelf; Partition Stories; Indian Historical Fiction; Indian Literary Fiction,Partition’s darkness rendered with devastating clarity.,high,,Auto-filled for Library OS; verify ISBN/pages/publisher before publishing.,,,0,
This Is Not That Dawn (Jhootha Sach),Yashpal,,,want-to-read,,,,,India,Hindi,,paperback @ India,Historical Fiction; Literary Fiction,Partition; Politics; Family,Epic; Realist,period setting; social constraints; character-driven; interiority,Independence Day; India; level:intermediate,August,India Bookshelf; Partition Stories; Indian Historical Fiction; Indian Literary Fiction,Yashpal’s vast Partition novel of a Lahore family and a broken country.,high,,Auto-filled for Library OS; verify ISBN/pages/publisher before publishing.,,,0,
Basti,Intizar Husain,,,want-to-read,,,,,Pakistan,Urdu,,paperback @ India,Literary Fiction; Historical Fiction,Memory; Exile; Belonging,Dreamlike; Melancholic,character-driven; interiority; period setting; social constraints,Independence Day; India; level:intermediate; gem:classic,August,India Bookshelf; Partition Stories; Indian Historical Fiction; Indian Literary Fiction; Middle East & North Africa; Around the World in 52 Books; Heartbreaking Reads,Memory and migration after Partition — a modern Urdu classic.,high,,Corrected author spelling Intizar Husain. Auto-filled for Library OS; verify ISBN/pages/publisher before publishing.,,,0,
Lajwanti,Rajinder Singh Bedi,,,want-to-read,,,,,India,Urdu,,paperback @ India,Short Stories; Literary Fiction,Partition; Honour; Return,Quiet; Devastating,character-driven; interiority,Independence Day; India; level:intermediate,August,India Bookshelf; Partition Stories; Indian Literary Fiction; Heartbreaking Reads; Slow Literary,"A Partition masterpiece about return, silence, and shame.",high,,Auto-filled for Library OS; verify ISBN/pages/publisher before publishing.,,,0,
Peshawar Express,Krishan Chander,,,want-to-read,,,,,India,Urdu,,paperback @ India,Short Stories; Literary Fiction,Partition; Displacement,Tragic; Urgent,character-driven; interiority,Independence Day; India; level:intermediate; gem:classic,August,India Bookshelf; Partition Stories; Indian Literary Fiction; Heartbreaking Reads,A classic Partition story of a train and a nation split.,high,,Auto-filled for Library OS; verify ISBN/pages/publisher before publishing.,,,0,
Ice-Candy Man,Bapsi Sidhwa,,9781571310064,want-to-read,,,,,Pakistan,English,,paperback @ India,Historical Fiction; Literary Fiction,Partition; Childhood; Violence,Haunting; Unflinching,period setting; social constraints; character-driven; interiority,Independence Day; India; level:intermediate,August,India Bookshelf; Partition Stories; Indian Historical Fiction; Indian Literary Fiction; Middle East & North Africa; Around the World in 52 Books,Partition through a child’s eyes in Lahore — also known as Cracking India.,high,,Auto-filled for Library OS; verify ISBN/pages/publisher before publishing.,,,0,
Lihaaf (The Quilt) & Other Stories,Ismat Chughtai,,,want-to-read,,,,,India,Urdu,,paperback @ India,Short Stories; Literary Fiction,Gender; Desire; Society,Bold; Sharp,character-driven; interiority,Independence Day; India; level:intermediate,August,India Bookshelf; Indian Literary Fiction,Chughtai’s fierce short fiction of women’s inner lives.,medium,,Sheet title “Jadain” — confirm exact collection title in your edition. Auto-filled for Library OS; verify ISBN/pages/publisher before publishing.,,,0,
Sunlight on a Broken Column,Attia Hosain,,,want-to-read,,,,,India,English,,paperback @ India,Literary Fiction; Historical Fiction,Independence; Class; Womanhood,Elegant; Melancholic,character-driven; interiority; period setting; social constraints,Independence Day; India; level:intermediate,August,India Bookshelf; Indian Historical Fiction; Indian Literary Fiction; Heartbreaking Reads,A Lucknow coming-of-age against the end of an era.,high,,Auto-filled for Library OS; verify ISBN/pages/publisher before publishing.,,,0,
Amrit Kalash,Diya Narayan Upadhyaya,,,want-to-read,,,Rupa publication,,India,English,,paperback @ India,Indian Literature; Contemporary Fiction,Culture; Identity,Reflective,,India; Rupa,,India Bookshelf,An Indian literary title — confirm synopsis for your shelf notes.,low,,Auto-filled for Library OS; verify ISBN/pages/publisher before publishing.,,,0,
Lore,Alexandra Bracken,,9781484778203,want-to-read,,,Quill Tree Books,,United States,English,,paperback,Young Adult; Fantasy,Vengeance; Found Family; Power,Action-packed; Intense,coming of age; found identity; unique magic system; quest,YA fantasy; Greek gods,,World Bookshelf; Civilizations Through Books; Civilization · Greece; Around the World in 52 Books; Dark & Atmospheric,Gods hunted on Earth in a brutal modern Agon.,high,,Auto-filled for Library OS; verify ISBN/pages/publisher before publishing.,,,0,
Lies We Sing to the Sea,Sarah Underwood,,,want-to-read,,,Electric Monkey,,United Kingdom,English,,paperback,Young Adult; Fantasy,Sacrifice; Identity,Lyrical; Dark,coming of age; found identity; unique magic system; quest,YA; Greek mythology; level:intermediate,,World Bookshelf; Civilizations Through Books; Civilization · Greece; Around the World in 52 Books; Dark & Atmospheric,A YA mythic fantasy of sacrifice and song by the sea.,medium,,Auto-filled for Library OS; verify ISBN/pages/publisher before publishing.,,,0,
The Penelopiad,Margaret Atwood,,9781841957982,want-to-read,,,Canongate,,Canada,English,,paperback,Mythology Retelling; Literary Fiction,Voice; Justice; Myth,Witty; Sharp; Haunting,character-driven; interiority,Penelope; Odyssey; Atwood; level:intermediate,,World Bookshelf,Penelope (and the hanged maids) answer Homer.,high,,Corrected author spelling Atwood. Auto-filled for Library OS; verify ISBN/pages/publisher before publishing.,,,0,
The Shadow of Perseus,Claire Heywood,,,want-to-read,,,Hodder & Stoughton,,United Kingdom,English,,paperback,Mythology Retelling; Historical Fiction,Heroes; Mothers; Truth,Dramatic; Revisionist,period setting; social constraints,Perseus; Greek mythology; level:intermediate,,World Bookshelf; Civilizations Through Books; Civilization · Greece; Around the World in 52 Books,Perseus through the women who shaped and survived him.,medium,,Corrected from “houser of perseus” → The Shadow of Perseus. Auto-filled for Library OS; verify ISBN/pages/publisher before publishing.,,,0,
Daughters of Sparta,Claire Heywood,,,want-to-read,,,Hodder & Stoughton,,United Kingdom,English,,paperback,Mythology Retelling; Historical Fiction,Sisterhood; Duty; Desire,Lush; Emotional,period setting; social constraints,Helen; Clytemnestra; level:intermediate,,World Bookshelf; Heartbreaking Reads,Helen and Clytemnestra before (and toward) Troy.,high,,Auto-filled for Library OS; verify ISBN/pages/publisher before publishing.,,,0,
Ithaca,Claire North,,,want-to-read,,,Orbit,The Songs of Penelope,United Kingdom,English,,paperback,Mythology Retelling; Fantasy,Queenship; Strategy; Waiting,Cunning; Atmospheric,unique magic system; quest,Penelope; Odyssey; level:intermediate,,World Bookshelf; Dark & Atmospheric,"While Odysseus wanders, Penelope plays the longer game.",high,,Auto-filled for Library OS; verify ISBN/pages/publisher before publishing.,,,0,
House of Odysseus,Claire North,,,want-to-read,,,Orbit,The Songs of Penelope,United Kingdom,English,,paperback,Mythology Retelling; Fantasy,Loyalty; Power; Storytelling,Clever; Epic,unique magic system; quest,Penelope; Odyssey; level:intermediate,,World Bookshelf,"Ithaca’s intrigues continue — sharp, mythic, modern.",high,,Auto-filled for Library OS; verify ISBN/pages/publisher before publishing.,,,0,
The Voyage Home,Pat Barker,,,want-to-read,,,Hamish Hamilton,Women of Troy,United Kingdom,English,,paperback,Historical Fiction; Mythology Retelling,War; Homecoming; Trauma,Stark; Powerful,period setting; social constraints,Trojan War; Pat Barker; level:intermediate,,World Bookshelf,"After Troy — the long, unfinished voyage home.",high,,Auto-filled for Library OS; verify ISBN/pages/publisher before publishing.,,,0,
Medusa,Rosie Hewlett,,,want-to-read,,,,,United Kingdom,English,,paperback,Mythology Retelling; Fantasy,Monstrosity; Agency; Betrayal,Dark; Empowering,unique magic system; quest,Medusa; Greek mythology; level:intermediate,,World Bookshelf; Civilizations Through Books; Civilization · Greece; Around the World in 52 Books; Dark & Atmospheric,Medusa’s origin beyond the monster myth.,medium,,Auto-filled for Library OS; verify ISBN/pages/publisher before publishing.,,,0,
The Children of Jocasta,Natalie Haynes,,,want-to-read,,,Mantle,,United Kingdom,English,,paperback,Mythology Retelling; Literary Fiction,Family; Fate; Motherhood,Tragic; Intimate,character-driven; interiority,Jocasta; Oedipus; level:intermediate,,World Bookshelf; Heartbreaking Reads,Theban tragedy retold through Jocasta and Ismene.,high,,Auto-filled for Library OS; verify ISBN/pages/publisher before publishing.,,,0,
Pandora's Jar,Natalie Haynes,,9781529065329,want-to-read,,,Picador,,United Kingdom,English,,paperback,Nonfiction; Mythology,Women in Myth; Storytelling,Witty; Illuminating,mythology retelling; divine politics,Greek mythology; Pandora; level:intermediate,,World Bookshelf; Civilizations Through Books; Civilization · Greece; Around the World in 52 Books,How women of Greek myth were framed — and how to reread them.,high,,Corrected title spelling. Auto-filled for Library OS; verify ISBN/pages/publisher before publishing.,,,0,
Clytemnestra,Costanza Casati,,9780241554746,want-to-read,,448,Michael Joseph,,Italy,English,,paperback,Mythology Retelling; Historical Fiction,Revenge; Power; Womanhood,Dark; Fierce; Propulsive,period setting; social constraints,Greek mythology; Clytemnestra; level:intermediate,,World Bookshelf; Civilizations Through Books; Civilization · Greece; Around the World in 52 Books; Dark & Atmospheric,A blistering reclamation of Clytemnestra’s story.,high,,Auto-filled for Library OS; verify ISBN/pages/publisher before publishing.,,,0,
This Immortal Heart,Jennifer Saint,,,want-to-read,,,,,United Kingdom,English,,paperback,Mythology Retelling; Literary Fiction,Love; Mortality,Lyrical,character-driven; interiority,Greek mythology; level:intermediate,,World Bookshelf; Civilizations Through Books; Civilization · Greece; Around the World in 52 Books; Slow Literary,Verify title — uncommon among Saint’s known mythology novels.,low,,Could not confidently match to Ariadne/Atalanta/Elektra/Hera. Please confirm title.,,,0,
Hera,Jennifer Saint,,,want-to-read,,,Wildfire,,United Kingdom,English,,paperback,Mythology Retelling; Literary Fiction,Power; Marriage; Divinity,Regal; Intense,character-driven; interiority,Greek mythology; Hera; level:intermediate,,World Bookshelf; Civilizations Through Books; Civilization · Greece; Around the World in 52 Books; Dark & Atmospheric,Queen of the gods — told from her own throne.,high,,Auto-filled for Library OS; verify ISBN/pages/publisher before publishing.,,,0,
Atalanta,Jennifer Saint,,9781472292155,want-to-read,,368,Wildfire,,United Kingdom,English,,paperback,Mythology Retelling; Literary Fiction,Freedom; Ambition; Belonging,Adventurous; Fierce,character-driven; interiority,Greek mythology; Atalanta; level:intermediate,,World Bookshelf; Civilizations Through Books; Civilization · Greece; Around the World in 52 Books,The legendary huntress reclaiming her own myth.,high,,Auto-filled for Library OS; verify ISBN/pages/publisher before publishing.,,,0,
Ariadne,Jennifer Saint,,9781472273895,want-to-read,,304,Wildfire,,United Kingdom,English,,paperback,Mythology Retelling; Literary Fiction,Agency; Sisterhood; Betrayal,Lyrical; Tragic; Empowering,character-driven; interiority,Greek mythology; Ariadne; level:intermediate,,World Bookshelf; Civilizations Through Books; Civilization · Greece; Around the World in 52 Books; Heartbreaking Reads; Slow Literary,"Ariadne beyond the labyrinth — love, betrayal, and what comes after.",high,,Auto-filled for Library OS; verify ISBN/pages/publisher before publishing.,,,0,
The Ministry of Utmost Happiness,Arundhati Roy,,9780200000000,read,5,464,Penguin,,India,English,owned,paperback @ India,Literary Fiction; Contemporary,Identity; Belonging,Heartbreaking; Lyrical,character-driven; interiority,Independence Day; India; level:intermediate,August,India Bookshelf; Indian Literary Fiction; States Through Stories; Kashmir Stories; Heartbreaking Reads; Slow Literary,"A sprawling, tender novel of Kashmir and Delhi.",high,Perfect for readers who want India beyond the tourist gaze.,,,2024-10-01,0,
Where the Library Hides,Isabel Ibañez,,,want-to-read,,384,Wednesday Books,Secrets of the Nile #2,Egypt,English,,,Book Review; Historical Fantasy; Young Adult; Romance,betrayal; heritage; identity; magic; revenge; trust,adventurous; mysterious; romantic; atmospheric; tense,rivals to lovers; forced proximity; secret library; heist,YA fantasy; Latina author; Egyptian setting; historical romance; book club pick; sequel,Autumn read; Hispanic Heritage Month,World Bookshelf; Civilizations Through Books; Civilization · Egypt; Around the World in 52 Books; Middle East & North Africa; Dark & Atmospheric,"An intoxicating blend of historical mystery, ancient magic, and swoon-worthy romance set in 19th-century Egypt.",,,Imported from site book directory,,2026-07-23,0,
What the River Knows,Isabel Ibañez,,,want-to-read,,400,Wednesday Books,Secrets of the Nile #1,Egypt,English,,,Mythology; Mystery; Fiction; Thriller; Historical Fiction; Fantasy,grief; family secrets; colonialism; ancient magic; identity,atmospheric; adventurous; mysterious; romantic,rivals to lovers; expedition; ancient artifact,YA fantasy; Egyptian setting; Latina author; historical fantasy; book club pick; Hispanic Heritage Month; level:intermediate,Autumn; Hispanic Heritage Month; rainy day read,World Bookshelf; Civilizations Through Books; Civilization · Egypt; Around the World in 52 Books; Middle East & North Africa; Dark & Atmospheric; Page-Turners,"An enchanting, atmospheric historical fantasy filled with Egyptian archaeology, dark mysteries, and a captivating rivals-to-lovers romance.",,,Imported from site book directory,,2026-07-23,0,
Vishnu Purana,Bibek Debroy,,,want-to-read,,,Penguin Random House India,,India,Sanskrit,,,Hindu scriptures; indian scriptures; Santana scriptures; Indian Mythology; Mythology; Historical Fiction; Indian Literatures; Non-Fiction; Classics,cosmology; dharma; devotion; creation; good vs evil; genealogy,reflective; philosophical; majestic; informative,creation myth; cosmic cycle; divine intervention,Indian author; translated text; Hindu scriptures; Indian mythology; Bibek Debroy translation; ancient history; spiritual reading; level:intermediate; gem:classic,Diwali; Navratri,India Bookshelf; Roots of Bharat; Indian Mythology Retellings; Indian Historical Fiction,"An essential reading for anyone seeking an authentic, scholarly entry into ancient Hindu mythology and cosmology.",,,Imported from site book directory,,2026-07-23,0,
Valmiki Ramayana,Valmiki,,,want-to-read,,,,,India,Sanskrit,,,Indian Mythology; Historical Fiction; Indian Literature; Literary Fiction; Non-Fiction; Mythology; Epic Poetry; Classics,dharma; devotion; exile; good vs evil; loyalty; duty; honor,epic; reverent; dramatic; philosophical,the hero's journey; exiled royalty; abduction and rescue; righteous battle,Indian author; classic literature; epic poem; Diwali reading; ancient text; Hindu mythology; translated fiction; level:intermediate; gem:classic,Diwali; Dussehra; Ram Navami,India Bookshelf; Roots of Bharat; Indian Mythology Retellings; Indian Historical Fiction; Indian Literary Fiction,"A foundational masterpiece of world literature exploring virtue, sacrifice, and the enduring triumph of dharma.",,,Imported from site book directory,,2026-07-23,0,
Tuesdays with Morrie,Mitch Albom,,,want-to-read,,192,Doubleday,,United States,English,,,Nonfiction; Memoir,death and dying; life lessons; mentorship; friendship; aging; meaning of life,bittersweet; reflective; inspiring; emotional; poignant,mentor and protégé,inspirational read; book club pick; short read; under 200 pages; life wisdom; teacher student bond; grad gift idea,Graduation season; New Year fresh start; Teachers' Day; autumn read,World Bookshelf; Heartbreaking Reads,"A deeply touching, fast read that offers timeless wisdom on how to live a truly meaningful life.",,,Imported from site book directory,,2026-07-23,0,
The Yoga Sutras of Patanjali  (Translation & Commentary),Swami Satchidananda,,,want-to-read,,272,Integral Yoga Publications,,India,Sanskrit,,,Nonfiction; Philosophy; Spirituality,mindfulness; self-realization; meditation; inner peace; spiritual growth; mental discipline,reflective; calm; inspiring; enlightening,,yoga philosophy; Indian classic; mindfulness read; spiritual guide; translated text; personal growth; level:beginner; gem:classic,International Day of Yoga; New Year fresh start,India Bookshelf,An accessible and essential roadmap for anyone looking to understand the deeper mental and spiritual dimensions of yoga.,,,Imported from site book directory,,2026-07-23,0,
The Wonder That Was India,A.L. Basham,,,want-to-read,,570,Rupa & Co.,,India,English,,,Non-Fiction; History,ancient civilizations; cultural heritage; religion and philosophy; art and literature; social history,informative; comprehensive; scholarly,,Indian history; ancient history; Indology classic; Indian culture; history buff read; essential history; level:advanced; gem:classic,Independence Day; Republic Day; Asian Heritage Month,India Bookshelf,"The ultimate foundational guide to the rich heritage, religion, and history of ancient India.",,,Imported from site book directory,,2026-07-23,0,
The Women of Troy,Pat Barker,,,want-to-read,,304,Penguin Books,Silence of the Girls #2,Ancient Greece,English,,,Book Review; Historical Fiction; Mythology; Literary Fiction,war; survival; female agency; grief; trauma; captivity,dark; atmospheric; solemn; intense,mythology retelling; aftermath of war,Greek mythology retelling; feminist fiction; Trojan War; book club pick; women's voices; British author; level:intermediate,Women's History Month; autumn read; rainy day read,World Bookshelf; Civilizations Through Books; Civilization · Greece; Around the World in 52 Books; Dark & Atmospheric,A powerful and unsparing feminist retelling of the Trojan War's grim aftermath through the eyes of the women who survived it.,,,Imported from site book directory,,2026-07-23,0,
The Widows of Malabar Hill,Sujata Massey,,,want-to-read,,385,Soho Crime,Perveen Mistry #1,India,English,,,Historical Fiction; Mystery,women's rights; justice; tradition vs modernity; female empowerment; religious traditions,atmospheric; intriguing; suspenseful; reflective,amateur sleuth; trailblazing protagonist; locked-room mystery,1920s India; female lawyer; book club pick; historical mystery; diverse voices; Asian author; Bombay setting,Women's History Month; AAPI Heritage Month; autumn read,India Bookshelf; Indian Historical Fiction; Dark & Atmospheric; Page-Turners,An atmospheric historical whodunit featuring a brilliant and trailblazing female sleuth navigating 1920s Bombay.,,,Imported from site book directory,,2026-07-23,0,
The White Tiger,Aravind Adiga,,,want-to-read,,272,Atlantic Books,,India,English,,,Contemporary Fiction; Fiction; Indian Literature; Literary Fiction; Satire,class struggle; poverty; corruption; ambition; social mobility; morality,dark; cynical; witty; provocative; intense,rags to riches; anti-hero; corrupt system,Man Booker Prize winner; Indian author; dark satire; book club pick; epistolary novel; social commentary; level:intermediate; gem:classic,Summer read,India Bookshelf; Indian Literary Fiction; Dark & Atmospheric,A darkly hilarious and razor-sharp satire exploring India's class divide and the ruthless cost of breaking free from servitude.,,,Imported from site book directory,,2026-07-23,0,
The Upanishads  (Translation),Eknath Easwaran,,,want-to-read,,384,Nilgiri Press,,India,Sanskrit,,,Nonfiction; Philosophy; Religion & Spirituality,spiritual enlightenment; nature of reality; consciousness; self-realization; wisdom; meditation,reflective; contemplative; inspiring; philosophical; peaceful,,Indian author; classic spiritual text; translated text; ancient wisdom; nonfiction pick; mindfulness; self-improvement; gem:classic,New Year reset; International Day of Yoga; Diwali; autumn reflection,India Bookshelf,An essential and beautifully translated guide to timeless Eastern wisdom on the nature of existence and self-discovery.,,,Imported from site book directory,,2026-07-23,0,
The Untold Story of Sita,Dena Merriam,,,want-to-read,,,,,India,English,,,Indian Mythology; Historical Fiction; Indian Literature; Literary Fiction; Non-Fiction,grief; identity; mythology; culture,heartbreaking; hopeful,period setting; social constraints; character-driven; interiority,Indian author; mythology story; book club pick; translated fiction; level:intermediate; gem:classic,Diwali; Women's History Month,India Bookshelf; Roots of Bharat; Indian Mythology Retellings; Indian Historical Fiction; Indian Literary Fiction; The Epic Project; Epic · Sita; Heartbreaking Reads; Comfort Reads,A beautifully written retelling of a classic mythological tale.,,,Imported from site book directory,,2026-07-23,0,
The Travelling Cat Chronicles,Hiro Arikawa,,,want-to-read,,288,Doubleday,,Japan,Japanese,,,Literary Fiction; Contemporary Fiction,friendship; loyalty; grief; road trip; nostalgia; unconditional love,heartwarming; bittersweet; emotional; reflective,animal perspective; road trip,Japanese literature; translated fiction; cat lovers; emotional read; book club pick; road trip story; level:intermediate,Autumn; rainy day read; National Cat Day,World Bookshelf; Civilizations Through Books; Civilization · Japan; Around the World in 52 Books; East Asia Shelf; Heartbreaking Reads; Comfort Reads; Slow Literary,"A deeply poignant, charming story about the life-changing bond between a man and his stray cat.",,,Imported from site book directory,,2026-07-23,0,
The Time Traveller Who Could Not get Laid,Abhishek Tripathi,,,want-to-read,,,,,India,English,,,Book Review; Indian Mythology; Historical Fiction; Literary Fiction; Fantasy; Speculative Fiction; Mystery; Archaeological Fiction; Magical Realism; Science Fiction; Humor,dating; loneliness; time travel; misadventures; absurdity of life,funny; witty; quirky; lighthearted; satirical,time travel; unlucky in love; fish out of water,Indian author; sci-fi comedy; time travel story; humorous fiction; bachelor life; quick read; light reading; level:intermediate,summer read; weekend read; Valentine's Day,India Bookshelf; Roots of Bharat; Indian Mythology Retellings; Indian Historical Fiction; Indian Literary Fiction; Page-Turners,A hilarious sci-fi comedy about the relatable misadventures of dating across history.,,,Imported from site book directory,,2026-07-23,0,
The Thousand Faces of Night,Githa Hariharan,,,want-to-read,,140,Penguin Books,,India,English,,,Indian Literature; Contemporary Fiction; Fiction; Literary Fiction,womanhood; motherhood; patriarchy; identity; tradition vs modernity; mythology,reflective; melancholic; atmospheric; thought-provoking,return to roots,Indian author; feminist fiction; Commonwealth Writers Prize; book club pick; under 200 pages; mythology elements; level:intermediate,Women's History Month; monsoon read,India Bookshelf; Roots of Bharat; Indian Mythology Retellings; Indian Literary Fiction; Heartbreaking Reads; Dark & Atmospheric; Slow Literary,"A lyrical, poignant exploration of Indian womanhood that weaves traditional Hindu mythology into contemporary struggles for independence.",,,Imported from site book directory,,2026-07-23,0,
The Secret History,Donna Tart,,,want-to-read,,559,Alfred A. Knopf,,United States,English,,,Classics; Fiction; Literary Fiction; Thriller; Mystery,obsession; morality; guilt; class dynamics; intellectual hubris; isolation,atmospheric; dark; tense; melancholy,unreliable narrator; secret society; murder mystery; elite institution,Dark Academia staple; autumn read; book club pick; campus novel; unreliable narrator; modern classic; literary thriller; level:advanced; gem:classic,Autumn; Winter; Back to School,World Bookshelf; Heartbreaking Reads; Dark & Atmospheric; Page-Turners,"The quintessential Dark Academia novel exploring obsession, morality, and the consequences of intellectual hubris.",,,Imported from site book directory,,2026-07-23,0,
The Scent of God,Saikat Majumdar,,,want-to-read,,256,Simon & Schuster India,,India,English,,,Literary Fiction; Coming-of-Age,spirituality; sexuality; devotion; identity; boarding school life; faith and desire,atmospheric; introspective; melancholic; sensual,forbidden love; boarding school setting,Indian author; queer literature; LGBTQ+ fiction; Pride Month read; book club pick; sensory prose; level:intermediate,Pride Month; monsoon read; autumn read,India Bookshelf; Indian Literary Fiction; Heartbreaking Reads; Dark & Atmospheric,"A haunting and sensory exploration of the tender, conflicted space where sacred faith meets forbidden desire.",,,Imported from site book directory,,2026-07-23,0,
The Remains of the Day,Kazuo Ishiguro,,,want-to-read,,258,Faber and Faber,,United Kingdom,English,,,Literary Fiction; Historical Fiction,duty and loyalty; regret; repressed emotion; class system; memory; unrequited love,melancholic; reflective; pensive; atmospheric; bittersweet,unreliable narrator; duty vs desire,Nobel Prize winner; Man Booker Prize winner; British literature; book club pick; character study; road trip; 20th century history; level:intermediate; gem:classic,Autumn; rainy day read; Winter,World Bookshelf; Heartbreaking Reads; Dark & Atmospheric; Slow Literary,A masterclass in quiet tragedy and subtle heartbreak about a life sacrificed on the altar of duty.,,,Imported from site book directory,,2026-07-23,0,
The Reading List,Sara Nisha Adams,,,want-to-read,,384,William Morrow,,United Kingdom,English,,,Literary Fiction; Contemporary Fiction,grief; power of books; intergenerational friendship; community; mental health; loneliness,heartwarming; emotional; hopeful; bittersweet,unlikely friendship; found family,books about books; book club pick; British fiction; library story; South Asian representation; comfort read; level:intermediate,National Library Week; Mental Health Awareness Month; rainy day read,World Bookshelf; Heartbreaking Reads; Comfort Reads,"A heartwarming celebration of libraries, books, and the unexpected friendships that save us.",,,Imported from site book directory,,2026-07-23,0,
The Ramayana,R.K. Narayan,,,want-to-read,,176,Penguin Classics,,India,English,,,Indian Mythology; Historical Fiction; Indian Literature; Literary Fiction; Non-Fiction; Mythology; Classics,dharma and duty; good vs evil; loyalty and devotion; exile; honor and sacrifice,epic; philosophical; reflective; timeless,hero's journey; exiled prince; quest,Indian author; Diwali read; classic retelling; under 200 pages; book club pick; Indian literature; short classic; level:beginner; gem:classic,Diwali; Dussehra; Autumn reads,India Bookshelf; Roots of Bharat; Indian Mythology Retellings; Indian Historical Fiction; Indian Literary Fiction; Slow Literary,"An essential, highly accessible gateway to one of the world's greatest epics, distilled with R.K. Narayan's signature grace.",,,Imported from site book directory,,2026-07-23,0,
The Prophet,Kahlil Gibran,,,want-to-read,,107,Alfred A. Knopf,,Lebanon,English,,,Poetry; Philosophy; Classics,love; freedom; work; marriage; joy and sorrow; death; spirituality,reflective; inspiring; peaceful; philosophical; contemplative,,classic literature; Lebanese author; short read; gift book; life wisdom; poetic prose; under 150 pages; gem:classic,New Year; graduation season; rainy day read; National Poetry Month,World Bookshelf; Middle East & North Africa; Around the World in 52 Books,A beautifully written masterpiece of spiritual philosophy and prose poetry that offers quiet wisdom for life's biggest questions.,,,Imported from site book directory,,2026-07-23,0,
The Palace of Illusions,Chitra Banerjee Divakaruni,,,want-to-read,,,,,India,English,,,Fiction; Mythology; Literary Fiction,identity; family; love; war; self-discovery,atmospheric; emotional; hopeful,mythology retelling; divine politics; character-driven; interiority,Indian author; mythology retelling; book club pick; translated fiction; level:intermediate,Diwali; Women's History Month,India Bookshelf; Roots of Bharat; Indian Mythology Retellings; Indian Literary Fiction; Heartbreaking Reads; Comfort Reads; Dark & Atmospheric,A beautifully written retelling of the Mahabharata that explores the complexities of female identity and experience.,,,Imported from site book directory,,2026-07-23,0,
The Midnight Library,Matt Haig,,,want-to-read,,,,,United Kingdom,English,,,Literary Fiction; Fantasy,death; regret; choice; self-discovery,contemplative; hopeful; emotional,character-driven; interiority; unique magic system; quest,book club pick; existential crisis; death story; fable; translated fiction; level:intermediate,World Book Day,World Bookshelf; Heartbreaking Reads; Comfort Reads,A thought-provoking and emotional journey about the choices we make and the lives we lead.,,,Imported from site book directory,,2026-07-23,0,
The Mahabharata (Penguin Classics Abridged),Ramesh Menon,,,want-to-read,,,,,India,Sanskrit,,,Mythology; Classics,duty; honor; war; family; fate,epic; atmospheric; thought-provoking,mythology retelling; divine politics,Indian mythology; Penguin Classics; abridged version; translated fiction; classics; level:intermediate; gem:classic,Diwali; Navratri,India Bookshelf; Roots of Bharat; Indian Mythology Retellings; Dark & Atmospheric,"A condensed yet epic retelling of the Mahabharata, perfect for those interested in Indian mythology.",,,Imported from site book directory,,2026-07-23,0,
The Lives of Others,Neel Mukherjee,,,want-to-read,,,,,India,English,,,Literary Fiction; Historical Fiction,grief; identity; partition; war,heartbreaking; hopeful,character-driven; interiority; period setting; social constraints; historical trauma,Indian author; partition story; book club pick; translated fiction; level:intermediate,,India Bookshelf; Partition Stories; Indian Historical Fiction; Indian Literary Fiction; Heartbreaking Reads; Comfort Reads,A beautifully written and deeply moving exploration of the human experience.,,,Imported from site book directory,,2026-07-23,0,
The Last House on Needless Street,Catriona Ward,,,want-to-read,,,,,United Kingdom,English,,,Horror; Psychological Thriller; Domestic Thriller,trauma; family; darkness; obsession; isolation,atmospheric; dark; intense,,British author; dark fiction; book club pick; twisty plot; domestic thriller; psychological suspense,Halloween; autumn read,World Bookshelf; Dark & Atmospheric; Page-Turners,A twisted and suspenseful domestic thriller that will keep you on the edge of your seat.,,,Imported from site book directory,,2026-07-23,0,
The Land of Lost Gods,Ahmet Ümit,,,want-to-read,,,,,Turkey,Turkish,,,Mythological Thriller; Crime Fiction; Historical Mystery; Mythology; Thriller; Mystery; Historical Fiction; Indian Mythology; Literary Fiction; Fantasy; Speculative Fiction; Archaeological Fiction; Magical Realism,grief; identity; mythology; culture,atmospheric; dark,mythology retelling; divine politics; twist ending; unreliable narrator; whodunit; red herrings,Indian author; mythology story; book club pick; translated fiction; level:intermediate,,India Bookshelf; Roots of Bharat; Indian Mythology Retellings; Indian Historical Fiction; Indian Literary Fiction; Middle East & North Africa; Around the World in 52 Books; Dark & Atmospheric; Page-Turners,A gripping and atmospheric read that will transport you to the world of Turkish mythology.,,,Imported from site book directory,,2026-07-23,0,
The Kind Worth Killing,Peter Swanson,,,want-to-read,,,,,United States,English,,,Thriller; Psychological Thriller,obsession; marriage; infidelity; murder; revenge,dark; twisty; gripping,cat and mouse game; marital problems,book club pick; thriller; domestic thriller; twisty plot; murder mystery,rainy day read,World Bookshelf; Dark & Atmospheric; Page-Turners,"A twisty, gripping thriller about a marriage that's not what it seems.",,,Imported from site book directory,,2026-07-23,0,
The Island of Missing Trees,Elif Shafak,,,want-to-read,,,,,Turkey,Turkish,,,Literary Fiction; Mythology,identity; belonging; nature; environmentalism; culture,atmospheric; contemplative; hopeful,character-driven; interiority; mythology retelling; divine politics,Turkish author; Olympus; Greek mythology; book club pick; translated fiction; level:intermediate,Earth Day; Environmental Awareness Month,World Bookshelf; Civilizations Through Books; Civilization · Greece; Around the World in 52 Books; Middle East & North Africa; Comfort Reads; Dark & Atmospheric,A beautifully written and timely exploration of our relationship with nature.,,,Imported from site book directory,,2026-07-23,0,
The Inheritance of Loss,Kiran Desai,,,want-to-read,,,,,India,English,,,Contemporary Fiction; Fiction; Indian Literature,identity; class; culture; displacement; loss,heartbreaking; hopeful; atmospheric,,Indian author; book club pick; translated fiction; literary fiction; South Asian literature; level:intermediate,Diwali; Women's History Month,India Bookshelf; Indian Literary Fiction; Heartbreaking Reads; Comfort Reads; Dark & Atmospheric,"A beautifully written exploration of identity, class, and culture in modern India.",,,Imported from site book directory,,2026-07-23,0,
The Indus Civilization,Gregory L. Possehl,,,want-to-read,,,,,South Asia,,,,Non-Fiction; History,,,,ancient history; archaeology; book club pick; non-fiction; history book,,World Bookshelf,A comprehensive history of the Indus Valley Civilization.,,,Imported from site book directory,,2026-07-23,0,
The Holy Geeta,Swami Chinmayananda,,,want-to-read,,,,,India,Sanskrit,,,Philosophy; Spirituality; Self-Help,spirituality; self-discovery; personal growth,inspirational; thought-provoking; uplifting,,Indian author; Hindu scripture; spiritual text; self-help; philosophy,,India Bookshelf; Comfort Reads,A profound and inspiring guide to living a meaningful life.,,,Imported from site book directory,,2026-07-23,0,
The Henna Artist,Alka Joshi,,,want-to-read,,,,,India,English,,,Historical Fiction; Literary Fiction,identity; family; culture; tradition; empowerment,heartwarming; inspirational; atmospheric,period setting; social constraints; character-driven; interiority,Indian author; family saga; book club pick; women's fiction; cultural heritage; level:intermediate,Diwali; Women's History Month,India Bookshelf; Indian Historical Fiction; Indian Literary Fiction; Comfort Reads; Dark & Atmospheric,"A beautifully written story of identity, family, and cultural heritage.",,,Imported from site book directory,,2026-07-23,0,
The Great Alone,Kristin Hannah,,,want-to-read,,,,,United States,English,,,Historical Fiction; Literary Fiction; Romance,grief; identity; love; war; survival,heartbreaking; hopeful; atmospheric,period setting; social constraints; character-driven; interiority; slow burn; emotional payoff,WWII story; Alaska setting; book club pick; women's fiction; historical romance; level:intermediate,Women's History Month; Mother's Day,World Bookshelf; Heartbreaking Reads; Comfort Reads; Dark & Atmospheric,A sweeping historical romance that explores the human spirit's capacity for love and resilience.,,,Imported from site book directory,,2026-07-23,0,
The Golden Son,Shilpi Somaya Gowda,,,want-to-read,,,,,India,English,,,Literary Fiction; Historical Fiction,family; identity; culture; tradition; motherhood,heartbreaking; hopeful; emotional,character-driven; interiority; period setting; social constraints,Indian author; Indian setting; book club pick; translated fiction; family drama; level:intermediate,Diwali; Mother's Day,India Bookshelf; Indian Historical Fiction; Indian Literary Fiction; Heartbreaking Reads; Comfort Reads,A beautifully written exploration of mother-daughter relationships and cultural identity.,,,Imported from site book directory,,2026-07-23,0,
The Golden Mystery Dwarka,Shraddha Poppat,,,want-to-read,,,,,India,English,,,Book Review; Mystery,cultural heritage; self-discovery; Indian culture,intriguing; thought-provoking,whodunit; red herrings,Indian author; mystery novel; book club pick; cultural exploration,,India Bookshelf; Page-Turners,Unravel the secrets of Dwarka in this engaging mystery novel.,,,Imported from site book directory,,2026-07-23,0,
The Far Field,Madhuri Vijay,,,want-to-read,,,,,India,English,,,Literary Fiction; Historical Fiction,grief; identity; partition; war,heartbreaking; hopeful,character-driven; interiority; period setting; social constraints; historical trauma,Indian author; partition story; book club pick; translated fiction; under 300 pages; level:intermediate,Diwali; Women's History Month,India Bookshelf; Partition Stories; Indian Historical Fiction; Indian Literary Fiction; Heartbreaking Reads; Comfort Reads,"A poignant and thought-provoking exploration of identity, grief, and the complexities of human experience.",,,Imported from site book directory,,2026-07-23,0,
The Door-to-Door Bookstore,Carsten Henn,,,want-to-read,,,,,Germany,,,,Literary Fiction,small town life; bookstores; community,heartwarming; inspiring,character-driven; interiority,bookstore story; small town fiction; book lovers; community building; level:intermediate,,World Bookshelf; Comfort Reads,A feel-good story about the power of books to unite people.,,,Imported from site book directory,,2026-07-23,0,
The Difficulty of Being Good,Gurcharan Das,,,want-to-read,,,,,India,English,,,Philosophy; Self-Help; Memoir,morality; ethics; self-discovery; spirituality,inspirational; thought-provoking; reflective,personal reckoning; voice-driven,Indian author; memoir; self-help; philosophy; book club pick,,India Bookshelf,A deeply personal and philosophical exploration of what it means to be good.,,,Imported from site book directory,,2026-07-23,0,
The Devotion of Suspect X,Keigo Higashino,,,want-to-read,,,,,Japan,Japanese,,,Mystery; Thriller,obsession; investigation; mathematics,intense; thought-provoking,whodunit; red herrings; twist ending; unreliable narrator,Japanese author; translated fiction; mathematics in fiction; book club pick,,World Bookshelf; Civilizations Through Books; Civilization · Japan; Around the World in 52 Books; East Asia Shelf; Dark & Atmospheric; Page-Turners,"A gripping, intellectual thriller that will keep you guessing until the end.",,,Imported from site book directory,,2026-07-23,0,
The Covenant of Water,Abraham Verghese,,,want-to-read,,,,,India,English,,,Literary Fiction; Historical Fiction,identity; family; community; social class; cultural heritage,heartbreaking; hopeful; atmospheric,character-driven; interiority; period setting; social constraints,Indian author; Indian setting; book club pick; translated fiction; historical fiction; level:intermediate,Diwali; Indian Independence Day,India Bookshelf; Indian Historical Fiction; Indian Literary Fiction; Heartbreaking Reads; Comfort Reads; Dark & Atmospheric,"A poignant and thought-provoking exploration of family, culture, and identity.",,,Imported from site book directory,,2026-07-23,0,
The Complete Works of Swami Vivekananda,Swami Vivekananda,,,want-to-read,,,,,India,Bengali,,,Philosophy; Spirituality; Biography,self-discovery; spiritual growth; Indian culture,inspirational; thought-provoking; reflective,,Indian author; spiritual non-fiction; self-help; book club pick; translated non-fiction,World Philosophy Day; Diwali,India Bookshelf,A must-read for anyone seeking spiritual growth and self-discovery.,,,Imported from site book directory,,2026-07-23,0,
The Book That Wouldn't Burn,Mark Lawrence,,,want-to-read,,,,,United States,English,,,Fantasy; Literary Fiction,power; corruption; identity; morality,atmospheric; dark; thought-provoking,unique magic system; quest; character-driven; interiority,book club pick; dark fantasy; literary fiction; translated fiction; level:intermediate,,World Bookshelf; Dark & Atmospheric,A gripping and thought-provoking exploration of the human condition.,,,Imported from site book directory,,2026-07-23,0,
The Book That Broke the World,Mark Lawrence,,,want-to-read,,,,,United States,English,,,Fantasy; Science Fiction,apocalypse; survival; power; corruption,gripping; dark; thought-provoking,chosen one; dystopian world,book club pick; post-apocalyptic fiction; epic fantasy; translated fiction; under 300 pages,Halloween; World Book Day,World Bookshelf; Dark & Atmospheric,A gripping and thought-provoking post-apocalyptic epic that will leave you questioning the very fabric of society.,,,Imported from site book directory,,2026-07-23,0,
The Blue Bedspread,Raj Kamal Jha,,,want-to-read,,,,,India,Hindi,,,Literary Fiction; Indian Literature,family; identity; social class,heartbreaking; hopeful,character-driven; interiority,Indian author; family drama; book club pick; translated fiction; level:intermediate,,India Bookshelf; Indian Literary Fiction; Heartbreaking Reads; Comfort Reads,A beautifully written exploration of family dynamics and social class in India.,,,Imported from site book directory,,2026-07-23,0,
The Arrows of Ayodhya,Raman Sharma,,,want-to-read,,,,,India,English,,,Book Review; Historical Fiction; Literary Fiction,grief; identity; partition; war,heartbreaking; hopeful,period setting; social constraints; character-driven; interiority; historical trauma,Indian author; partition story; book club pick; translated fiction; level:intermediate,Diwali; Independence Day,India Bookshelf; Partition Stories; Indian Historical Fiction; Indian Literary Fiction; Heartbreaking Reads; Comfort Reads,"A powerful exploration of identity, grief, and the human cost of war.",,,Imported from site book directory,,2026-07-23,0,
That Long Silence,Shashi Deshpande,,,want-to-read,,,,,India,English,,,Indian Literature; Contemporary Fiction; Fiction; Literary Fiction,identity; family; social class,heartbreaking; hopeful,character-driven; interiority,Indian author; family drama; coming of age; book club pick; translated fiction; level:intermediate,,India Bookshelf; Indian Literary Fiction; Heartbreaking Reads; Comfort Reads,A powerful and moving exploration of family dynamics and social class in India.,,,Imported from site book directory,,2026-07-23,0,
Tara (The Sati Series V),Koral Das Gupta,,,want-to-read,,,,The Sati Series,India,English,,,Female retellings; historical retellings; Indian Mythology; Mythology; Historical Fiction; Fiction; Indian Literature,identity; culture; tradition,heartbreaking; hopeful,mythology retelling; divine politics; period setting; social constraints,Indian author; historical fiction; female retellings; book club pick; level:intermediate,Diwali; Women's History Month,India Bookshelf; Roots of Bharat; Indian Mythology Retellings; Indian Historical Fiction; Heartbreaking Reads; Comfort Reads,A beautifully crafted retelling of an Indian mythological tale that will leave you heartbroken and hopeful.,,,Imported from site book directory,,2026-07-23,0,
Srimad Bhagavatam,A.C. Bhaktivedanta Swami Prabhupada,,,want-to-read,,,,,India,Sanskrit,,,Mythology; Religious Fiction,faith; spirituality; divine love,contemplative; inspirational,mythology retelling; divine politics,Hindu scripture; Indian author; translated fiction; spiritual read; philosophical; level:intermediate,Diwali; Navratri,India Bookshelf; Roots of Bharat; Indian Mythology Retellings,A profound and inspiring exploration of Hindu philosophy and spirituality.,,,Imported from site book directory,,2026-07-23,0,
Son of Darkness,Gaurav Mohanty,,,want-to-read,,,,,India,English,,,Book Review; Literary Fiction; Thriller; Mythology,grief; identity; darkness; redemption; self-discovery,atmospheric; dark; emotional,character-driven; interiority; twist ending; unreliable narrator; mythology retelling; divine politics,Indian author; translated fiction; book club pick; dark read; literary thriller; level:intermediate,Diwali; Halloween,India Bookshelf; Roots of Bharat; Indian Mythology Retellings; Indian Literary Fiction; Heartbreaking Reads; Dark & Atmospheric; Page-Turners,A mesmerizing blend of mythology and psychological thriller that will leave you breathless.,,,Imported from site book directory,,2026-07-23,0,
Small Things Like These,Claire Keegan,,,want-to-read,,,,,Ireland,English,,,Literary Fiction,family; childhood; motherhood; abandonment; loss,heartbreaking; haunting; atmospheric,character-driven; interiority,Irish author; short story collection; book club pick; literary fiction; award-winning; level:intermediate,Winter; Holiday season,World Bookshelf; Heartbreaking Reads; Dark & Atmospheric,A haunting and beautifully written collection of short stories that will leave you thinking long after you finish reading.,,,Imported from site book directory,,2026-07-23,0,
Sita: An Illustrated Retelling of the Ramayana,Devdutt Pattanaik,,,want-to-read,,,,,India,English,,,Indian Mythology; Historical Fiction; Indian Literature; Literary Fiction; Non-Fiction,faith; identity; power; duty; love,atmospheric; reflective; inspiring,period setting; social constraints; character-driven; interiority; mythology retelling,Indian author; mythology retelling; illustrated book; book club pick; translated fiction; level:intermediate,Diwali; Navratri,India Bookshelf; Roots of Bharat; Indian Mythology Retellings; Indian Historical Fiction; Indian Literary Fiction; The Epic Project; Epic · Sita; Dark & Atmospheric; Slow Literary,A stunning visual retelling of the Ramayana that will transport you to ancient India.,,,Imported from site book directory,,2026-07-23,0,
Shrimad Bhagavad Gita,Dr. Akhilesh Kumar,,,want-to-read,,,,,India,Sanskrit,,,Philosophy; Religion; Classics,self-discovery; spirituality; morality,contemplative; inspirational,,Indian literature; Hindu scripture; spiritual growth; self-help; translated fiction; gem:classic,World Philosophy Day; Diwali,India Bookshelf,A timeless and thought-provoking exploration of the human condition.,,,Imported from site book directory,,2026-07-23,0,
Shiva Purana Retold,Ramesh Menon,,,want-to-read,,,,,India,English,,,Hindu scriptures; indian scriptures; Santana scriptures; Indian Mythology; Mythology; Historical Fiction; Indian Literatures,faith; identity; mythology; culture; tradition,atmospheric; thought-provoking,mythology retelling; divine politics; period setting; social constraints,Indian author; Hindu scriptures; Indian Mythology; book club pick; level:intermediate,Diwali; Navratri,India Bookshelf; Roots of Bharat; Indian Mythology Retellings; Indian Historical Fiction; Dark & Atmospheric,"A beautifully written retelling of the Shiva Purana, perfect for fans of Indian mythology and culture.",,,Imported from site book directory,,2026-07-23,0,
Shiva Purana,J.L. Shastri,,,want-to-read,,,,,India,Sanskrit,,,Mythology; Folklore,faith; divinity; cosmology; creation,atmospheric; contemplative,mythology retelling; divine politics,Indian mythology; Hindu scripture; translated fiction; spiritual read; level:intermediate,,India Bookshelf; Roots of Bharat; Indian Mythology Retellings; Dark & Atmospheric,Delve into the mystical world of Hindu mythology with this ancient and revered text.,,,Imported from site book directory,,2026-07-23,0,
Shadow Play: Love & Blackmail,Nitish Bhushan,,,want-to-read,,,,,India,English,,,Book Review; Techno Thriller; Contemporary Thriller; Crime Thriller; Psychological Suspense; Corporate Fiction; Contemporary Fiction; Thriller,deception; power dynamics; love,tense; intriguing,twist ending; unreliable narrator,Indian author; thriller; book club pick; translated fiction,,India Bookshelf; Dark & Atmospheric; Page-Turners,A gripping tale of love and blackmail that will keep you on the edge of your seat.,,,Imported from site book directory,,2026-07-23,0,
Serious Men,Manu Joseph,,,want-to-read,,,,,India,English,,,Literary Fiction; Humor; Satire,identity; class; social status; family; culture,witty; dark; sarcastic; humorous,character-driven; interiority,Indian author; book club pick; translated fiction; under 300 pages; literary fiction; humor; level:intermediate,Diwali; Holi,India Bookshelf; Indian Literary Fiction; Dark & Atmospheric,A wickedly funny and poignant exploration of India's middle class.,,,Imported from site book directory,,2026-07-23,0,
Rumi's Little Book of Life,Rumi,,,want-to-read,,,,,Persia,Persian,,,Poetry; Spirituality,self-discovery; love; spirituality; inner peace,contemplative; inspirational; heartwarming,,Persian literature; Sufi poetry; spiritual growth; book club pick; translated poetry,World Poetry Day; Ramadan,World Bookshelf; Civilizations Through Books; Civilization · Persia; Around the World in 52 Books; Comfort Reads,A beautiful and inspiring collection of poems that will guide you on your spiritual journey.,,,Imported from site book directory,,2026-07-23,0,
Rock Paper Scissors,Alice Feeney,,,want-to-read,,,,,United Kingdom,English,,,Psychological Thriller; Domestic Thriller; Mystery,marriage; infidelity; obsession; family,dark; twisty; gripping,whodunit; red herrings,marriage story; thriller; book club pick; translated fiction; under 300 pages,Valentine's Day; Women's History Month,World Bookshelf; Dark & Atmospheric; Page-Turners,A gripping domestic thriller that will keep you on the edge of your seat.,,,Imported from site book directory,,2026-07-23,0,
Ramachandra Series,Amish Tripathi,,,want-to-read,,,,Ramachandra Series,India,English,,,Indian Mythology; Historical Fiction; Indian Literature; Literary Fiction; Non-Fiction,,,period setting; social constraints; character-driven; interiority,Indian author; imported from site book directory; level:intermediate,,India Bookshelf; Roots of Bharat; Indian Mythology Retellings; Indian Historical Fiction; Indian Literary Fiction,,,,Imported from site book directory,,2026-07-23,0,
Pyre,Perumal Murugan,,,want-to-read,,,,,India,Tamil,,,Literary Fiction; Mythology,grief; identity; culture; tradition; belonging,heartbreaking; hopeful; atmospheric,character-driven; interiority; mythology retelling; divine politics,Indian author; translated fiction; book club pick; literary fiction; under 300 pages; level:intermediate,,India Bookshelf; Roots of Bharat; Indian Mythology Retellings; Indian Literary Fiction; Heartbreaking Reads; Comfort Reads; Dark & Atmospheric,"A beautifully written, thought-provoking novel that delves into the complexities of human experience.",,,Imported from site book directory,,2026-07-23,0,
Pinjar,Amrita Pritam,,,want-to-read,,,,,India,Punjabi,,,Indian Literature; Contemporary Fiction; Fiction; Literary Fiction,partition; grief; identity,heartbreaking; hopeful,character-driven; interiority; historical trauma,Indian author; partition story; book club pick; translated fiction; level:intermediate,Diwali; Women's History Month,India Bookshelf; Partition Stories; Indian Literary Fiction; Heartbreaking Reads; Comfort Reads,"A heart-wrenching exploration of love, loss, and identity in the face of partition.",,,Imported from site book directory,,2026-07-23,0,
Paper Boat Journey,Manoj Phulambrikar,,,want-to-read,,,,,India,Marathi,,,Book Review; Literary Fiction; Mythology,identity; found family; self-discovery,hopeful; atmospheric,character-driven; interiority; mythology retelling; divine politics,Indian author; book club pick; translated fiction; level:intermediate,Diwali,India Bookshelf; Roots of Bharat; Indian Mythology Retellings; Indian Literary Fiction; Comfort Reads; Dark & Atmospheric,A beautifully written exploration of identity and family that will leave you feeling hopeful and inspired.,,,Imported from site book directory,,2026-07-23,0,
Of Mice and Men,John Steinbeck,,,want-to-read,,,,,United States,English,,,Literary Fiction; Classic,friendship; loneliness; American Dream; Great Depression,heartbreaking; hopeful; atmospheric,character-driven; interiority,classic novel; American author; Great Depression story; book club pick; under 300 pages; level:intermediate; gem:classic,Back to School; Summer Reading,World Bookshelf; Heartbreaking Reads; Comfort Reads; Dark & Atmospheric,A timeless classic that explores the American Dream and the human condition.,,,Imported from site book directory,,2026-07-23,0,
No Exit,Taylor Adams,,,want-to-read,,,,,United States,English,,,Thriller; Psychological Thriller,survival; trauma; isolation,tense; gripping,twist ending; unreliable narrator,road trip; car breakdown; stranded; thriller; summer read,summer read,World Bookshelf; Dark & Atmospheric; Page-Turners,A gripping thriller about survival and human nature when stranded in a desperate situation.,,,Imported from site book directory,,2026-07-23,0,
Never Let Me Go,Kazuo Ishiguro,,,want-to-read,,,,,United Kingdom,English,,,Literary Fiction; Dystopian; Science Fiction,identity; memory; loss; human condition; existentialism,haunting; melancholic; contemplative; emotional,character-driven; interiority; worldbuilding; ethical dilemma,book club pick; translated fiction; classic; award-winning; thought-provoking; level:intermediate; gem:classic,Winter; Book Club,World Bookshelf; Heartbreaking Reads,A beautifully written and deeply unsettling exploration of what it means to be human.,,,Imported from site book directory,,2026-07-23,0,
Narcopolis,Jeet Thayil,,,want-to-read,,,,,India,English,,,Literary Fiction; Magical Realism,addiction; identity; loss; memory; obsession,atmospheric; haunting; lyrical,character-driven; interiority,Indian author; Indian setting; book club pick; translated fiction; under 300 pages; level:intermediate,Diwali; Holi,India Bookshelf; Indian Literary Fiction; Dark & Atmospheric; Slow Literary,A mesmerizing and deeply unsettling exploration of addiction and identity.,,,Imported from site book directory,,2026-07-23,0,
Maybe You Should Talk to Someone,Lori Gottlieb,,,want-to-read,,,,,United States,English,,,Psychology; Memoir; Self-Help,mental health; therapy; self-discovery; growth; vulnerability,inspiring; honest; thought-provoking,personal reckoning; voice-driven,memoir; self-help; mental health awareness; therapy; inspirational; non-fiction,,World Bookshelf,A thought-provoking and inspiring memoir that offers a unique perspective on the therapy process.,,,Imported from site book directory,,2026-07-23,0,
Markandeya Purana,Bibek Debroy,,,want-to-read,,,,,India,Sanskrit,,,Mythology; Folklore,rebirth; cosmology; Hindu mythology,atmospheric; contemplative,mythology retelling; divine politics,Indian mythology; Hindu scripture; translated fiction; spiritual read; level:intermediate,,India Bookshelf; Roots of Bharat; Indian Mythology Retellings; Dark & Atmospheric,A rich and atmospheric translation of a foundational Hindu text.,,,Imported from site book directory,,2026-07-23,0,
Mandodari (The Sati Series IV),Koral Das Gupta,,,want-to-read,,,,The Sati Series,India,English,,,Female retellings; historical retellings; Indian Mythology; Mythology; Historical Fiction; Fiction; Indian Literature,identity; power dynamics; feminism; mythology; culture,atmospheric; emotional; thought-provoking,mythology retelling; divine politics; period setting; social constraints,Indian author; historical fiction; mythology retelling; book club pick; translated fiction; level:intermediate,Diwali; Women's History Month,India Bookshelf; Roots of Bharat; Indian Mythology Retellings; Indian Historical Fiction; The Epic Project; Epic · Mandodari; Heartbreaking Reads; Dark & Atmospheric,"A beautifully written retelling of an Indian mythological tale, exploring themes of identity and power.",,,Imported from site book directory,,2026-07-23,0,
Mahagatha: 100 Tales from the Puranas,Satyarth Nayak,,,want-to-read,,,,,India,Hindi,,,Hindu scriptures; indian scriptures; Santana scriptures; Indian Mythology; Mythology; Historical Fiction; Indian Literatures,mythology; culture; tradition; religion; history,atmospheric; thought-provoking,mythology retelling; divine politics; period setting; social constraints,Indian author; Indian mythology; Hindu scriptures; translated fiction; level:intermediate,Diwali; Navratri,India Bookshelf; Roots of Bharat; Indian Mythology Retellings; Indian Historical Fiction; Dark & Atmospheric,Dive into the rich world of Hindu mythology with this comprehensive collection of tales.,,,Imported from site book directory,,2026-07-23,0,
Mahadevi The Unseen Truth Behind Existence,Priyanka Kaintura,,,want-to-read,,,,,India,English,,,Literary Fiction; Mythology,grief; identity; existence,atmospheric; contemplative,character-driven; interiority; mythology retelling; divine politics,Indian author; mythology story; book club pick; translated fiction; level:intermediate,,India Bookshelf; Roots of Bharat; Indian Mythology Retellings; Indian Literary Fiction; Dark & Atmospheric,A thought-provoking exploration of Indian mythology and existentialism.,,,Imported from site book directory,,2026-07-23,0,
Mahabharata: A Modern Retelling,Carole Satyamurti,,,want-to-read,,,,,India,English,,,Mythology; Literary Fiction,identity; family; war; loyalty; power,atmospheric; reflective; emotional; thought-provoking,mythology retelling; divine politics; character-driven; interiority,Indian author; mythology retelling; book club pick; translated fiction; level:intermediate,Diwali; Navratri,India Bookshelf; Roots of Bharat; Indian Mythology Retellings; Indian Literary Fiction; Heartbreaking Reads; Dark & Atmospheric; Slow Literary,"A beautifully written retelling of the Mahabharata, perfect for book clubs and fans of Indian mythology.",,,Imported from site book directory,,2026-07-23,0,
Mahabharata Unravelled,Ami Ganatara,,,want-to-read,,,,,India,English,,,Hindu scriptures; indian scriptures; Santana scriptures; Indian Mythology; Mythology; Historical Fiction; Indian Literatures,gods; war; fate; duty; family,epic; thought-provoking; atmospheric,mythology retelling; divine politics; period setting; social constraints,Indian author; Hindu scriptures; Indian Mythology; book club pick; level:intermediate,Diwali; Navratri,India Bookshelf; Roots of Bharat; Indian Mythology Retellings; Indian Historical Fiction; Dark & Atmospheric,A thought-provoking retelling of the Mahabharata that will leave you pondering its themes long after you finish reading.,,,Imported from site book directory,,2026-07-23,0,
Latitudes of Longing,Shubhangi Swarup,,,want-to-read,,,,,India,English,,,Literary Fiction; Mythology,grief; identity; partition; war; found family,heartbreaking; hopeful; atmospheric,character-driven; interiority; mythology retelling; divine politics; historical trauma,Indian author; partition story; translated fiction; under 300 pages; level:intermediate,Diwali,India Bookshelf; Roots of Bharat; Indian Mythology Retellings; Partition Stories; Indian Literary Fiction; Heartbreaking Reads; Comfort Reads; Dark & Atmospheric,"A beautifully written and thought-provoking exploration of identity, grief, and the power of mythology.",,,Imported from site book directory,,2026-07-23,0,
Ladies Coupe,Anita Nair,,,want-to-read,,,,,India,English,,,Indian Literature; Contemporary Fiction; Fiction; Literary Fiction,identity; social class; female empowerment,heartbreaking; hopeful,character-driven; interiority,Indian author; contemporary fiction; book club pick; women's fiction; level:intermediate,Women's History Month,India Bookshelf; Indian Literary Fiction; Heartbreaking Reads; Comfort Reads,"A powerful and moving exploration of the lives of three women, shedding light on the complexities of Indian society.",,,Imported from site book directory,,2026-07-23,0,
Kunti (The Sati Series II),Koral Das Gupta,,,want-to-read,,,,,India,English,,,Female retellings; historical retellings; Indian Mythology; Mythology; Historical Fiction; Fiction; Indian Literature,identity; family; culture,heartbreaking; hopeful,mythology retelling; divine politics; period setting; social constraints,Indian author; Indian mythology; historical fiction; book club pick; level:intermediate,Diwali; Women's History Month,India Bookshelf; Roots of Bharat; Indian Mythology Retellings; Indian Historical Fiction; The Epic Project; Epic · Kunti; Heartbreaking Reads; Comfort Reads,A heart-wrenching retelling of Kunti's story from Indian mythology.,,,Imported from site book directory,,2026-07-23,0,
Krishna's Other Song: A New Look at the Uddhava Gita,Steven J. Rosen,,,want-to-read,,,,,India,English,,,Philosophy; Mythology; Religious Fiction,self-discovery; spirituality; identity; faith,contemplative; inspirational; thought-provoking,mythology retelling; divine politics,Indian author; Hindu mythology; spiritual fiction; book club pick; translated fiction; level:intermediate,Diwali; Navratri,India Bookshelf; Roots of Bharat; Indian Mythology Retellings,A thought-provoking exploration of Hindu mythology and spirituality.,,,Imported from site book directory,,2026-07-23,0,
"Kim Jiyoung, Born 1982",Cho Nam-joo,,,want-to-read,,,,,South Korea,Korean,,,Feminist Fiction; Literary Fiction,feminism; identity; motherhood; societal expectations; mental health,emotional; heartbreaking; thought-provoking,character-driven; interiority,Korean author; feminist literature; mother-daughter relationships; book club pick; translated fiction; level:intermediate,International Women's Day; Mother's Day,World Bookshelf; East Asia Shelf; Around the World in 52 Books; Heartbreaking Reads,"A thought-provoking exploration of feminism, identity, and motherhood in contemporary South Korea.",,,Imported from site book directory,,2026-07-23,0,
Jaya: An Illustrated Retelling of the Mahabharata,Devdutt Pattanaik,,,want-to-read,,,,,India,English,,,Mythology; Literary Fiction,identity; family; war; duty; power,atmospheric; thought-provoking; emotional,mythology retelling; divine politics; character-driven; interiority,Indian author; mythology retelling; book club pick; translated fiction; level:intermediate,Diwali; Navratri,India Bookshelf; Roots of Bharat; Indian Mythology Retellings; Indian Literary Fiction; Heartbreaking Reads; Dark & Atmospheric,A stunning visual retelling of the Mahabharata that will transport you to ancient India.,,,Imported from site book directory,,2026-07-23,0,
India: A History,John Keay,,,want-to-read,,,,,India,English,,,History,colonialism; empire; nation-building; politics; power,informative; engaging,,history book; India; non-fiction; book club pick; Independence Day,Independence Day,India Bookshelf,A must-read for anyone interested in Indian history and its complex relationship with the British Empire.,,,Imported from site book directory,,2026-07-23,0,
Ikigai,Héctor García & Francesc Miralles,,,want-to-read,,,,,Japan,Japanese,,,Self-Help; Non-Fiction,happiness; purpose; wellness; mindfulness; productivity,inspirational; motivational; thought-provoking,,self-improvement; personal growth; Japanese culture; book club pick; inspirational read,New Year's Resolution; Motivation Monday,World Bookshelf; Civilizations Through Books; Civilization · Japan; Around the World in 52 Books; East Asia Shelf,Discover the secrets to a happy and fulfilling life with this inspiring guide.,,,Imported from site book directory,,2026-07-23,0,
I Who Have Never Known Men Author,Jacqueline Harpman,,,want-to-read,,,,,Belgium,,,,Dystopian Fiction; Literary Fiction; Science Fiction; Feminist Fiction; Fiction,,,character-driven; interiority; worldbuilding; ethical dilemma,feminist fiction; imported book; unknown author; level:intermediate,,World Bookshelf,A haunting and thought-provoking exploration of a dystopian world through a feminist lens.,,,Imported from site book directory,,2026-07-23,0,
How to Kill Men and Get Away With It,Katy Brent,,,want-to-read,,,,,United Kingdom,English,,,Literary Fiction; Thriller,grief; identity; power dynamics,dark; witty,character-driven; interiority; twist ending; unreliable narrator,book club pick; translated fiction; under 300 pages; level:intermediate,,World Bookshelf; Dark & Atmospheric; Page-Turners,A darkly comedic exploration of power dynamics and identity.,,,Imported from site book directory,,2026-07-23,0,
Heart Overruled,Debanjana Mukherjee,,,want-to-read,,,,,India,English,,,Book Review; Literary Fiction; Romance,love; heartbreak; self-discovery,heartwarming; emotional,character-driven; interiority; slow burn; emotional payoff,Indian author; romance novel; book club pick; women's fiction; level:intermediate,Valentine's Day; Women's History Month,India Bookshelf; Indian Literary Fiction; Heartbreaking Reads; Comfort Reads,A beautifully written romance that will capture your heart.,,,Imported from site book directory,,2026-07-23,0,
Half the Night Is Gone,Amitabha Bagchi,,,want-to-read,,,,,India,English,,,Literary Fiction; Indian Literature,identity; family; social class,heartbreaking; hopeful,character-driven; interiority,Indian author; literary fiction; book club pick; translated fiction; level:intermediate,,India Bookshelf; Indian Literary Fiction; Heartbreaking Reads; Comfort Reads,"A beautifully written, heart-wrenching exploration of family and identity.",,,Imported from site book directory,,2026-07-23,0,
Garuda Purana,Ernest Wood & S.V. Subrahmanyam,,,want-to-read,,,,,India,Sanskrit,,,Mythology; Folklore,faith; reincarnation; cosmology,atmospheric; contemplative,mythology retelling; divine politics,Indian author; mythology story; translated fiction; level:intermediate,,India Bookshelf; Roots of Bharat; Indian Mythology Retellings; Dark & Atmospheric,Delve into the mystical world of Hindu mythology with this ancient text.,,,Imported from site book directory,,2026-07-23,0,
Foster,Claire Keegan,,,want-to-read,,,,,Ireland,English,,,Literary Fiction,family; childhood; identity; loss; nature,heartbreaking; hopeful; atmospheric,character-driven; interiority,Irish author; short story collection; book club pick; translated fiction; level:intermediate,St. Patrick's Day; Spring,World Bookshelf; Heartbreaking Reads; Comfort Reads; Dark & Atmospheric,A beautifully written and deeply moving exploration of the human experience.,,,Imported from site book directory,,2026-07-23,0,
Em and the Big Hoom,Jerry Pinto,,,want-to-read,,,,,India,English,,,Contemporary Fiction; Fiction; Indian Literature,mental health; family; identity,heartbreaking; hopeful,,Indian author; Mental health story; Book club pick; Literary fiction; Under 300 pages; level:intermediate,,India Bookshelf; Indian Literary Fiction; Heartbreaking Reads; Comfort Reads,A heart-wrenching and thought-provoking exploration of mental health and family dynamics.,,,Imported from site book directory,,2026-07-23,0,
Eleanor Oliphant Is Completely Fine,Gail Honeyman,,,want-to-read,,,,,United Kingdom,English,,,Literary Fiction; Contemporary Fiction,loneliness; friendship; mental health; trauma; redemption,heartbreaking; hopeful; witty,character-driven; interiority,debut novel; book club pick; mental health awareness; women's fiction; contemporary read; level:intermediate,Mental Health Awareness Month,World Bookshelf; Heartbreaking Reads; Comfort Reads,A moving and uplifting tale about the transformative power of human connection.,,,Imported from site book directory,,2026-07-23,0,
Early India: From the Origins to AD 1300,Romila Thapar,,,want-to-read,,,,,India,English,,,History,colonization; empire; culture; society; politics,informative; academic,,history book; Indian history; non-fiction; academic writing; book club pick; educational,,India Bookshelf,"A detailed and informative history of early India, perfect for those interested in the subject.",,,Imported from site book directory,,2026-07-23,0,
Durga: The Baaghini,Krishnamurthy Shrikanth,,,want-to-read,,,,,India,English,,,Book Review; Indian Mythology; Historical Fiction; Literary Fiction; Fantasy; Speculative Fiction; Mystery; Archaeological Fiction; Magical Realism; Mythological Fantasy; Epic Fantasy; Indian-Inspired Fantasy; Adventure Fantasy; Philosophical Fiction,grief; identity; cultural heritage; self-discovery,hopeful; atmospheric; inspiring,period setting; social constraints; character-driven; interiority; unique magic system; quest,Indian author; Indian mythology; book club pick; translated fiction; level:intermediate,Diwali; Navratri,India Bookshelf; Roots of Bharat; Indian Mythology Retellings; Indian Historical Fiction; Indian Literary Fiction; Comfort Reads; Dark & Atmospheric; Page-Turners,A beautifully crafted tale of Indian mythology and self-discovery.,,,Imported from site book directory,,2026-07-23,0,
Draupadi (The Sati Series III),Koral Das Gupta,,,want-to-read,,,,The Sati Series,India,English,,,Female retellings; historical retellings; Indian Mythology; Mythology; Historical Fiction; Fiction; Indian Literature,grief; identity; power dynamics; war; feminism,heartbreaking; hopeful; atmospheric,mythology retelling; divine politics; period setting; social constraints,Indian author; Indian mythology; female retelling; historical fiction; book club pick; level:intermediate,Diwali; Women's History Month,India Bookshelf; Roots of Bharat; Indian Mythology Retellings; Indian Historical Fiction; The Epic Project; Epic · Draupadi; Heartbreaking Reads; Comfort Reads; Dark & Atmospheric,"A beautifully written retelling of the Mahabharata from Draupadi's perspective, perfect for fans of Indian mythology and historical fiction.",,,Imported from site book directory,,2026-07-23,0,
Difficult Daughters,Manju Kapur,,,want-to-read,,,,,India,English,,,Indian Literature; Contemporary Fiction; Fiction; Literary Fiction,identity; family; social class,heartbreaking; hopeful,character-driven; interiority,Indian author; contemporary fiction; book club pick; women's fiction; level:intermediate,,India Bookshelf; Indian Literary Fiction; Heartbreaking Reads; Comfort Reads,"A powerful exploration of identity, family, and social class in India.",,,Imported from site book directory,,2026-07-23,0,
Devi Purana,Ramesh Menon,,,want-to-read,,,,,India,English,,,Mythology; Literary Fiction,goddesses; power; feminism; culture; tradition,atmospheric; thought-provoking; inspiring,mythology retelling; divine politics; character-driven; interiority,Indian author; mythology story; book club pick; translated fiction; level:intermediate,Diwali; Women's History Month,India Bookshelf; Roots of Bharat; Indian Mythology Retellings; Indian Literary Fiction; Dark & Atmospheric,A beautifully written retelling of Hindu mythology that explores the power and significance of the goddesses.,,,Imported from site book directory,,2026-07-23,0,
Devi for Millennials,Bibek Debroy,,,want-to-read,,,,,India,English,,,Mythology; Literary Fiction,grief; identity; found family,heartbreaking; hopeful,mythology retelling; divine politics; character-driven; interiority,Indian author; book club pick; translated fiction; level:intermediate,Diwali,India Bookshelf; Roots of Bharat; Indian Mythology Retellings; Indian Literary Fiction; Heartbreaking Reads; Comfort Reads,A poignant and relatable retelling of the Devi myth for a new generation.,,,Imported from site book directory,,2026-07-23,0,
Devi Bhagavatam Retold,Ramesh Menon,,,want-to-read,,,,,India,English,,,Mythology; Literary Fiction,faith; identity; culture; tradition,atmospheric; contemplative,mythology retelling; divine politics; character-driven; interiority,Indian author; mythology retold; book club pick; translated fiction; level:intermediate; gem:classic,Diwali; Navratri,India Bookshelf; Roots of Bharat; Indian Mythology Retellings; Indian Literary Fiction; Dark & Atmospheric,"A beautifully written retelling of a Hindu classic, perfect for book clubs and fans of mythology.",,,Imported from site book directory,,2026-07-23,0,
Cuckold,Kiran Nagarkar,,,want-to-read,,,,,India,Marathi,,,Literary Fiction; Historical Fiction,identity; culture; society,thought-provoking; emotional,character-driven; interiority; period setting; social constraints,Indian author; literary fiction; book club pick; translated fiction; level:intermediate,,India Bookshelf; Indian Historical Fiction; Indian Literary Fiction; Heartbreaking Reads,A thought-provoking and emotionally charged exploration of Indian identity.,,,Imported from site book directory,,2026-07-23,0,
Convenience Store Woman,Sayaka Murata,,,want-to-read,,,,,Japan,Japanese,,,Literary Fiction; Psychological Fiction,identity; social norms; loneliness; mental health; Japanese culture,heartbreaking; witty; thought-provoking,character-driven; interiority,Japanese author; translated fiction; book club pick; under 300 pages; contemporary read; women's fiction; level:intermediate,Women's History Month,World Bookshelf; Civilizations Through Books; Civilization · Japan; Around the World in 52 Books; East Asia Shelf; Heartbreaking Reads,A thought-provoking and relatable exploration of what it means to be an outsider in a society that values conformity.,,,Imported from site book directory,,2026-07-23,0,
Clear Light of Day,Anita Desai,,,want-to-read,,,,,India,English,,,Indian Literature; Contemporary Fiction; Fiction; Literary Fiction,identity; family; social class,heartbreaking; hopeful,character-driven; interiority,Indian author; book club pick; translated fiction; level:intermediate,,India Bookshelf; Indian Literary Fiction; Heartbreaking Reads; Comfort Reads,A nuanced and moving portrayal of family relationships.,,,Imported from site book directory,,2026-07-23,0,
Chronicle of a Corpse Bearer,Cyrus Mistry,,,want-to-read,,,,,India,English,,,Literary Fiction; Mythology,grief; identity; culture; tradition; family,heartbreaking; hopeful; atmospheric,character-driven; interiority; mythology retelling; divine politics,Indian author; Indian mythology; book club pick; translated fiction; level:intermediate,,India Bookshelf; Roots of Bharat; Indian Mythology Retellings; Indian Literary Fiction; Heartbreaking Reads; Comfort Reads; Dark & Atmospheric,A beautifully written exploration of Indian mythology and tradition.,,,Imported from site book directory,,2026-07-23,0,
Chowringhee,Shankar,,,want-to-read,,,,,India,Bengali,,,Literary Fiction; Historical Fiction,identity; partition; war; found family; grief,heartbreaking; hopeful,character-driven; interiority; period setting; social constraints; historical trauma,Indian author; partition story; book club pick; translated fiction; level:intermediate,Diwali; Independence Day,India Bookshelf; Partition Stories; Indian Historical Fiction; Indian Literary Fiction; Heartbreaking Reads; Comfort Reads,A beautifully written and thought-provoking novel that delves into the complexities of Indian history and culture.,,,Imported from site book directory,,2026-07-23,0,
Buddha: A Story of Enlightenment,Deepak Chopra,,,want-to-read,,,,,India,English,,,Biography; Spirituality; Philosophy,self-discovery; spiritual growth; enlightenment,contemplative; inspirational,,Indian author; spiritual non-fiction; self-help; book club pick; translated fiction,World Philosophy Day,India Bookshelf,"A profound and inspiring exploration of the Buddha's life and teachings, perfect for those seeking spiritual growth and self-improvement.",,,Imported from site book directory,,2026-07-23,0,
Bhagavad Gita (Translation),Eknath Easwaran,,,want-to-read,,,,,India,Sanskrit,,,Philosophy; Religion; Classics,self-discovery; spirituality; morality,contemplative; inspirational,,Indian philosophy; Hindu scripture; spiritual growth; self-help; translated classic; gem:classic,World Philosophy Day; Spiritual Growth Month,India Bookshelf,"A profound and inspiring translation of the Bhagavad Gita, perfect for those seeking spiritual growth and self-discovery.",,,Imported from site book directory,,2026-07-23,0,
Bhagavad Gita  (Commentary),Swami Sivananda,,,want-to-read,,,,,India,Sanskrit,,,Philosophy; Religion; Self-Help,spirituality; self-discovery; personal growth,contemplative; inspirational,,Indian author; spiritual text; commentary; Hinduism; self-help,,India Bookshelf,"A thought-provoking commentary on the Bhagavad Gita, perfect for those seeking spiritual growth and self-discovery.",,,Imported from site book directory,,2026-07-23,0,
Beyond the Blinding Sun,Jayanta Gopal Borpujari,,,want-to-read,,,,,India,Assamese,,,Book Review; Literary Fiction; Historical Fiction,identity; partition; war; found family; grief,heartbreaking; hopeful,character-driven; interiority; period setting; social constraints; historical trauma,Indian author; partition story; book club pick; translated fiction; level:intermediate,Diwali; Independence Day,India Bookshelf; Partition Stories; Indian Historical Fiction; Indian Literary Fiction; Heartbreaking Reads; Comfort Reads,A powerful and emotional journey through the complexities of human experience.,,,Imported from site book directory,,2026-07-23,0,
Before We Visit the Goddess,Chitra Banerjee Divakaruni,,,want-to-read,,,,,India,English,,,Contemporary Fiction; Fiction; Indian Literature,family; culture; identity,heartwarming; emotional,,Indian author; family story; cultural heritage; book club pick; translated fiction,Mother's Day; Diwali,India Bookshelf; Heartbreaking Reads; Comfort Reads,A beautifully written exploration of the complexities of mother-daughter relationships and cultural identity.,,,Imported from site book directory,,2026-07-23,0,
Before the Coffee Gets Cold,Toshikazu Kawaguchi,,,want-to-read,,,,,Japan,Japanese,,,Literary Fiction; Magical Realism,grief; loss; memory; love; redemption,heartbreaking; hopeful; contemplative,character-driven; interiority,Japanese author; magical realism; book club pick; short stories; translated fiction; level:intermediate,Winter; New Year's Eve,World Bookshelf; Civilizations Through Books; Civilization · Japan; Around the World in 52 Books; East Asia Shelf; Heartbreaking Reads; Comfort Reads,"A beautifully written and deeply moving exploration of love, loss, and the human experience.",,,Imported from site book directory,,2026-07-23,0,
Autobiography of a Yogi,Paramahansa Yogananda,,,want-to-read,,,,,India,English,,,Spirituality; Biography; Autobiography,self-discovery; spiritual growth; Eastern philosophy,inspirational; reflective; contemplative,,spiritual memoir; Eastern spirituality; self-help; inspirational read; biography; autobiography,World Spirituality Day; Mindfulness Month,India Bookshelf,A deeply inspiring and thought-provoking memoir that explores the intersection of spirituality and everyday life.,,,Imported from site book directory,,2026-07-23,0,
Ashtavakra Gita,Swami Chinmayananda,,,want-to-read,,,Central Chinmaya Mission Trust,,India,Sanskrit,,,Nonfiction; Philosophy; Religion & Spirituality,non-duality; self-realization; liberation; consciousness; inner freedom; detachment,reflective; contemplative; philosophical; serene,,Indian philosophy; spiritual read; classic text; Advaita Vedanta; deep read; mindfulness pick; gem:classic,International Yoga Day; New Year resolution; reflective retreat read,India Bookshelf,"An essential guide for spiritual seekers seeking direct, radical insight into non-duality and inner liberation.",,,Imported from site book directory,,2026-07-23,0,
Ashoka: The Search for India’s Lost Emperor,Charles Allen,,,want-to-read,,448,"Little, Brown",,India,English,,,Non-Fiction; History,rediscovery; Buddhism; empire; historical legacy; archaeology,informative; engaging; reflective,,Indian history; ancient India; Buddhism; historical investigation; non-fiction pick; must-read history,Independence Day; rainy day read; World History Month,India Bookshelf,A fascinating historical detective story revealing how ancient India's most influential ruler was lost to time and rediscovered.,,,Imported from site book directory,,2026-07-23,0,
Ashes to Ashes,Tami Hoag,,,want-to-read,,,,,United States,English,,,Book Review; Mystery; Thriller; Crime,justice; morality; loss; guilt; redemption,gripping; intense; thought-provoking,whodunit; red herrings; twist ending; unreliable narrator,book club pick; mystery series; crime fiction; police procedural; thriller,winter read; cold case,World Bookshelf; Dark & Atmospheric; Page-Turners,A gripping police procedural that explores the complexities of justice and morality.,,,Imported from site book directory,,2026-07-23,0,
Animal Farm,George Orwell,,,want-to-read,,,,,United Kingdom,English,,,Literary Fiction; Dystopian; Satire,power; corruption; freedom; totalitarianism; revolution,dark; cautionary; thought-provoking,character-driven; interiority,classic; animal fiction; fable; political allegory; school reading; book club pick; level:intermediate; gem:classic,World Politics Day; Literary Classics Month,World Bookshelf; Dark & Atmospheric,A timeless allegory that warns against the dangers of unchecked power and corruption.,,,Imported from site book directory,,2026-07-23,0,
Angels & Demons,Dan Brown,,,want-to-read,,,,,United States,English,,,Thriller; Mystery,conspiracy; religion; science,fast-paced; intense; thought-provoking,twist ending; unreliable narrator; whodunit; red herrings,Dan Brown; Robert Langdon; Harvard symbologist; Vatican City; Catholic Church,,World Bookshelf; Dark & Atmospheric; Page-Turners,"A thrilling adventure that delves into the mysteries of art, science, and faith.",,,Imported from site book directory,,2026-07-23,0,
Ancient India,R.C. Majumdar,,,want-to-read,,,,,India,English,,,Historical Fiction; Mythology,culture; history; tradition,atmospheric; educational,period setting; social constraints; mythology retelling; divine politics,Indian author; history book; Ancient India; non-fiction; book club pick; level:intermediate,,India Bookshelf; Roots of Bharat; Indian Mythology Retellings; Indian Historical Fiction; Dark & Atmospheric,A must-read for anyone interested in Ancient Indian history and culture.,,,Imported from site book directory,,2026-07-23,0,
An Atlas of Impossible Longing,Anuradha Roy,,,want-to-read,,,,,India,English,,,Literary Fiction; Historical Fiction,grief; identity; partition; war; found family,heartbreaking; hopeful; atmospheric,character-driven; interiority; period setting; social constraints; historical trauma,Indian author; partition story; book club pick; translated fiction; under 300 pages; level:intermediate,Diwali; Women's History Month,India Bookshelf; Partition Stories; Indian Historical Fiction; Indian Literary Fiction; Heartbreaking Reads; Comfort Reads; Dark & Atmospheric,"A poignant and beautifully written exploration of love, loss, and identity.",,,Imported from site book directory,,2026-07-23,0,
Ahalya (The Sati Series I),Koral Das Gupta,,,want-to-read,,,,The Sati Series I,India,English,,,Female retellings; historical retellings; Indian Mythology; Mythology; Historical Fiction; Fiction; Indian Literature,identity; power dynamics; feminism; mythology; culture,atmospheric; thought-provoking; emotional,mythology retelling; divine politics; period setting; social constraints,Indian author; historical retelling; mythology; book club pick; translated fiction; level:intermediate,Diwali; Women's History Month,India Bookshelf; Roots of Bharat; Indian Mythology Retellings; Indian Historical Fiction; Heartbreaking Reads; Dark & Atmospheric,"A beautifully written retelling of an ancient Indian myth, perfect for fans of historical fiction and mythology.",,,Imported from site book directory,,2026-07-23,0,
A Man Called Ove,Fredrik Backman,,,want-to-read,,,,,Sweden,Swedish,,,Literary Fiction; Humor; Heartwarming,loneliness; community; aging; friendship; loss,heartwarming; humorous; uplifting; moving,character-driven; interiority,book club pick; translated fiction; under 300 pages; adult fiction; character-driven; level:intermediate,Winter; New Year's Day,World Bookshelf; Comfort Reads,A heartwarming story about the power of human connection and finding purpose in life.,,,Imported from site book directory,,2026-07-23,0,
A Fine Balance,Rohinton Mistry,,,want-to-read,,,,,India,English,,,Contemporary Fiction; Fiction; Indian Literature,class struggle; social justice; identity; family; politics,heartbreaking; hopeful; atmospheric,,Indian author; book club pick; translated fiction; social justice story; contemporary fiction; Indian literature,Diwali; Women's History Month,India Bookshelf; Heartbreaking Reads; Comfort Reads; Dark & Atmospheric,A powerful and poignant novel that explores the complexities of Indian society during a tumultuous period.,,,Imported from site book directory,,2026-07-23,0,
A Burning,Megha Majumdar,,,want-to-read,,,,,India,English,,,Literary Fiction; Domestic Fiction,class; inequality; motherhood; social justice; identity,heartbreaking; hopeful; emotional,character-driven; interiority,Indian author; contemporary fiction; book club pick; translated fiction; under 300 pages; level:intermediate,Women's History Month,India Bookshelf; Indian Literary Fiction; Heartbreaking Reads; Comfort Reads,A heart-wrenching and thought-provoking novel about the complexities of motherhood and social inequality.,,,Imported from site book directory,,2026-07-23,0,
"84, Charing Cross Road",Helene Hanff,,,want-to-read,,,,,United Kingdom,English,,,Literary Fiction,loneliness; friendship; bookstores; letters,heartwarming; humorous,character-driven; interiority,book club pick; epistolary; classic; London setting; imported from site; level:intermediate; gem:classic,Winter Reading,World Bookshelf; Comfort Reads,"A charming, humorous, and poignant exploration of friendship and bookstores.",,,Imported from site book directory,,2026-07-23,0,
1984,George Orwell,,,want-to-read,,,,,United Kingdom,English,,,Classics; Fiction; Literary Fiction,dystopia; totalitarianism; propaganda; loss of freedom; surveillance,ominous; dark; thought-provoking,character-driven; interiority,classic dystopian; 1984 reference; totalitarian regime; government control; book club pick; translated fiction; level:intermediate; gem:classic,Winter; Book Club Season,World Bookshelf; Dark & Atmospheric,A haunting warning about the dangers of government control and the loss of individual freedom.,,,Imported from site book directory,,2026-07-23,0,
Origin,Dan Brown,,,want-to-read,,,,,United States,English,,paperback @ UAE,Thriller; Mystery,science; technology; religion; power; corruption; identity; morality,suspenseful; intelligent; fast-paced,cryptic clues; secret societies,Dan Brown book; symbology; mystery novel; bestseller; page-turner; book club pick; summer read; gem:popular,summer read; holiday gift,World Bookshelf; Page-Turners,Dive into a heart-pumping mystery that will keep you guessing until the very end.,,,,,,0,
Angles & Demon,Dan Brown,,,want-to-read,,,,,United States,English,,paperback @ UAE,Thriller; Mystery,faith; science; power; deception; murder; revenge,suspenseful; dark; intense,secret societies; ancient conspiracies,Dan Brown book; Catholic Church; Vatican; mystery novel; thriller novel; bestseller; page-turner; gem:popular,summer read; Halloween read,World Bookshelf; Dark & Atmospheric; Page-Turners,"If you enjoy fast-paced thrillers with intricate plots and historical mysteries, you'll love 'Angels & Demons'.",,,,,,0,
The Lost Symbol,Dan Brown,,,want-to-read,,,,,United States,English,,paperback @ UAE,Thriller; Mystery,power; secrets; history; mythology; symbolism; identity; betrayal,suspenseful; intriguing; fast-paced,cryptic clues; ancient conspiracies,masonic mysteries; Washington D.C. setting; cryptic symbols; historical references; action-packed; male protagonist; level:intermediate,,World Bookshelf; Page-Turners,"Dive into a world of cryptic clues and ancient conspiracies with Dan Brown's signature blend of history, mystery, and suspense.",,,,,,0,
Digital Fortress,Dan Brown,,,want-to-read,,,,,United States,English,,paperback @ UAE,Thriller; Techno-Thriller,power; corruption; technology; security; loyalty; deception; surveillance,suspenseful; intense; fast-paced,cryptic clues; rival organizations,tech industry; NSA; codebreaking; mystery; action-packed; page-turner; bestseller; Dan Brown novel; gem:popular,,World Bookshelf; Dark & Atmospheric; Page-Turners,"For fans of high-stakes thrillers and cryptic puzzles, Digital Fortress is a gripping page-turner that explores the darker side of technology and power.",,,,,,0,
The Queen's Secret,Melissa De La Cruz,,,want-to-read,,,,,United States,English,,paperback @ UAE,Historical Fiction,royalty; power; secrets; loyalty; deception,intriguing; regal; mysterious,period setting; social constraints,royal story; historical drama; strong female lead; mystery elements; period fiction,,World Bookshelf,"Dive into a captivating tale of royalty, secrets, and power struggles with 'The Queen's Secret'.",,,,,,0,
The Queen's Assassin,Melissa De La Cruz,,,want-to-read,,,,,United States,English,,paperback @ UAE,Fantasy; Young Adult,identity; loyalty; power; self-discovery; duty,adventurous; romantic; intense,forbidden love; royal court,YA fantasy; strong female lead; royal romance; assassin protagonist; fantasy adventure,,World Bookshelf; Dark & Atmospheric,Dive into a captivating world of fantasy and romance with a strong and deadly heroine at its core.,,,,,,0,
The Krishna Key,Ashwin Sanghi,,9789381626689,read,5,475,Westland,,India,English,,paperback @ UAE,Thriller; Mythology; Mystery,mythology; history; mystery; adventure; self-discovery; power struggle; ancient secrets; mythology vs science; legacy; good vs evil; obsession,thrilling; mysterious; adventurous; thought-provoking; suspenseful; fast-paced; intellectual,ancient prophecies; hidden treasures; race against time; academic protagonist; serial killer on a mission,Indian author; mythological fiction; historical thriller; adventure story; mystery novel; Indian mythology; mythological thriller; page-turner; Indian history; book club pick; level:intermediate,Diwali; Navratri; rainy day read; weekend binge,India Bookshelf; Roots of Bharat; Indian Mythology Retellings; Page-Turners,"Dive into a gripping tale that blends mythology, history, and adventure, perfect for fans of fast-paced thrillers.",,,,,2021-11-07,0,
The Sialkot Saga,Ashwin Sanghi,,9789385724060,want-to-read,,588,Westland,,India,English,,paperback @ UAE,Historical Fiction; Thriller,family; business; power; corruption; loyalty; deception; ambition; identity; betrayal,gripping; suspenseful; intense; complex,family feud; hidden secrets,Indian author; historical thriller; family saga; business fiction; corporate thriller; Indian culture; business thriller; historical fiction; long read; Indian setting; book club pick; level:advanced,Independence Day; summer read; Diwali,India Bookshelf; Indian Historical Fiction; Dark & Atmospheric; Page-Turners,"Dive into the gripping world of 'The Sialkot Saga' for a thrilling tale of family, power, and deception set against the backdrop of India's rich history.",,,,,2022-01-03,0,
Elektra,Jennifer Saint,,,want-to-read,,,,,United Kingdom,English,,paperback @ UAE,Mythology; Historical Fiction,family; trauma; grief; revenge; feminism; identity; morality,dark; emotional; intense,tragic heroine; family drama,Greek mythology retelling; strong female lead; book club pick; historical fiction; mythological fiction; female author; classics reimagined; level:intermediate; gem:classic,Women's History Month; summer read,World Bookshelf; Civilizations Through Books; Civilization · Greece; Around the World in 52 Books; Heartbreaking Reads; Dark & Atmospheric,"Dive into this captivating retelling of Greek mythology, perfect for fans of strong female leads and historical fiction.",,,,,,0,
Hekate,Nikita Gill,,,want-to-read,,,,,United Kingdom,English,,paperback @ UAE,Mythology; Poetry,goddesses; feminism; empowerment; mythology; identity; female power,lyrical; inspirational; thought-provoking,reimagined mythology,goddess literature; feminist reading; poetry collection; mythology retelling; strong female lead; diverse voices; level:intermediate,International Women's Day; Women's History Month,World Bookshelf,Read 'Hekate' for a lyrical and thought-provoking exploration of female power and mythology.,,,,,,0,
The Quest,Wilbur Smith,,,want-to-read,,,,,South Africa,,,paperback @ UAE,Adventure; Historical Fiction,exploration; discovery; survival; courage; friendship; peril,exciting; adventurous; suspenseful,quest narrative,classic author; historical adventure; male protagonist; action-packed; exploratory fiction; gem:classic,summer read,World Bookshelf,Dive into this classic adventure novel for a thrilling tale of exploration and bravery that will keep you on the edge of your seat.,,,,,,0,
The little Coffee Shop of Kabul,Deborah Rodriguez,,,want-to-read,,,,,Afghanistan,English,,paperback @ UAE,Fiction; Contemporary,female empowerment; war; cultural identity; friendship; resilience; hope; survival,heartwarming; inspiring; emotional,,coffee shop setting; Afghan culture; strong female characters; book club pick; international fiction; women's rights; war story; small business,International Women's Day; summer read,World Bookshelf; Middle East & North Africa; Around the World in 52 Books; Heartbreaking Reads; Comfort Reads,Read this book for a powerful and uplifting story of female friendship and resilience in the face of war and adversity.,,,,,,0,
The Last Knot,Shabir Ahmad Mir,,,want-to-read,,,,,India,English,,paperback @ UAE,Literary Fiction,identity; grief; human connection; resilience; hope,heartbreaking; hopeful; emotional,character-driven; interiority,new release; book club pick; emotional read; character-driven; debut author; contemporary fiction; thought-provoking; level:intermediate,summer read; book club summer pick,India Bookshelf; Indian Literary Fiction; Heartbreaking Reads; Comfort Reads,"A poignant and thought-provoking novel that explores the human condition, perfect for fans of literary fiction and emotional storytelling.",,,,,,0,
Rooh,Manav Kaul,,,want-to-read,,208,Penguin Random House India,,India,Hindi,,paperback @ UAE,Literary Fiction; Memoir,memory; displacement; nostalgia; identity; homecoming; search for roots,reflective; melancholic; poetic; atmospheric,homecoming; journey of self-discovery,Indian author; Hindi translation; Kashmir story; book club pick; poetic prose; translated literature; level:intermediate,monsoon read; autumn read; rainy day read,India Bookshelf; Indian Literary Fiction; States Through Stories; Kashmir Stories; Heartbreaking Reads; Dark & Atmospheric; Slow Literary,A hauntingly poetic exploration of memory and the irresistible pull of one's homeland.,,,,,,0,
The Fury,Alex Michaelides,,,want-to-read,,304,Celadon Books,,Greece,English,,paperback @ UAE,Mystery; Thriller; Psychological Thriller,obsession; betrayal; fame; unreliable narrator; revenge; illusion vs reality,atmospheric; tense; dark; dramatic,unreliable narrator; private island; locked room; wealthy elite,Greek island setting; unreliable narrator; book club pick; thriller lovers; vacation read; celebrity drama,Summer read; vacation read,World Bookshelf; Civilizations Through Books; Civilization · Greece; Around the World in 52 Books; Dark & Atmospheric; Page-Turners,A deliciously theatrical and twisty Greek-island murder mystery told by an unforgettably unreliable narrator.,,,,,,0,
The scent of Fallen Stars,Aishwarya Jha,,9789357084765,currently-reading,,378,Viking,,India,English,,paperback @ UAE,Literary Fiction; Contemporary Fiction,identity; memory; longing; love; grief; fate,atmospheric; bittersweet; emotional; melancholy,star-crossed lovers,Indian author; book club pick; literary fiction; emotional read; contemporary Indian literature; level:intermediate,rainy day read; monsoon read; autumn read,India Bookshelf; Indian Literary Fiction; Heartbreaking Reads; Dark & Atmospheric,"A hauntingly atmospheric read about love, fate, and the poignant traces left behind by the past.",,,,,2026-05-17,0,
A bird on my Windowsill,Manav Kaul,,9780143464624,read,,160,Westland,,India,Hindi,,paperback @ UAE,Non-Fiction; Memoir; Literary Fiction; Mythology,solitude; introspection; travel; art and writing; mindfulness; nature; identity; found family; self-discovery,reflective; philosophical; peaceful; melancholic; heartbreaking; hopeful; atmospheric,personal reckoning; voice-driven; character-driven; interiority; mythology retelling; divine politics,Indian author; translated literature; Hindi in translation; quiet read; monsoon read; short read; book club pick; translated fiction; under 300 pages; level:intermediate,Monsoon read; Rainy day read; Autumn; Diwali,India Bookshelf; Roots of Bharat; Indian Mythology Retellings; Indian Literary Fiction; Heartbreaking Reads; Comfort Reads; Dark & Atmospheric; Slow Literary,"A soulful and meditative read that captures the beauty of solitude, wandering, and everyday wonder.",,,,2025-04-06,2024-04-11,0,
The Woman in the Wood,Lesley Pearse,,,want-to-read,,400,Penguin,,United Kingdom,English,,paperback @ UAE,Historical Fiction; Mystery; Drama,family secrets; coming of age; mental illness; resilience; identity,mysterious; atmospheric; emotional; suspenseful,eccentric relative; small town secrets; mysterious outsider,1960s setting; British author; family drama; book club pick; historical mystery; coming of age story,Autumn read; Rainy day read,World Bookshelf; Heartbreaking Reads; Dark & Atmospheric; Page-Turners,"A compelling 1960s historical mystery rich with atmosphere, secrets, and unforgettable characters.",,,,,,0,
The Time Traveler's Wife,Audrey Niffenegger,,,want-to-read,,536,MacAdam/Cage,,United States,English,,paperback @ UAE,Science Fiction; Romance; Literary Fiction,fate and free will; devotion; grief; memory; unconventional love; mortality,bittersweet; romantic; melancholic; emotional; atmospheric,star-crossed lovers; time travel; lovers separated by fate,book club pick; time travel romance; debut novel; dual perspective; unconventional romance; bestseller; level:advanced; gem:popular,Valentine's Day; autumn read; rainy day read,World Bookshelf; Heartbreaking Reads; Dark & Atmospheric,A hauntingly poignant and unique love story about a devotion that transcends the limits of linear time.,,,,,,0,
The Innocent Wife,Amy Lloyd,,,want-to-read,,,,,United Kingdom,English,,paperback @ UAE,Psychological Thriller; Mystery,marriage; deception; justice; truth; media scrutiny,dark; twisty; suspenseful,wrongful conviction; investigative journalism,book club pick; twisty plot; crime fiction; domestic suspense; psychological suspense; marriage story; investigative thriller,summer read; weekend read,World Bookshelf; Dark & Atmospheric; Page-Turners,A gripping domestic thriller that explores the complexities of marriage and the dangers of deception.,,,,,,0,
Harem,Barbara Nadel,,,want-to-read,,,,,Turkey,,,paperback @ UAE,Historical Fiction; Mystery,power dynamics; identity; loyalty; deception; social hierarchy; murder; investigation,atmospheric; suspenseful; dark,fish out of water; investigating a murder,historical mystery; strong female lead; Ottoman Empire setting; crime fiction; book club pick; female detective,summer read; winter mystery,World Bookshelf; Middle East & North Africa; Around the World in 52 Books; Dark & Atmospheric; Page-Turners,"For fans of historical mysteries and strong female leads, 'Harem' is a gripping and immersive read that transports you to the enchanting world of 19th-century Istanbul.",,,,,,0,
Brida,Paulo Coelho,,9780061578939,read,,224,HarperCollins,,Ireland,Portuguese,,paperback @ UAE,Spiritual Fiction; Philosophical Fiction; Fantasy; Magical Realism; Literary Fiction,spirituality; self-discovery; love; soulmates; magic; faith; identity; feminism; personal growth; mysticism,mystical; reflective; inspiring; atmospheric; contemplative; inspirational; romantic,mentor and apprentice; spiritual quest; coming of age; magical realism,Paulo Coelho; spiritual journey; magic and mysticism; translated fiction; book club pick; quick read; female protagonist; philosophical themes; self-help elements; inspirational fiction; feminist literature; magical realism; personal development; transformative story; level:beginner,Autumn; rainy day read; New Year self-reflection; summer read; International Women's Day,World Bookshelf; Dark & Atmospheric; Slow Literary,"An enchanting exploration of love, faith, and spirituality from the beloved author of The Alchemist.",,,,2023-01-12,2022-09-26,0,
A perilous Pal,Laura Bradford,,,want-to-read,,288,Berkley,,United States,English,,paperback @ UAE,Mystery; Cozy Mystery,friendship; community; secrets; small town life; investigation,cozy; lighthearted; mysterious; warm,amateur sleuth; small town secrets,cozy mystery; female sleuth; small town mystery; quick read; weekend read; book club pick,Autumn; Rainy day read; Weekend read,World Bookshelf; Comfort Reads; Page-Turners,A charming and easygoing cozy mystery filled with small-town warmth and engaging intrigue.,,,,,,0,
The proof is in the poison,Diane Kelly,,,want-to-read,,304,St. Martin's Paperbacks,A Mountain Lodge Mystery,United States,English,,paperback @ UAE,Mystery; Cozy Mystery,community; small town secrets; second chances; justice,cozy; lighthearted; witty; charming,amateur sleuth; small town mystery,cozy mystery; mountain setting; female sleuth; book club pick; small town mystery; under 350 pages,Fall; Rainy day read,World Bookshelf; Comfort Reads; Page-Turners,"A charming and fast-paced cozy mystery set against a cozy mountain backdrop, perfect for fans of lighthearted whodunits.",,,,,,0,
Bleachers,John Grisham,,,want-to-read,,168,Doubleday,,United States,English,,paperback @ UAE,Fiction; Sports Fiction; Drama,nostalgia; legacy; forgiveness; small-town life; mentorship; regret; youthful glory,reflective; bittersweet; melancholic; nostalgic,reunion; tough mentor; glory days,American sports story; football fiction; under 200 pages; quick read; small town secrets; male friendship; book club pick; level:beginner,Autumn; Fall reading; Super Bowl weekend,World Bookshelf; Heartbreaking Reads,"A brief, compelling look at the dark side of high school sports obsession and the enduring power of a mentor's legacy.",,,,,,0,
Buddha,Deepak Chopra,,,want-to-read,,288,HarperOne,,India,English,,paperback @ UAE,Historical Fiction; Philosophical Fiction,enlightenment; spiritual journey; self-discovery; renunciation; compassion; transformation,reflective; inspiring; contemplative; atmospheric,hero's journey; riches to rags,Indian author; spiritual fiction; ancient India; life of Buddha; book club pick; inspiring read; philosophical novel,Vesak; New Year; rainy day read; Spring,India Bookshelf; Indian Historical Fiction; Dark & Atmospheric,An inspiring and accessible retelling of Siddhartha Gautama's path to enlightenment that breathes new life into timeless ancient wisdom.,,,,,,0,
Chowringhee,Sankar,,,want-to-read,,336,Penguin India,,India,Bengali,,paperback @ UAE,Literary Fiction; Historical Fiction,human nature; class division; secrets; ambition; city life; mortality,atmospheric; bittersweet; nostalgic; reflective,ensemble cast; behind the scenes,Indian author; Bengali literature; translated fiction; Kolkata story; book club pick; classic literature; 1950s setting; level:intermediate; gem:classic,Rainy day read; Monsoon read; Autumn read,India Bookshelf; Indian Historical Fiction; Indian Literary Fiction; States Through Stories; Bengal Stories; Dark & Atmospheric; Slow Literary,"A vibrant, deeply human portrait of mid-century Kolkata captured through the secret stories behind a hotel's glamorous façade.",,,,,,0,
The Iliad,Nick McCarty,,,want-to-read,,160,Usborne Publishing,,Ancient Greece,English,,paperback @ UAE,Mythology; Classics Retold; Historical Fiction,war; honor; glory; fate; revenge; mortality,epic; dramatic; tense; action-packed,divine intervention; tragic hero,Greek myth; Trojan War; classic retelling; short read; accessible classic; mythology lovers; level:beginner; gem:classic,back to school; rainy day read,World Bookshelf; Civilizations Through Books; Civilization · Greece; Around the World in 52 Books; Dark & Atmospheric,"An engaging, bite-sized entry point into ancient history's greatest battle.",,,,,,0,
My Sister's Keeper,Jodi Picoult,,9780743454537,read,5,423,Atria Books,,United States,English,,paperback @ UAE,Contemporary Fiction; Drama; Legal Fiction; Family Drama; Legal Thriller,sisterhood; bioethics; bodily autonomy; family loyalty; grief; parental love; family; sacrifice; love; identity; morality; ethics; health,heartbreaking; thought-provoking; emotional; tense; heart-wrenching; intense,moral dilemma; courtroom battle; courtroom drama; family secrets,book club pick; tearjerker; family drama; ethical dilemma; bestseller; sister relationship; emotional read; medical ethics; sibling love; courtroom thriller; contemporary classic; thought-provoking; gem:classic,rainy day read; autumn read; summer read; book club pick,World Bookshelf; Heartbreaking Reads; Dark & Atmospheric; Page-Turners,"A gripping, emotionally charged story about a family torn apart by a profound ethical dilemma.",,,,2024-04-10,2024-02-15,0,
The Apothecary,Maile Meloy,,,want-to-read,,368,G.P. Putnam's Sons,The Apothecary Series,United Kingdom,English,,paperback @ UAE,Fantasy; Historical Fiction; Young Adult,friendship; coming of age; courage; espionage; magic,adventurous; mysterious; whimsical; atmospheric,magical artifact; missing parent; unlikely allies,1950s London; Cold War story; magical potions; middle grade fiction; historical fantasy; book club pick,Autumn; Rainy day read; Halloween,World Bookshelf; Dark & Atmospheric,An enchanting blend of historical espionage and magical alchemy that delivers a thrilling adventure for all ages.,,,,,,0,
Sea of Poppies,Amitav Ghosh,,,want-to-read,,515,John Murray,Ibis Trilogy #1,India,English,,paperback @ UAE,Historical Fiction; Literary Fiction,colonialism; opium trade; caste; migration; found family; destiny,epic; atmospheric; immersive; dramatic,ragtag crew; fated encounters; cross-caste romance,Indian author; Ibis Trilogy; Booker Prize nominee; colonial history; historical epic; book club pick; level:advanced; gem:classic,Autumn read; Monsoon read,India Bookshelf; Indian Historical Fiction; Indian Literary Fiction; Dark & Atmospheric,"A brilliantly sprawling historical epic that paints a vivid, polyglot portrait of 19th-century colonial India and the high seas.",,,,,,0,
The Bankster,Ravi Subramanian,,,want-to-read,,360,Rupa Publications,,India,English,,paperback @ UAE,Thriller; Mystery,greed; corporate corruption; conspiracy; crime; morality,fast-paced; suspenseful; tense; dark,corporate conspiracy; whistleblower; deadly secrets,Indian author; financial thriller; corporate drama; page-turner; banking scandal; mumbai setting,monsoon read; weekend binge,India Bookshelf; States Through Stories; Maharashtra Stories; Dark & Atmospheric; Page-Turners,"A gripping, fast-paced financial thriller that exposes the dark and dangerous side of corporate ambition.",,,,,,0,
The Rule of Three,Sam Ripley,,,want-to-read,,336,Simon & Schuster,,United Kingdom,English,,paperback @ UAE,Thriller; Mystery; Horror,curse; paranoia; fate vs free will; urban legend; survival,tense; dark; suspenseful; creepy; fast-paced,urban legend; deadly curse; interconnected stories; unreliable narrator,psychological thriller; urban legend story; spooky read; page turner; book club pick; fast-paced read; Halloween read,Spooky Season; October reads; Halloween; rainy day read,World Bookshelf; Dark & Atmospheric; Page-Turners,"A terrifying, propulsive thriller that feeds on everyday superstitions and keeps you guessing until the very end.",,,,,,0,
Mahabharata Unravel Part-2,Ami Ganatra,,,want-to-read,,,,Unravelled Series,India,English,,,Non-Fiction; Mythology; History,dharma; truth; duty; ethics; epic history; misconceptions,informative; thought-provoking; insightful; analytical,mythology retelling; divine politics,Indian author; Mahabharata analysis; mythology non-fiction; book club pick; dharma and karma; Indian history; level:intermediate,Diwali; Gita Jayanti; weekend read,India Bookshelf; Roots of Bharat; Indian Mythology Retellings,Essential reading for anyone looking to understand the true textual essence of the Mahabharata beyond modern retellings.,,,,,,0,
The Untold Story of Sita,Merriam,,,want-to-read,,,,,India,English,,,Mythology; Historical Fiction,identity; grief; war; found family; feminism; culture; mythology; self-discovery,atmospheric; hopeful; heartbreaking; emotional; introspective,retelling; strong female lead,Indian author; mythological retelling; strong female character; book club pick; feminist literature; cultural heritage; historical retelling; Indian mythology; women's history; level:intermediate,Navratri; Diwali; International Women's Day,India Bookshelf; Roots of Bharat; Indian Mythology Retellings; Indian Historical Fiction; The Epic Project; Epic · Sita; Heartbreaking Reads; Comfort Reads; Dark & Atmospheric,"Read 'The Untold Story of Sita' for a powerful, feminist retelling of the Ramayana that breathes new life into an ancient mythological tale.",,,,,,0,
Remarkable Creatures,Tracy Chevalier,,,want-to-read,,,,,United Kingdom,English,,,Historical Fiction,friendship; discovery; gender roles; fossil hunting; Victorian society,inspiring; thought-provoking; historical,period setting; social constraints,female friendship; 19th century setting; fossil discovery; women in science; historical figures; book club pick,Women's History Month; summer read,World Bookshelf,Read 'Remarkable Creatures' for a fascinating and inspiring story of female friendship and discovery in Victorian England.,,,,,,0,
Heads You Win,Jeffrey Archer,,,want-to-read,,,,,Russia,English,,,Thriller; Historical Fiction,identity; power; loyalty; deception; survival; politics; family,gripping; suspenseful; emotional; intense,double agent; cold war espionage,Cold War story; Russian setting; male author; page-turner; book club pick; historical thriller; spy novel; family drama,Winter read; Father's Day,World Bookshelf; Heartbreaking Reads; Dark & Atmospheric; Page-Turners,"For fans of Cold War thrillers, 'Heads You Win' is an unputdownable tale of espionage, family, and survival.",,,,,,0,
If tomorrow Comes,Sidney Sheldon,,,want-to-read,,,,,United States,English,,,Thriller; Romance,love; survival; identity; betrayal; redemption; trust; deception,suspenseful; romantic; intense,forbidden love; cat and mouse,classic thriller; romantic suspense; page turner; airport read; Sidney Sheldon; iconic author; gem:classic,summer read; beach read,World Bookshelf; Dark & Atmospheric; Page-Turners,"If you enjoy suspenseful stories with a romantic twist, 'If Tomorrow Comes' is a must-read from the master of the thriller genre, Sidney Sheldon.",,,,,,0,
Maximum Ride,James Patterson,,,want-to-read,,,,,United States,English,,,Young Adult; Science Fiction; Action,identity; survival; found family; genetic experimentation; self-discovery; morality,fast-paced; adventurous; emotional; intense,superhero origin story; on-the-run,YA fiction; action-packed; series starter; strong female lead; genetic engineering themes; futuristic setting,summer read; back to school,World Bookshelf; Heartbreaking Reads; Dark & Atmospheric,"Dive into a thrilling world of action, adventure, and self-discovery with Maximum Ride, perfect for fans of fast-paced YA science fiction.",,,,,,0,
On Earth We're Briefly Gorgeous,Ocean Vuong,,,want-to-read,,,,,Vietnam/usa,English,,,Literary Fiction; Poetry,identity; family; war; immigration; grief; love; belonging,lyrical; heartbreaking; hopeful; intimate,character-driven; interiority,Vietnamese American author; LGBTQ+ themes; poetic prose; family drama; immigrant experience; book club pick; award-winning; level:intermediate,Pride Month; Asian American and Pacific Islander Heritage Month,World Bookshelf; Heartbreaking Reads; Comfort Reads; Slow Literary,"A stunning and lyrical novel that explores the complexities of family, identity, and belonging, written in exquisite prose.",,,,,,0,
The Vegetarian,Han Kang,,9781846276033,want-to-read,,,,,South Korea,Korean,,,Literary Fiction; Psychological Fiction,identity; morality; family; social norms; humanity; trauma; isolation,dark; haunting; introspective; melancholic,unreliable narrator; symbolism,Korean author; Man Booker International Prize winner; translated fiction; dark academia; family drama; mental health; social commentary; level:intermediate; gem:classic,Mental Health Awareness Month; World Vegetarian Day,World Bookshelf; East Asia Shelf; Around the World in 52 Books; Heartbreaking Reads; Dark & Atmospheric,"A mesmerizing and thought-provoking exploration of the human condition, perfect for readers who appreciate literary fiction and are interested in Korean culture.",,,,,,0,
The Fault in Our Stars,John Green,,,read,5,313,Dutton Books,,United States,English,,,Young Adult; Romance; Realistic Fiction,love; mortality; identity; grief; hope; meaning of life,heartbreaking; poignant; witty; emotional,star-crossed lovers; tragic ending,cancer story; YA classic; book club pick; summer read; tearjerker; award-winning author; bestseller; gem:classic,summer read; Valentine's Day,World Bookshelf; Heartbreaking Reads,"A heart-wrenching love story that will make you laugh and cry, exploring the complexities of life, love, and loss.",,,,,2021-10-31,0,
All the Light We Cannot See,Anthony Doerr,,9781476746586,read,4,531,Scribner,,France,English,,,Historical Fiction; Literary Fiction,hope; survival; war; grief; perception; human connection; resilience,atmospheric; emotional; hopeful; haunting,interconnected storylines; coming of age,Pulitzer Prize winner; WWII fiction; blind protagonist; historical fiction; literary fiction; book club pick; award-winning author; translated into many languages; 500+ pages; level:advanced; gem:classic,Memorial Day; Veterans Day; WWII remembrance,World Bookshelf; Heartbreaking Reads; Comfort Reads; Dark & Atmospheric,"A beautifully written and emotionally charged novel that explores the human experience during WWII, perfect for fans of historical and literary fiction.",,,,,2021-10-31,0,
A Gentleman in Moscow,Amor Towles,,,read,4,495,Penguin Books,,Russia,English,,,Historical Fiction; Literary Fiction,identity; isolation; hope; redemption; class; freedom; human connection,atmospheric; contemplative; witty; heartwarming,fish out of water,Russian author; historical novel; book club pick; award-winning book; literary fiction; Cold War era; Moscow setting; level:intermediate,winter read; New Year's resolution,World Bookshelf; Comfort Reads; Dark & Atmospheric,A beautifully written and engaging novel that explores the human experience through the eyes of a charming and intriguing protagonist.,,,,,2021-10-31,0,
Sapiens: A Brief History of Humankind,Yuval Noah Harari,,,read,5,512,Vintage,,Israel,,,,Non-Fiction; Historical,human evolution; science; history; culture; society; technology; philosophy,informative; thought-provoking; engaging,,book club pick; historical non-fiction; science and technology; award-winning author; bestseller; educational; fascinating read; level:advanced; gem:popular,summer read; back to school,World Bookshelf,A fascinating and insightful book that will change the way you think about the history of our species.,,,,,2021-10-31,0,
Atomic Habits: An Easy & Proven Way to Build Good Habits & Break Bad Ones,James Clear,,,read,4,319,Avery,,United States,English,,,Self-Help; Personal Development; Psychology,behavior change; goal setting; motivation; self-improvement; personal growth; mindfulness; discipline,informative; inspiring; practical; optimistic,,self-improvement book; productivity guide; new year new me; goal setting; habit tracker; personal development book; motivational read; behavior change,New Year; New Year's Resolutions; Back to School; Summer Self-Improvement,World Bookshelf,"Read 'Atomic Habits' to transform your life with proven, science-backed strategies for building positive habits and achieving your goals.",,,,,2021-10-31,0,
"Fifty Shades of Grey (Fifty Shades, #1)",E.L. James,,9781612130293,read,4,356,Vintage,Fifty Shades,United Kingdom,English,,,Romance; Erotic Fiction,power dynamics; intimacy; vulnerability; control; desire; identity; relationship,sensual; intense; passionate; dark,forbidden love; dominant male; naive heroine,erotic novel; adult romance; controversial book; bestseller; book club pick; Valentine's Day read; gem:popular,Valentine's Day,World Bookshelf; Dark & Atmospheric,"For readers who enjoy intense, passionate romance and are looking for a story that explores the complexities of desire and relationships.",,,,,2021-10-31,0,
Gone Girl,Gillian Flynn,,9780307588371,read,4,415,Ballantine Books,,United States,English,,,Thriller; Psychological Fiction; Mystery,betrayal; love; murder; deception; marriage; psychology; manipulation,dark; twisty; gripping; suspenseful,missing person; twist ending,human-pyscology-mystery-suspense; psychological thriller; crime fiction; marriage story; suspenseful read; twisty plot; book club pick; long read,summer read; weekend read,World Bookshelf; Dark & Atmospheric; Page-Turners,"If you enjoy twisty and suspenseful stories with complex characters, you'll love this gripping thriller about a marriage that's not what it seems.",,,"This book is a crime thriller but is more than that!! Human Psychology, child psychology, love, betrayal, murder, foolproof crime planning, and a lot more.<br/><br/>Book Starts with Amy- The female protagonist, missing from her house on the day of her fifth marriage Anniversary. The crime scene looks like a kidnapping case. When the police investigation starts, all clues evidence point to Nick- her Husband & male protagonist of the Story. Every year Amy used to set up a treasure hunt for Nick for his Anniversary Gift. This year was the same, but while searching for the treasure hunt, Nick found something that changed the whole perception of the story.<br/><br/>In the first part of the story, things might seem clear, the story might seem boring and you feel you know the murderer. But wait till you reach the second part, there is an unexpected twist! And you would be wandering about the patience in planning and plotting things. You would be reading Amy and Nick’s side of the story simultaneously. You might feel Nick as the villain of the story but wait till you reach the End.<br/><br/>This was a long read, but yeah one of the kind, you can’t put down to get quickly to the end, especially after the first part. On some pages it was boring but overall it’s a gripping Mystery Book. But I am a little disappointed with the end of the Book. I was expecting to have some better Ending.",,2021-10-31,0,
Draupadi - India's First Daughter,Vamshi Krishna,,,read,5,183,Self,,India,English,,,Mythology; Historical Fiction,identity; sacrifice; feminism; dignity; respect; society expectations; hardships,inspiring; emotional; thought-provoking,mythology retelling; divine politics; period setting; social constraints,Indian author; mythology retelling; strong female lead; Mahabharata story; female empowerment; short read; under 200 pages; level:intermediate; gem:classic,Navratri; International Women's Day,India Bookshelf; Roots of Bharat; Indian Mythology Retellings; Indian Historical Fiction; The Epic Project; Epic · Draupadi; Heartbreaking Reads,"A must-read for anyone interested in Indian mythology and strong female leads, offering a fresh and thought-provoking perspective on the classic Mahabharata story.",,,"We all have heard Mahabharata Stories Right? But The Mahabharata we heard was all about the great Male warriors, the Greatest battle for Dharma. What we didn't know was How females shaped the whole Battle, what role was there.<br/><br/>When I picked the book, it was random choice & I am glad I came across it because this book is really worth the read..<br/><br/>Who don't know ""Draupdi""- wife of five Pandavas & the daughter of King Drupad. But What about her own identity? She was Born from Fire as a boon to King. She was blessed to be the reason of destruction of kaurvas.<br/>Her life is perfect Example of hardships a Woman face in men superior Society! Making so many sacrifices for the sake of family, partner, society, her Dignity still all time we expect Women to compromise to situations even at the stake of her Respect and dignity. Her Beauty, her Physical Appearance becomes more as a Curse to her sometimes.....<br/><br/>Writer Vamsi Krishna has beautifully pen down the Conflicts going inside a woman, Her pain, her thoughts, her sensitivity, her fierceness. Choice of words, the way he explained it's totally mesmerizing. I never expected a male author to write so simply but amazingly about each emotion of Women.<br/><br/>One thing I am sure this is gonna be your total new experience, reading the Mahabharata from the view of Draupadi, and trust you won't be able to put book down once you start.Last but not least if you r a person in Mythology & curious about Ancient Indian culture, this one is for you....",,2021-11-07,0,
India’s Most Fearless: True Stories of Modern Military Heroes,Shiv Aroor,,9780143440444,read,5,256,Penguin Random House India,,India,English,,,Non-Fiction; Military History; Biography,patriotism; courage; sacrifice; fearlessness; war; national security,inspiring; intense; patriotic; emotional,,Indian author; military non-fiction; patriotic read; inspiring true stories; Indian Armed forces; surgical strikes,Independence Day; Republic Day,India Bookshelf; Heartbreaking Reads; Dark & Atmospheric,Read this book to experience the inspiring true stories of India's most fearless military heroes and gain a deeper appreciation for their sacrifices.,,,"This book was suggested to me by friend who himself is an Army brat, and I was totally in to amazement while reading the book. For civilian like me who holds immense respect for soldiers and admire them the most, this book is a insight to the adventure and dangerous life our soldiers lead without fearing & I guess that why they are being called ‘India’s Most fearless’.<br/><br/>Coming to the book, ‘India’s most Fearless 1′ is written by Shiv aroor who is a journalist and Anchor, with over a decade’s experience covering the Indian military and conflict.The books starts with the most talked ‘Uri Surgical Strike‘ Mission of Indian forces that is a movie as well now. Books contains 14 true account of most deadly surgical strikes & operations carried successfully by Indian Armed forces. It takes you through the adventurous journey of fearless soldiers and their true experiences in their own words. The courage, fearlessness and boldness they showed in eliminating the Eenemy without caring about their lives is truly above anything.<br/><br/>One Emotion that you would feel throughout the book will be Patriotism and trust me your respect for indian Armed forces will go high many times. Afterall they are the one who sacrifice their lives so that we could live peacefully. Because sitting at our homes we don’t know what pressure and Emotions they deal with while facing the Enemy.",,2021-11-07,0,
Chanakya's Chant,Ashwin Sanghi,,9789380658674,read,5,448,Westland Limited,,India,English,,,Historical Fiction; Mythology; Thriller; Political Fiction,politics; power; ambition; history; unity; morality; political strategy; power and corruption; duality of history; kingmaking,gripping; thought-provoking; atmospheric; suspenseful; clever; fast-paced; intense,parallel storylines; rags-to-riches; dual timeline; mastermind strategist; kingmaker; political intrigue,Indian author; mythological fiction; historical thriller; Indian history; political fiction; inspirational story; political thriller; dual timeline; ancient India; book club pick; Indian politics; bestseller; level:intermediate; gem:popular,Independence Day; Republic Day,India Bookshelf; Roots of Bharat; Indian Mythology Retellings; Indian Historical Fiction; Dark & Atmospheric; Page-Turners,"A must-read for fans of historical fiction and mythology, offering a unique blend of action, suspense, and thought-provoking themes.",,,"Once you start taking interest in Indian history then there is no comeback. It will always fascinate you to know more about it, get deeper into it. From Reading about Great Vishnu Gupta in GK & History books, we all know about his work ‘Arthsastra- the science of wealth’.<br/><br/>His character simply shows not to underestimate even a common man. The Man who brings the whole Bharat under one kingdom unified. Who gave India its powerful Emperor Chandragupta Maurya. & no wonder we still refer to ‘Chanakya Neeti’ in politics. A simple Brahmin Scholar who made his life goal to ‘unite Bharat’ either by hook or crook.<br/><br/>Chanakya’s Chant is written by Ashwin Sanghi, who is known for his Mythological Fiction Writings. No doubt the author has a deep knowledge of Indian history which will be visible throughout the Book. Writer narrated two different periods side by side. one chapter taking you to the Era of Chanakaya and the next bringing you to the modern political Era.<br/><br/>What Binds both Eras together is the Lead character of Story ‘Ganga prasad Mishra’- a simple brahmin History teacher from Kanpur who landed accidentally in the ruins of great Man ad Emperor & got something valuable which shaped his future. With the Mindset of chanakyas, he made a simple slum girl- Chandani reaches the Post of the prime minister of India. Books simply shows that politics run by Hook or crook. And never a fair Game even if you r working for good.<br/><br/>It’s quite a Gripping novel, but maybe at some point, you might feel it boring with political facts & figures and all but overall it’s a good read. It would be a new kind of experience to read two different stories of two different Eras side by side. It took me a little longer to finish the book but quite impressed by the work of the author on little details.",,2021-11-07,0,
Cracking The Code: My Journey to Bollywood,Ayushmann Khurrana,,9788129135681,read,4,136,Rupa,,India,English,,,Biography; Memoir; Entertainment,perseverance; passion; love; relationships; self-discovery; success; struggle,inspiring; honest; heartwarming; motivational,personal reckoning; voice-driven,Bollywood actor; Indian author; memoir; inspirational story; behind-the-scenes; entertainment industry,Diwali; Indian Independence Day,India Bookshelf; Comfort Reads,Read this inspiring memoir to learn from Ayushmann Khurrana's experiences and get a glimpse into the life of a Bollywood star.,,,"Let’s come to the Book- so ‘cracking the code is the life journey of Actor Ayushmann Khurana from a simple Chandigarh guy to Bollywood’s self Made Star. The book is the raw version of his Experience with no filters. It’s the story of a little boy who always dreamt of being an actor even as a kid, & eventually made it through all even and odds. It also beautifully express the relationship and love between the lovely couple that I personally really admire. Tahira Kashyap truly is an example of woman who loves unconditionally and never give up on his man whether he is successful actor or just a ordinary Man.<br/><br/>Cracking the code- so it’s the lessons and the key points Ayushman learned during his journey that made him what he is today. I thoroughly enjoyed the book as I felt its the most honest account of any Actor. He didn’t tried to sugarcoat anything but was true with experience. The best part in the book was when he openly tells the reality of the so called Reality Shows.<br/><br/>Though it was a one-sitting book, you would be amazed at the enthusiasm and never-give-up attitude of the Actor. So, if you are also dreaming big whether, in Bollywood or life, you must give this book a try. It’s always good to learn from other’s Experiences whenever you can. Simple English, relatable scenario you all would feel connected to. Because the journey to Bollywood is not a cakewalk. It’s good to dream big but you should know the path you are taking and the hurdles coming.",,2021-11-07,0,
Reflections of a Man,Amari Soul,,9780986164705,read,5,278,"Black Castle Media Group, LLC.",,United States,English,,,Self-Help; Relationships; Personal Development,toxic relationships; self-awareness; healthy relationships; female empowerment; emotional intelligence; personal growth,inspirational; thought-provoking; emotional,,self-help book; relationship advice; women's empowerment; personal development; book club pick; inspirational read,Women's History Month; International Women's Day,World Bookshelf; Heartbreaking Reads; Page-Turners,"A must-read for anyone seeking a deeper understanding of healthy relationships and personal growth, especially for women looking to empower themselves and break free from toxic patterns.",,,"This book is always on my favourite reads even before I read it. Why? Because as a woman I related to each and every line of this Book. There are a few male authors who have this unique power of writing down females emotions so beautifully that you might wonder is it work of a male author or a female has poured out her heart.<br/><br/>I remember I came across author’s facebook page’s some post & I instantly fell in love with the lines. I started following the page and I realised those all post are part of the book. So one fine day I just picked the book to give a try and I was totally in awe with the words, with the emotions, with the message it conveys. It was totally like someone has written what I exactly feel as a woman.<br/><br/>Reflection of A Man is beautifully written by Mr. Amari Soul . Many of us have been into toxicity without even knowing that we are into one. Reflection of A Man simply says how a man should be in a relationship, how he needs to treat her lady. Because knowing a female’s emotions is not complicated but we make it so. On the Other for female, it is trying to let them know if they are in a toxic relationship, with the person who doesn’t give them what they deserve. If it’s the time to get out of toxicity believing in the strong woman that she is.<br/><br/>It’s an attempt by the author to make women self-aware, more powerful, and more understanding about what a healthy relationship looks like, what they ask from their partner is not too much. While for a Man it gives them more insights into female Emotions, feelings to make their relationship with their partner more strong with time and turn it into a beautiful and understanding one, without being compelled by the woman she is.<br/><br/>So I would say whether you are a male or a female, both should read this book once. It would surely be a page-turner in a relationship. So you know kind of win-win situation for both male and Female. Because what I believe is that -” your relationship with someone affects your physical, mental and emotional state either positively or negatively, totally depending on how you are being treated in a relationship”. Make sure you bring positive changes to your partner’s life.<br/><br/>Book is mainly focused on enhancing the quality of relationship between a male and female, be it married couples or girlfriend boyfriend. It is gonna be a good read for both male and female as the writer tried his best to write down the both parts.<br/><br/>I thoroughly enjoyed the book, even I still post excerpt of the book even now & then. I m pretty sure you would enjoy it.",,2021-11-07,0,
The Modern Break-Up,Daniel Chidiac,,,read,5,167,Undercover Publishing House,,Australia,English,,,Self-Help; Non-Fiction; Relationships,heartbreak; self-worth; identity; modern dating; social media; moving on,relatable; reflective; honest; insightful,,millennial dating; modern relationships; self-help book; dating apps; breakup advice; self-love; personal growth,Valentine's Day; Singles Awareness Day,World Bookshelf,A must-read for millennials navigating the complexities of modern dating and seeking a fresh perspective on relationships and self-love.,,,"Being a millennial, I could relate to the fact that Dating and relationships have lost their charm in Modern World. We are now looking for our Love on dating Apps randomly swiping the profiles. Sometimes it starts with a spark but that so-called spark fades away quickly. Sometimes the other person ghosts us or sometimes we simply lose interest in the individual. The person we want, in turn, want someone else, and those who want us we don’t want them, and this cycle goes on. Complicated Right?<br/><br/>In the world of this Social Media and the Internet, Our way of dealing with Breakups have also changed. Breakup followed by late-night stalking, checking their last seen, typing a long emotional message, but then in conflict whether to send them or not. Whether these efforts would bring the Person back? I believe- No, it won’t. It would make you more miserable. I won’t say breakup and moving on is easy but knowing self-worth and moving on is much better right? Rather than continuously thinking what went wrong and questioning your own value.<br/><br/>Well coming to the Book, The Modern Breakup wonderfully written by Daniel Chidiac. Initially may be you would find the book a little boring but once you would get in to the rhythm of reading, trust me you would relate to each and every word as millennial or I should say person like me stuck in modern day Dating. What make this Book Unique? Either you are Male or a Female, both would relate to it because usually either it’s about male or female. But here author Balanced both sides so well.<br/><br/>As a Female, I feel sometimes that Men Find it easy to go for casual/ hookups thing. And having male friends I know they somewhere feel the same. But guess what we are emotionally exhausted after investing our time & energy on someone who doesn’t deserve it. So if you are a millennial you would relate to it while reading the book, and if you are not like one of us you would surely say, what this generation has got itself into.<br/><br/>Well but the book surely deserves one Reading, I promise you won’t regret investing time in it, at least I don’t. Get your copy and face the truth, you would learn a lot with this book especially about yourself, another gender, and of course dating & relationships. One last piece of advice from my side for Dating in modern Days – “Be clear about your intentions from the very beginning with the other person- you want casual say it, you want a hookup to say it, you want relationship make it clear, you want a commitment tell them. JUST BE CLEAR to save yourself from complications”",,2021-11-07,0,
Boots Belts Berets,Tanushree Podder,,9788186939383,read,5,223,Indiaink,,India,English,,,Historical Fiction; Literary Fiction,camaraderie; brotherhood; identity; patriotism; self-discovery; friendship; discipline,inspiring; emotional; thrilling; heartwarming,coming of age; friendship to brotherhood,Indian author; Army life; National Defence Academy; 1970s setting; military fiction; Indian Armed Forces; inspirational story; level:intermediate,Independence Day; Republic Day,India Bookshelf; Indian Historical Fiction; Indian Literary Fiction; Heartbreaking Reads; Comfort Reads,"A must-read for those fascinated by the Armed Forces, Boots Belts Berets is an inspiring and emotional journey of self-discovery, friendship, and patriotism.",,,"Coming to the book- Boots Belts Berets written by Tanushree podder, who is herself a proud Army Wife. Boots Belts Berets take you inside the lives of Cadets training in National Defence Academy. This is the Journey of four young Boys from the civilian way of living to be a part of the Defence forces. It takes you to the three years’ tough training, pranks, parades, love, punishments, camaraderie, brotherhood, Ragging, roller coaster of emotions, fun times. Sounds interesting? Wait till you read this book and trust me you would be amazed.<br/><br/>Book set in the 1970s, takes civilians like us to the virtual visit of the Academy and inside the life that waits for the young cadets. It is the story of bonds developed between cadets over three years, it is the journey of cadets to be part of the Indian Armed Forces. It is the journey to stand out of the crowd, to be the pride of the Nation. Though the training & lessons they go through are much different than the civilian way but one thing that remains common is the way how those new unknown faces become dearer than family in a short time. with time growing more stronger that sometimes camaraderie comes before responsibility.<br/><br/>Being always fascinated by Armed forces life, I thoroughly enjoyed the book. The writer has written it so beautifully that you could imagine each scene in your mind while you are reading it, and that’s what makes a writer stands above others. There is a feeling of thrill throughout the book starting from the 1st day they stepped on Pune railway station till the last day at passing out parade. I am sure you would be more fascinated to know about their life after reading this book.<br/><br/>So, like I always say, go and grab your copy and experience the same pleasure of this virtual visit.",,2021-10-31,0,
Apprenticed to a Himalayan Master: A Yogi's Autobiography,Sri M.,,,read,5,329,Magenta Press,,India,English,,,Memoir; Spiritual; Autobiography,spirituality; self-discovery; cultural heritage; personal growth; interfaith understanding; philosophy,inspiring; reflective; uplifting,personal reckoning; voice-driven,Indian author; spiritual memoir; yoga philosophy; Himalayan setting; interfaith dialogue; cultural exploration,International Yoga Day; World Meditation Day,India Bookshelf; Comfort Reads,"For a profound and inspiring exploration of spirituality, self-discovery, and India's rich cultural heritage, read 'Apprenticed to a Himalayan Master'.",,,"I read books and there are a number of them mentioning the spiritual treasure of India whether it is ‘Monk who sold his Ferrari’ or ‘way of the peaceful warrior’, they all have one thing in common, at some part of their spiritual journey, they visited India. I have seen so many foreigners coming to India and adapting our culture and living in ashrams devoting their lives to yoga and meditation. I have seen foreigners coming to India for their researches in neuroscience because they think India has answers to all the questions that they are searching for. I have seen foreigners being devotees of ‘Krishna’, I have seen them reading ‘Geeta’ and adopting it in their way of living. And trust me it’s a matter of pride to know this, we are part of a country that is only one of its kind.<br/><br/>Apprenticed to a Himalayan Master -The Autobiography of ‘Shri M’, is surely an inspiring and amazing journey of A Muslim boy attracted by Vedas & Upanishads philosophy and attracted by the Secrets of Spirituality hidden in snow-capped mountains of Himalayas. Book is not only his journey to be a great yogi but it is a good chance to know the rich culture of India, to know the true meaning of religions, to know the country you live in from a different view. I was completely astonished while reading the book finding out that the great Spiritual Souls don’t have any grudges on religion! They all r one and bless you if you’re a true seeker!<br/><br/>Also, the book gave a wonderful view of India’s diverse religious culture and the beauty of souls who chose India as their place! From mountains to beaches from deserts to plateau India holds the power to attract even foreigners to resides in India and adopt our ancient way of living. From the Sufi souls to great yogis to great philanthropists to lamas you would find great souls making India their home & making its global power in spirituality and yogic powers!<br/><br/>Also, books explain to you the true beauty of the Himalayas and Uttarakhand. The book is worth reading if you are mesmerized by Indian and Himalayas Beauty & Spirituality! We all know the importance of the Himalayas- being the abode of Shivji and many great sages. Himalaya is not beautiful in terms of view but it is also important as it is home to so many Great Souls, so many herbal plants and medicine, and hides deep secrets inside. The beauty of the Himalayas is mesmerizing so is its spiritual importance.<br/><br/>Those who think India doesn’t have much to offer in comparison to developed countries, I would proudly tell them that people from those developed countries live in India as yogis adapting Indian culture! Those who debate on the religions I would surely recommend this book to them, I m pretty sure their thoughts would change as if you know the core of any religion they all believed in humanity, and all r one !!!<br/>I m happy I came across this book and it surely gave me so many reasons to Love India and be a proud Indian!!!<br/><br/>So go grab your copy if you are mesmerized by the beauty of the Himalayas if you also want to know more about ‘India’ and its rich cultural heritage.",,2021-11-07,0,
A Hundred Little Flames,Preeti Shenoy,,,read,5,400,Westland Books,,India,English,,,Literary Fiction; Family Drama; Romance,love; family; betrayal; society; generational bond; identity; respect,heartwarming; emotional; thought-provoking; poignant,forbidden love; intergenerational relationships,Indian author; family drama; love story; book club pick; emotional read; multigenerational; social issues; level:intermediate; gem:popular,Father's Day; Grandparents' Day,India Bookshelf; Indian Literary Fiction; Heartbreaking Reads; Comfort Reads,"A beautifully written exploration of love, family, and societal expectations that will leave you pondering the true meaning of relationships and acceptance.",,,"A hundred little lamps – this not your usual Romance Fiction novel, it’s way beyond that. When I picked this book I had no idea what it holds. And trust me it’s a new experience. The book is about the true bond between a grandson and a grandfather. It’s about a grandson who becomes his grandfather’s secret holder in some weeks. It’s about their endless conversations, it’s about their love, it’s about the conversation between two generations. It’s about a grandson’s effort to save his grandfather from his own Son. It’s about a grandson’s endeavor to find his grandfather’s old love and bring them together despite society.<br/><br/>It’s about a father who tried his best to give the best to his kids, to give them happiness, to educate them, make them capable of differentiating between wrong and right. But when he did something that makes him happy, his kids humiliated him and pointed him wrong. It’s about a father betrayed by his son, just because he looked for companionship in his old days.<br/><br/>The story is about the love of two people who remains separated for most of life but love never lost its spark. It was not the love holding lust, it was pure form were spending time matters, where the happiness matters, where seeing the other smile matters, where respect for each other matters, where the spark of love never dies. Where the intimacy was emotional not the physical. What’s wrong if two people understand each other and just be themselves? Why we as a society can’t accept the fact that loves is not always about getting involved physically, it’s way beyond that?<br/><br/>As I read the book it was a new Experience, to read about the old-time love stories. They are not like modern age relationships. And this book surely shows a beautiful story. This book is an example of how beautifully two generations learn from each other. The author did a really good job in writing so beautifully that I was able to visualize each moment in my mind. And as I always say this is the beauty of an Author and makes it a bestseller…",,2021-11-07,0,
Train to Pakistan,Khushwant Singh,,9780802132215,read,5,181,Grove Press,,India,English,,,Historical Fiction; Literary Fiction,partition; grief; identity; war; community; hatred; uncertainty; found family,heartbreaking; atmospheric; dark,period setting; social constraints; character-driven; interiority; historical trauma,Indian author; partition story; Independence Day; book club pick; historical fiction; literary fiction; classic novel; level:intermediate; gem:classic,Independence Day; Partition anniversary,India Bookshelf; Partition Stories; Indian Historical Fiction; Indian Literary Fiction; States Through Stories; Punjab Stories; Heartbreaking Reads; Dark & Atmospheric,"A powerful and poignant portrayal of the human cost of partition, 'Train to Pakistan' is a must-read for anyone interested in Indian history and literary fiction.",,,"Train to Pakistan by Kushwant Singh- a book based on the time of Partition. It recounts the Partition of India in August 1947 through the perspective of Mano Majra, a fictional border village. When the whole country was burning in the flame of partition, There was a village that was still living in peace with Hindus, muslim, and Sikhs all like a family. Which was untouched by the Partition violence. But one day a train stopped at the station and everything changed for the village. There was fear, uncertainty, Doubtfulness for each other. Muslims were forced to live their homes to go to refugee camps and to be sent to Pakistan through the train running from Amritsar to Lahore.<br/><br/>I could only imagine, how scary scenes would have been at those times, when trains coming to stations were full of dead bodies, not sparing a single life. Could you imagine how much hate it has raised with just one decision? The people who were like brothers to each other, now have uncertainty for each other. Muslims look at Hindus with hate and vice versa. But who suffered the most in this? We all know the answer right? Common people but those sitting at Delhi, who decided this without even analyzing the consequences, didn’t even suffered a bit.<br/><br/>It took me some time to finish the book, as it is just not a novel but a book that takes you to the partition Days. The author writes it so beautifully that you could picture every scene and that’s what makes a book worth reading. I would suggest to read this book atleast once, it would if not eradicate it would then decrease your hate for other religions, you would know the reason why our country called ” unity in diversity”. Because we are the country where “Hindu, Muslim, Sikh, Christian, all are brothers”.<br/><br/>So you may get your",,2021-11-07,0,
A Thousand Splendid Suns,Khaled Hosseini,,9781594489501,read,5,372,Riverhead Books,,Afghanistan,English,,,Historical Fiction; Literary Fiction,grief; identity; war; motherhood; survival; sacrifice; patriarchy; women's rights,heartbreaking; hopeful; atmospheric; emotional,found family; abusive relationships,war story; women's fiction; book club pick; historical novel; Afghanistan setting; powerful storytelling; emotional read; strong female characters; level:intermediate,Women's History Month; International Women's Day,World Bookshelf; Middle East & North Africa; Around the World in 52 Books; Heartbreaking Reads; Comfort Reads; Dark & Atmospheric,"A heart-wrenching and thought-provoking novel that explores the resilience of women in the face of war, patriarchy, and oppression.",,,"When I started the book I had no idea the book will end like this. The book has so much in it- life in war, women’s rights, women’s condition in olden times, patriarchy, love, betrayal, innocence so many emotions so many characters. And trust me this book will bind you till the end.<br/><br/>A Thousand Splendid Suns- by Khaled Hosseini. This is my first read of Khaled Hosseini but I am awestruck with his magic of words. From the beginning till the end of the novel you would feel like you are witnessing the whole Story as being a part of it. You could visualize every scene, every emotion. And that’s what I love about a writer his power of imagination and the power of imagination he gives to his readers while reading the book.<br/><br/>The story is set in Afghanistan and the beautiful city of “Kabul” during the time the forty-year span in war-torn Afghanistan – from before the Communist era through civil war, the Taliban, and the arrival of American troops. This is the story about Two Ladies whose Fate takes them together. Story of endless domestic abuses, story of motherhood, the story of not giving up to life, the story of survival, suffering, and sacrifice.<br/><br/>So the Story starts with a little girl- Mariam, who doesn’t even know the meaning of “Harami”. Her life is confined to the periphery of his little home because she is illegitimate for the outer world. At age of 14 when we barely know how to take care of ourselves, she lost her mother, her father married her off to a man much older than her. She has no right over her life, over her decisions. When a girl gets married she has so many dreams but her dreams are shattered one by one. For her husband, she was just a means of having a Son and fulfill his physical needs. Sadly even Decades later there are still people like this for whom women are just machines to have kids and Complete physical needs.<br/><br/>Laila- another protagonist of the story lost her wife in the war violence, got married to the old man for the sake of a kid in her womb. It’s strange how much sacrifice a mother does for her kid. The story is about women and their losing self-worth. But it’s said that everything has a limit and one day that limit crosses and you have to either do or die. The decision is hard but eventually the end of the suffering.<br/><br/>I will be honest there was a mixture of emotions that I am not able to pen down in straight. But yes it was an emotional read. It was heartbreaking to read women clad in Burkha, banned from studies and freedom. Women enduring years of domestic violence but never uttering a word because of no court for them. I admire the dareness of both ladies who survived each day and keep on being each other’s strength.<br/><br/>So I would say yes the book is worth reading. It’s not your one-sitting book but it’s worth the time. You would feel like your just witnessing all these incidents standing right there and feeling their emotions.",,2021-10-31,0,
Suheldev & the Battle of Bahraich (Indic Chronicles #1),Amish Tripathi,,,read,5,352,Westland,Indic Chronicles #1,India,English,,,Historical Fiction; Mythology,unity; patriotism; war; invasion; cultural heritage; selflessness; sacrifice,inspiring; patriotic; historical; emotional,period setting; social constraints; mythology retelling; divine politics,Indian author; Indian History; historical fiction; mythological fiction; patriotic read; Indian culture; level:intermediate,Independence Day; Republic Day,India Bookshelf; Roots of Bharat; Indian Mythology Retellings; Indian Historical Fiction; Heartbreaking Reads,"A must-read for those fascinated by Indian History and mythology, this book is an inspiring tale of unity and patriotism.",,,"the book is set in the times, when the Turkish Army of Mahmud of Gazni, invaded India and looted the Great Somnath Temple. The Great Somnath Temple is still a holy and important place in India not only in terms of architecture and history but in terms of Worship. This is the Story, how a prince of a Small kingdom, becomes the leader to save India. How he United all Indian kingdoms, Religions, caste, tribes into one unified Army to fight the enemy and save our Motherland. This is the story of how the Love for Motherland suppressed differences in Religion, caste, kingdoms. How all Indians come together to target one aim- Free our motherland from the Invaders and save our civilization.<br/><br/>This book was a goosebumps experience while reading. A perfect mix of Indian History and Fiction. Our country has always been a center of attraction for invaders, but our motherland has courageous Sons who fought selflessly, who always made her Proud. This is an example of Unity we had despite having differences in religions, caste, cultures. When mother India needed her sons, they were all one. SuhelDev is not a fictional character and there are So many warriors like suheldev in Indian history who showed the same courage and dedication for their motherland and sacrifices their life for the sake of Mother India.<br/><br/>This book is worth reading especially when you have a facination for Indian History. I don’t know why people say Indian is not worth living, it has nothing and all. I was an Indian always find it worth living and love being an Indian. And those who say it’s not worth living here, why not make it worth living? Every civilization, every country has some good and bad sides. Let’s embrace the good side and work on the bad side and make our country again a paradise-like it was in history. Why make the sacrifices of our great warriors go to waste?",,2021-11-07,0,
Give Your Heart a Break,Anuj Tiwari,,9789353334352,read,5,208,Rupa Publications,,India,English,,,Fiction; Domestic Drama,domestic violence; marriage; love; family bonding; sisterly love; motherly love; empowerment,emotional; heartbreaking; inspiring; thought-provoking,overcoming adversity; female empowerment,Indian author; domestic drama; women's rights; family story; social issues; quick read; under 300 pages; level:beginner,Women's Day; International Day for the Elimination of Violence against Women,India Bookshelf; Heartbreaking Reads,A must-read for anyone who believes in the power of love and family to overcome even the darkest of struggles.,,,"“Give your Heart a break by Anuj Tiwari” is a book, that would take you inside the life of one such family. I randomly picked that book on the weekend & With easy language and storyline, I was able to finish it in one sitting. What made me stick to the book was the way the author explained the beauty of relations. Book focused on a lot of points like domestic violence, marriage, love, family bonding, a brother’s love for their sister, a mother’s love for her newborn daughter. So it was a book that makes you experience different forms of love at once.<br/><br/>This is the story of A girl married to a man with so many dreams but ended up facing domestic violence. This is the story of a brother going all the lengths to save her sister and give her the best of life. This is the story of a cousin who wished, the world to know the story of her cousin and let the world know about her, helping others ladies like her to make their own choice and put an end to the violence they are facing for ages.<br/><br/>Book touched on the very susceptible topic of Indian society- marriage and Domestic violence. Hundreds of married females face this one way or another but never dare to say a word. They endure it because that’s what they have been teaching! But it’s time to stop this and let the male Dominant Society knows that we as females are not going to tolerate this now. I admire the courage with which Adya left her in-law’s house. I admire the way her family supported her decision. I admire the way her brother made it his responsibility to protect her sister and newborn niece. I admire the way her cousin Arjun, always been there for her unconditionally, giving many of us serious sibling and cousin goals.<br/><br/>We all love our family, but we rarely express our love to them. Never tell them what they meant to us. That’s how a brother-sister relationship is right? They fight but they protect each other unconditionally. The book is more about the message that it’s never too late to start fresh. It’s just a matter of time to decide if we want to face this or keep suffering. For me it’s was an emotional read, because being the eldest kid of a family I always want to protect my family at any cost. One more reason for reading this book was the way Agastya taking care of her sister during pregnancy and reading books on how to take care of her niece. That melted my heart ￼<br/><br/>So as for the book, if you are looking for some easy language, lite read; please go for it, you won’t be disappointed. Even for beginners, this could be a good read. This is not a love story but a life story of people finally making it to sunny days ￼",,2021-11-07,0,
The Secret Letters of the Monk Who Sold His Ferrari,Robin Sharma,,9780007321117,read,5,223,HARPERCOLLINS PUB.,,Canada,English,,,Self-Help; Fiction,personal growth; balance in life; appreciation; self-discovery; transformation; happiness,inspirational; reflective; uplifting,,personal development; motivational; life lessons; self-improvement; corporate life; life transformation; inspirational story,New Year; Motivation Monday,World Bookshelf; Comfort Reads,Read this book for a transformative journey to discover the secrets of living a balanced and fulfilling life.,,,"The Secret Letters- by Robin Sharma’ is the book I related completely to. Robin Sharma always has his way of writing complex lessons of life in such a manner that it makes human life easy. After reading his ‘Monk who sold his Ferrari’, I picked this book randomly; and the book Hasn’t disappointed me. So Beautifully written in a way that anyone would understand every word.<br/><br/>The Secret Letters is a fable about living your best life. The book is about the Nine important lessons of life that are not very big but make significant changes in way of life. This is the story of a corporate Guy who is losing the balance of life but still not able to do anything to stop it. The book is about how to make a balance between life. How to appreciate the little things in life. How to keep your original self alive even in this ever-changing world.<br/><br/>The book is about the journey of the guy to get the Nine Letters attached with every Talisman(symbol). What he started as a task soon took him to the Journey of his life transformation and by the end of the journey, his life was transformed. He discovered the best way to lead life. To value those who are around you, to appreciate the little things of life, to learn from every person coming on your way, to do what makes you happy instead of racing for what gives you name & fame, to make small progress every day.",,2021-11-07,0,
Dharma: Decoding the Epics for a Meaningful Life,Amish Tripathi,,9789389648881,read,5,224,Westland,,India,English,,,Mythology; Non-Fiction; Self-Help,Dharma; Karma; Loyalty; Honor; Love; Personal Growth; Spirituality,Inspirational; Reflective; Thought-provoking,mythology retelling; divine politics,Mythological fiction; Indian author; Hindu mythology; Self-help book; Philosophical; Spiritual growth; level:intermediate,Diwali,India Bookshelf; Roots of Bharat; Indian Mythology Retellings,"If you're fascinated by Hindu mythology and seeking a book that offers insightful life lessons, then 'Dharma: Decoding the Epics for a Meaningful Life' is an excellent choice.",,,"Dharma- Decoding the Epics for Meaningful Life’ by Amish Tripathi is one such Book. Amish Tripathi is a well-known author famous for his Mythological fiction work. And he did a great job in this Book as well. The simplest explanation of complex Codes is his beauty of writing. And yes I picked this book more because of his Author, knowing how deeply and beautiful he express Mythology that you would stick to the book till the end. And you would crave to learn more about Hindu Mythology.<br/><br/>If I talk about the Book, then Book is written in the Dialogue version. This is a discussion going on with two generations who are expressing and trying to dive deep into the Epics. What makes the book more interesting is the way they pick a quality and discuss different characters on it. From Shiva to Ram to Arjun, the dialogue goes on. Dharma, karma, loyalty, honor, love, and many more human qualities. You would surely have a different yet interesting journey reading this Book.<br/><br/>Each Chapter has something new to unwrap. The one that I like the most in the book is “Take the characters in Epics as people, take them as qualities” and you will be able to make difference in your life. It took me a month to complete this book because this is not your one-sitting book. You need to read it slowly to understand what It wants to convey. For me, it is worth the time.<br/><br/>So if Mytholoy excites you, and you are fascinated with the Epics, you won’t be disappointed. Because it’s always a new experience to know old stories from New perspectives. Mythology is a vast subject, Author tried to pick famous stories so that we all could relate to them.",,2021-11-07,0,
The Bard of Blood,Bilal Siddiqi,,9780143423966,read,5,299,Penguin India,,India,English,,,Thriller; Military Fiction,patriotism; brotherhood; betrayal; loyalty; terrorism; military intelligence; risk; bravery,intense; gripping; adventurous; emotional,rescue mission; traitor in midst,Indian author; military fiction; thriller; patriotic story; book club pick; under 300 pages; action-packed,Independence Day; Republic Day,India Bookshelf; Heartbreaking Reads; Dark & Atmospheric; Page-Turners,"A must-read for fans of military fiction and thrillers, offering a unique blend of action, patriotism, and emotional depth.",,,"The Book- ‘Bard of Blood by Bilal Siddiqui’ is just a glimpse of the military Operations that keep on going in and out of the country. I picked this book because I was fascinated by the Armed forces but it was much more than that. It’s about bravery, risk, threats, terrorism, military intelligence, RAW, brotherhood, Patriotism, betrayals, loyalty, and an adventure ride. The writer did an amazing job at the book despite being his first book.<br/><br/>” The word ‘Bard’ means ‘Poet’ and our soldiers are the ‘Bard of Blood’ for sure”. So the story is about a rescue operation done by Indian Agents in Balochistan to get back the Indian Agents safely without compromising with terrorist associations. This book will give you just a glimpse of the life of those agents from whom commitment to the nation comes before family. This is the story of brotherhood and the bond they make during their service which is beyond any religion, any caste. This Book will take you to the insides of the complex execution of military operations.<br/><br/>As Patriotism sees no religion so is the traitor, and what makes it worse when traitors are the people whom you trust most. This journey solves a 10 years old mystery of a dead Agent who was connected to the rescue operation. It’s sad to know that our country is in threat not from terrorists but the traitors as well, who sell information just for some money. Terrorism has no religion and I think killing innocent for the sake of religion is the stupidest thing because no religion/ god ask you to kills innocent or deprive its people of the kind of life they want to live<br/><br/>I started reading books at a slow pace till I reach half of the book, but then it was so interesting and thrilling that I finished the other half in one day. And it always makes me proud of our soldiers for their selfless service to Nation. This book was more fascinating because I had read other books on the Taliban and other books of such kind. So kind of I wanted to know more.",,2021-11-07,0,
The Mahabharata Secret,Christopher C. Doyle,,9789383202317,read,5,386,Om Books,,India,English,,,Mythology; Historical Fiction; Thriller,adventure; mystery; power; protection; discovery; friendship; legacy,suspenseful; adventurous; historical; mysterious,secret society; ancient secrets,Indian author; mythological fiction; historical thriller; adventure story; Indian setting; ancient India; Gupta Dynasty; level:intermediate,Diwali; Navratri,India Bookshelf; Roots of Bharat; Indian Mythology Retellings; Indian Historical Fiction; Page-Turners,"Dive into this suspenseful and adventurous ride that weaves together ancient secrets, historical events, and modern-day thrills, all set against the rich backdrop of Indian mythology.",,,"“The Mahabharata Secret by Christopher C. Doyle”– a book that kept me glued to it from beginning till end. Every writer is good in itself but I feel the mytho fictional writers do an exceptional job when they connect the present world to the centuries-old events and take their reader on an adventure journey in History. And I don’t need to say that Cristopher C. Doyle is one of those Authors. I was able to visualise every event in my mind whether present or past. He was able to maintain the suspense throughout the book that With every page ending I want to read more & more. & This is the power that makes you a good Writer.<br/><br/>So Book is the Journey of finding a Secret related to the Mahabharata Era which could turn out to be a disaster to the world. The story is set in India and the regions coving the Gupta Dynasty’s Empire in ancient times. A secret that when discovered by wrong people could destroy Mankind. The book is written in Three-time frames- King Ashoka’s Time, the present day, and Mahabharata Era. A young man along with his friend set to solve a puzzle e-mailed by his Uncle before his Mysterious death, without even realizing what they getting into.<br/><br/>It is said Ashoka Founded a Secret Brotherhood Society to protect the Secret after the secret was discovered by one of his courtiers. The Story is based on the same. Well, I don’t know if that’s just fiction or any truth behind it, but one thing I know is this book was one hell of an adventurous Ride. With the Terrorist organizations, international business tycoons, politicans, and many other trying to get their hands on the secret hidden from hundreds of years, this was a gripping experience.<br/><br/>For me, this was the no Doubt worth the read. With interest in Indian history, Mythology, military operations, and suspense book, this book was a complete package of all. Without a second thought, I would recommend anyone to read it. My thoughts still drift to this book, even though I have completed it three days. So you could guess now how interesting it must have been. It would leave you with more curiosity to know about hidden Indian history treasures.",,2021-11-07,0,
The Kite Runner,Khaled Hosseini,,9781594631931,read,5,371,Riverhead Books,,Afghanistan,English,,,Historical Fiction; Literary Fiction,guilt; redemption; friendship; war; regret; father-son relationship; betrayal,heartbreaking; emotional; haunting; reflective,period setting; social constraints; character-driven; interiority,war story; childhood friendship; Afghan author; book club pick; emotional read; historical novel; father-son dynamics; regret and redemption; level:intermediate,summer read; book club pick,World Bookshelf; Middle East & North Africa; Around the World in 52 Books; Heartbreaking Reads; Slow Literary,"A haunting and thought-provoking novel that explores the complexities of human relationships, guilt, and redemption, set against the backdrop of war-torn Afghanistan.",,,"Reading the books like “The Kite Runner” might leave you with depressing emotions but they would surely make you ponder over many thoughts. I had finished the book some weeks back but It took me time to write this. There so so many emotions I felt while reading the book then I wasn’t able to phrase them into words. When a happy childhood turns into your worst regret that haunts you for the whole of life because your gut feeling knows you were wrong at that point.<br/><br/>The story starts when Afghanistan used to be a happy beautiful country where people live in happiness and peace, but a Major part of the Story sets in the War days of Aghanistan which is still under War situation. It is about the childhood of Two Kids who grow up together more like brothers but never knew the biggest truth of their life. I won’t say it’s a ‘happy ever after’ story because it is not. But sometimes you need to feel another side of emotions as well. Those depressing, heartbreaking, scary emotions. Imagine living in the country under the constant threat of the Taliban? Scary no?<br/><br/>Hassan and Amir- the names around which this story revolves. Those who have read the book might feel bad for Hassan, but I equally feel bad for Amir. Because his actions even though not justified, were more of the result of the insecurities raised by his father. And as a kid I guess we want our parent’s undivided love and it makes us cross our limit. So does Amir, but he had that regret for life. Hasan on the other end, I feel was the purest soul, who was so selfless, but just suffered for most of life. Just imagine getting raped at a little age? And still, braving a smile as nothing happened? Could you think of the state of that kid? It’s scary even to think!<br/><br/>But we all get a chance to repay for our mistakes so does Amir, rescuing his son of Hassan. But the kid shared the same fate as his father’s childhood. I don’t think it’s easy to get over the trauma of childhood events but it scares me even to imagine the situation when a kid doesn’t have parents, no house, no family to go to. While reading the book I was hoping it to be a happy ending but the book ends in uncertainty.<br/><br/>Reading this book generates a curiosity in me to know the current situation in Afghanistan, and I end up talking to an Afghan Friend about the same. And it’s heartbreaking to know they are still in war, still under the threat of Taliban’s and terrorism, who don’t have mercy word in their dictionary. They just know killing people, shedding blood in the name of Allah. And I m pretty sure these guys never have read the Quran once else they won’t have been this barbaric.<br/><br/>Well, some emotions you feel are really strong especially the tragic ones and make you think deep. I don’t know if you would want to experience the journey of Amir and Hassan, and the Life Aghan people are having. But yes I would say one thing this book will give you a never-before experience.",,2021-10-31,0,
The Silent Patient,Alex Michaelides,,9781250301697,read,5,336,Celadon Books,,United Kingdom,English,,,Psychological Thriller; Murder Mystery,childhood trauma; grief; identity; silence; human psychology; memory; childhood memories,gripping; dark; thought-provoking; unexpected,unreliable narrator; childhood backstory,psychological thriller; murder mystery; child psychology; book club pick; gripping read; unexpected ending,summer read; winter read,World Bookshelf; Dark & Atmospheric; Page-Turners,A gripping psychological thriller that explores the darker aspects of human psychology and the power of childhood memories.,,,"“The Silent Patient- by Alex Michaelides” is a book focus on the Child Psychology part. The author tried to express very clearly that the incidents that occurred in childhood leave a deep scare of the human heart. We might say that we forget things with time but no we don’t forget, they just bury deep inside especially the childhood memories.<br/><br/>Coming to the book, it’s a psychological thriller Murder Mystery. The book is capable to hold your interest till the end as you would be curious to know the real murderer and the reason. The story is about lady ‘Alicia’, found by police with her head husband in Odd circumstances. The only witness to the Accident, she chooses to stay silent about the Accident not speaking a single word after the murder, not even defending herself.<br/><br/>A psychotherapist ‘Theo’, comes to her rescue, who turns out to have yet another story of childhood trauma. You might feel that what’s the point of expressing his personal life when the story is all about the ‘Alicia’. But by reaching the end of the book you would know the reason why? Why was sure that he could make her speak? Overall a good read thriller gripping read for me. You would certainly realize how the incident that happened years ago resulted in a murder. And trust me ending is unexpected.<br/><br/>Somewhere it might leave you thinking of your childhood and wondering if some of your actions are influenced by childhood. This book was kind of related to human psychology and it’s interesting to know about human behavior. But one thing I realize after reading the book is that as a parent we have this huge responsibility to never make ourselves, the reason for our Kid’s Trauma. Because the parents are the one who are closest and their behavior affects the kid most.",,2021-10-31,0,
Sidney Sheldon's The Phoenix,Tilly Bagshawe,,9780008229689,read,4,432,HarperCollins,,Greece,,,,Thriller; Suspense,power; revenge; identity; deception; self-discovery; genetic experimentation,gripping; suspenseful; dark,criminal mastermind; secret organization,female protagonists; crime fiction; action-packed; plot twists; book club pick; thrilling read,,World Bookshelf; Civilizations Through Books; Civilization · Greece; Around the World in 52 Books; Dark & Atmospheric; Page-Turners,"Dive into this gripping thriller to follow the cat-and-mouse game between Athena and Ella, filled with plot twists and suspense that will keep you on the edge of your seat.",,,"this book is a suspense thriller by Sidney Sheldon & Tilly Bagshawe, and trust me it does a great job in keeping you hooked to it till you reach the End. But End is a little disappointing. Why? Because you would still be left with so many questions and loose ends. But yes Author is a great storyteller I must say.<br/><br/>Coming to the story of the Book, Story is framed in Greece, revolving around two Female Characters- Athena and Ella. Athena Petrides- a Powerful criminal mastermind, who was supposed to be dead for the world in an Airplane Crash for 12 years. But she rises again and returns to reclaim her Empire.<br/><br/>Ella Praeger- A simple girl whose life changed when his only family, her grandmother died and she is contacted by ‘The Group’ claiming they work for The Bigger good and her parents to be part of the same group. She got to know of her special abilities, gifted as a result of genetic experiments by his parents. Her Main Motive to join the group was just to find about his parents who died when she was just 6 years old.<br/><br/>Now would she able to able to find the truth Mysterious Death of his parents? What connection do Ella and Athena have between? Is ‘The Group’ helping Ella to revenge her parent’s loss or using her for some other mission? Will Ella be able to end the Evil Athena? So many Questions Right? And they all will keep you glued to the book.<br/><br/>The name of Books suits its main protagonist- both rise from their old lives.",,2021-10-31,0,
You are the Best Friend,Ajay K. Pandey,,,read,4,236,Westland,,India,English,,,Non-Fiction; Memoir; Romance,love; loss; grief; identity; relationships; moving on; society,heartwarming; emotional; inspirational; hopeful,friends to lovers; widower romance,Indian author; real-life story; love story; memoir; inspirational story; book about grief; book about moving on,Valentine's Day,India Bookshelf; Heartbreaking Reads; Comfort Reads,"A must-read for anyone who believes in the power of love and the importance of moving on, this book is a beautiful and emotional tale of finding love again.",,,"The book is the real-life story of Author Ajay Kumar Pandey who writes about such beautiful real stories of married couples because love always finds its way whether an arranged marriage or the love. The Book is the story of two people who are poles apart but eventually find their way to each other.<br/><br/>The lines of the book that I found most meaningful were – “when you love, you don’t replace the person, you add a new relationship”. After the demises of His Wife, Ajay went into depression for few years, working as a machine with no enthusiasm in Life. But life moves on and you too have to. You meet people, you again develop feelings for them and there is nothing wrong with it.<br/><br/>He met a girl in ‘Art of Living’ Camp and they become friends. From taking him out of depression, to help him in his first book, Anisha was Filling up his life again with colors. When Ajay started having feelings for Anisha, he felt the guilt of cheating on his wife whom he loved so much. But her Mother In law got him out of that guilt and ask him to start a new inning of life with Anisha.<br/><br/>This is how Life is, it moves on with or without people. New people keep joining you in this journey and it keeps ongoing. This Book was one of its kind because no one dares to write their real-life stories. There must have been talks in society as to how he replaced his wife, or how she married a widower. But if you both are happy and your families are happy that’s all it matters? Society fades in the background after a while.<br/><br/>These Kinds of Stories give youa new perceptive on love and relationships.",,2021-11-07,0,
Her Last Wish,Ajay K. Pandey,,9789382665878,read,5,208,Srishti Publishers & Distributors,,India,English,,,Literary Fiction; Romance,love; loss; grief; identity; family,heartbreaking; emotional; hopeful,character-driven; interiority; slow burn; emotional payoff,Indian author; love story; book club pick; under 300 pages; emotional read; family drama; romance novel; contemporary fiction; level:intermediate,Valentine's Day; Mother's Day,India Bookshelf; Indian Literary Fiction; Heartbreaking Reads; Comfort Reads,Read 'Her Last Wish' for a poignant and emotional love story that explores the depths of human relationships and the power of love.,,,,,2021-11-07,0,
"The Secret of the Nagas (Shiva Trilogy, #2)",Amish Tripathi,,,read,5,398,Westland,Shiva Trilogy,India,English,,,Mythology; Historical Fiction; Fantasy,mythology; war; power; good vs evil; self-discovery; destiny; friendship,epic; adventurous; mysterious; dark,chosen one; prophecy,Indian author; mythological fiction; book series; Indian mythology; fantasy adventure; historical fantasy; sequel; level:intermediate,Diwali; Navratri,India Bookshelf; Roots of Bharat; Indian Mythology Retellings; Indian Historical Fiction; Dark & Atmospheric,"Dive into this epic fantasy adventure that reimagines Indian mythology with a unique blend of action, romance, and self-discovery.",,,,,2021-11-07,0,
"The Oath of the Vayuputras (Shiva Trilogy, #3)",Amish Tripathi,,9789382618348,read,5,575,Westland,Shiva Trilogy,India,English,,,Mythology; Historical Fiction; Fantasy,grief; identity; war; found family; duty; loyalty; power,epic; adventurous; heartbreaking; hopeful,chosen one; prophecy,Indian author; mythological fiction; Indian mythology; Shiva trilogy; fantasy series; historical fantasy; epic fantasy; level:advanced,Diwali; Navratri,India Bookshelf; Roots of Bharat; Indian Mythology Retellings; Indian Historical Fiction; Heartbreaking Reads; Comfort Reads,"Dive into an epic tale of adventure, mythology, and self-discovery with Amish Tripathi's captivating conclusion to the Shiva Trilogy.",,,,,2021-11-07,0,
"Scion of Ikshvaku (Ram Chandra, #1)",Amish Tripathi,,9789385152146,read,5,354,Westland Publication,Ram Chandra Series,India,English,,,Mythology; Fantasy; Fiction,duty; justice; morality; family loyalty; leadership; societal reform,epic; adventurous; philosophical; dramatic,chosen one; exile; sibling bond; duty vs love,Indian author; mythology retelling; bestseller; epic fantasy; Ramayana retelling; action-packed; level:intermediate; gem:popular,Diwali; monsoon read; festive season,India Bookshelf; Roots of Bharat; Indian Mythology Retellings,"A thrilling, fast-paced mythological reimagining that explores the concepts of duty, law, and morality through the eyes of a legendary prince.",,,,,2021-11-07,0,
"Sita: Warrior of Mithila (Ram Chandra, #2)",Amish Tripathi,,9789386224583,read,3,361,Westland Pubns Ltd,Ram Chandra,India,English,,,Mythology; Fantasy; Historical Fiction,duty; feminism; destiny; righteousness; political intrigue,inspiring; action-packed; heroic; atmospheric,warrior princess; chosen one; hidden identity,Indian author; mythological retelling; strong female lead; book club pick; epic fantasy; level:intermediate,Diwali; Navratri; monsoon read,India Bookshelf; Roots of Bharat; Indian Mythology Retellings; Indian Historical Fiction; The Epic Project; Epic · Sita; Dark & Atmospheric,"A thrilling, feminist reimagining of the Ramayana that transforms Sita into a powerful warrior and leader.",,,,,2021-11-07,0,
"Raavan: Enemy of Aryavarta (Ram Chandra, #3)",Amish Tripathi,,,read,4,400,Westland,Ram Chandra,India,English,,,Mythology; Fantasy; Historical Fiction,ambition; grief; power; destiny; morality; vengeance,dark; intense; epic; tragic,anti-hero; tragic villain; rags to riches,Indian author; mythological retelling; bestseller; epic fantasy; anti-hero protagonist; book club pick; level:intermediate; gem:popular,Dussehra; monsoon read; Diwali,India Bookshelf; Roots of Bharat; Indian Mythology Retellings; Indian Historical Fiction; Heartbreaking Reads; Dark & Atmospheric,"A thrilling, fast-paced dive into the tragic and complex mind of mythology's greatest antagonist.",,,,,2021-11-07,0,
"Shiva Trilogy (Shiva Trilogy, #1-3)",Amish Tripathi,,,read,5,1426,Westland,Shiva Trilogy,India,English,,,Mythology; Fantasy; Fiction,good vs evil; destiny; divinity; duty; karma; war,epic; adventurous; philosophical; action-packed,chosen one; reluctant hero; ancient prophecy; political intrigue,Indian author; mythological retelling; bestselling series; epic fantasy; adventure saga; book club pick; level:advanced,monsoon read; Diwali; winter reading,India Bookshelf; Roots of Bharat; Indian Mythology Retellings,"An epic, action-packed mythological reimagining that breathes human life into ancient Indian legends.",,,,,2021-11-07,0,
FOREVER IS A LIE,Novoneel Chakravorty,,9789386815330,read,4,165,Ebury Press,Forever,India,English,,,Thriller; Romance,obsession; grief; fate; secrets; toxic relationships,dark; suspenseful; intense; mysterious,age gap; brooding hero; forbidden love,Indian author; romantic thriller; fast-paced read; under 200 pages; page turner; dark romance,rainy day read; autumn reading; weekend binge,India Bookshelf; Dark & Atmospheric; Page-Turners,"A gripping, fast-paced romantic thriller that explores the dark side of love and obsession.",,,,,2021-11-07,0,
Forever Is True,Novoneel Chakraborty,,9780143427506,read,5,288,India Penguin,,India,English,,,Romance; Thriller,love; obsession; identity; morality; guilt; redemption; fate,dark; intense; emotional; gripping,forbidden love; tragic ending,Indian author; romantic thriller; book club pick; under 300 pages; Penguin India; contemporary fiction; love story; psychological fiction,Valentine's Day; summer read,India Bookshelf; Heartbreaking Reads; Dark & Atmospheric; Page-Turners,Dive into this intense and emotional rollercoaster of a love story that will keep you on the edge of your seat until the very end.,,,,,2021-11-07,0,
Men Without Women,Haruki Murakami,,9780385689458,read,4,242,Bond Street Books,,Japan,Japanese,,,Literary Fiction; Short Story Collection,identity; loneliness; human connection; love; loss; self-discovery; relationships,melancholic; contemplative; dreamlike; introspective,magical realism; unreliable narrators,Japanese author; short story collection; literary fiction; book club pick; translated fiction; under 300 pages; level:intermediate,rainy day read; summer reading,World Bookshelf; Civilizations Through Books; Civilization · Japan; Around the World in 52 Books; East Asia Shelf; Heartbreaking Reads,"Dive into the surreal and contemplative world of Haruki Murakami's short stories, where the ordinary and extraordinary blend together.",,,,,2021-10-31,0,
The Whispering Dwapara : The Rise of Maharathis,Rishi Shrivastava,,9781645466574,read,4,352,Notion Press,,India,English,,,Mythology; Fantasy; Fiction,destiny; warfare; duty; good vs evil; legacy; brotherhood,epic; action-packed; atmospheric; intense,chosen one; ancient prophecy; warring kingdoms,Indian author; mythological fiction; Mahabharata retelling; epic fantasy; Indian mythology; action-packed read; level:intermediate,monsoon read; Diwali; winter reading,India Bookshelf; Roots of Bharat; Indian Mythology Retellings; Dark & Atmospheric,An action-packed mythological fantasy that breathes new life into the legendary warriors of the Dwapara Yuga.,,,,,2021-11-07,0,
The Kaunteyas,Madhavi S. Mahadevan,,,read,5,400,Tranquebar,,India,English,,,Mythology; Historical Fiction; Fiction,motherhood; patriarchy; duty; sacrifice; female agency; destiny,reflective; poignant; atmospheric; empowering,mythological retelling; court intrigue,Indian author; Mahabharata retelling; feminist fiction; book club pick; mythological fiction; level:intermediate,Women's History Month; monsoon read,India Bookshelf; Roots of Bharat; Indian Mythology Retellings; Indian Historical Fiction; The Epic Project; Epic · Kunti; Dark & Atmospheric,A deeply moving and nuanced reimagining of the Mahabharata that finally gives Kunti the voice and complexity she deserves.,,,,,2021-11-07,0,
Where the Forest Meets the Stars,Glendy Vanderah,,9781542040068,read,5,332,Lake Union Publishing,,United States,English,,,Contemporary Fiction; Magical Realism; Mystery,grief; healing; found family; nature; resilience; trauma,heartwarming; emotional; mysterious; hopeful; atmospheric,found family; mysterious stranger; healing from trauma,book club pick; nature writing; healing journey; mysterious child; emotional read; contemporary fiction,Spring; Earth Day; rainy day read,World Bookshelf; Heartbreaking Reads; Comfort Reads; Dark & Atmospheric; Page-Turners,"A heartwarming and beautifully atmospheric tale of healing, love, and the miracles found in unexpected connections.",,,,,2021-11-07,0,
The Story Begins At The End,Sujay,,,read,4,156,StoryMirror,,India,English,,,Contemporary Fiction; Romance,love; destiny; second chances; relationships; life choices,emotional; reflective; romantic; bittersweet,destined lovers; second chance romance,Indian author; quick read; under 200 pages; contemporary romance; heartwarming read; level:beginner,rainy day read; Valentine's Day; cozy weekend,India Bookshelf; Heartbreaking Reads,"A quick, emotional read about love and destiny that proves every end is just a new beginning.",,,,,2021-11-07,0,
The Coin,Sandeep Sharma,,9789387390263,read,4,164,Redgrab Books & Anybook,,India,English,,,Mystery; Thriller,destiny; greed; consequences; interconnected lives; karma,suspenseful; fast-paced; mysterious; intriguing,interlocking narratives; race against time,Indian author; quick read; under 200 pages; mystery thriller; page turner; level:beginner,rainy day read; weekend binge,India Bookshelf; Page-Turners,"A gripping, fast-paced Indian mystery thriller that will keep you guessing until the very last page.",,,,,2021-11-07,0,
Something I Never Told You,Shravya Bhinder,,,read,5,143,Penguin Metro Reads,,India,English,,,Romance; Contemporary Fiction,unrequited love; grief; second chances; regret; devotion,heartbreaking; emotional; melancholic; romantic,one-sided love; tragedy; boy next door,Indian author; emotional romance; quick read; heartbreaking love story; contemporary Indian fiction; level:beginner,rainy day read; Valentine's Day; autumn read,India Bookshelf; Heartbreaking Reads,A poignant and heartbreaking Indian romance that explores the depths of unrequited love and the pain of words left unsaid.,,,,,2021-11-07,0,
11 Hours,Daniel Paul Singh,,9788193379158,read,4,220,Write India Publishers; First edition (10 October 2018),,India,English,,,Thriller,time pressure; survival; human psychology; desperation; decision making; life and death; emotional struggle,intense; suspenseful; emotional; dark,race against time,Indian author; thriller novel; time-sensitive plot; psychological suspense; fast-paced read; under 300 pages; Write India Publishers,rainy day read,India Bookshelf; Heartbreaking Reads; Dark & Atmospheric; Page-Turners,"If you enjoy intense, suspenseful stories with a unique time-sensitive plot, '11 Hours' is a must-read for its gripping narrative and emotional depth.",,,,,2021-11-07,0,
Who Will Cry When You Die?,Robin Sharma,,9781401900120,read,5,204,Hay House Inc,,Canada,English,,,Self-Help; Personal Development,motivation; productivity; personal growth; well-being; self-awareness; goal setting; inspiration,inspiring; reflective; uplifting,,self-help book; personal development; motivational read; productivity tips; goal setting strategies; inspirational story; wellness book; self-improvement,New Year's resolution; Motivation Monday; Self-Care Sunday,World Bookshelf; Comfort Reads,Read this book to discover inspiring and practical advice for improving your life and achieving your goals.,,,,,2021-11-07,0,
The Monk Who Sold His Ferrari: A Fable About Fulfilling Your Dreams and Reaching Your Destiny,Robin Sharma,,9780062515674,read,5,208,HarperOne,,India,English,,,Self-Help; Philosophical Fiction,mindfulness; self-discovery; materialism vs spirituality; discipline; life purpose; inner peace,inspiring; reflective; uplifting; calm,spiritual journey; wise mentor,self-help fable; spiritual growth; mindfulness read; personal development; under 300 pages; bestseller; life lessons; gem:popular,New Year's resolution; spring renewal; weekend retreat,India Bookshelf; Comfort Reads,"A simple yet powerful modern fable that offers practical, actionable wisdom for finding balance, purpose, and peace in a chaotic world.",,,,,2021-11-07,0,
The Girl Who Lived,Christopher Greyson,,9781683993001,read,5,297,Greyson Media,,United States,English,,,Thriller; Mystery,trauma; survivor's guilt; small-town secrets; mental health; truth vs perception,tense; dark; suspenseful; atmospheric,unreliable narrator; sole survivor; cold case,psychological thriller; page turner; under 300 pages; unreliable narrator; mystery book club; fall reads,Autumn; Halloween; rainy day read,World Bookshelf; Dark & Atmospheric; Page-Turners,"A gripping, fast-paced psychological thriller about a sole survivor's desperate search for the truth in a town full of secrets.",,,,,2021-11-07,0,
Soldier's Girl : Love Story of a Para Commando,Swapnil Pandey,,9789385440380,read,4,168,petals publishers,,India,English,,,Romance; Fiction,patriotism; sacrifice; long-distance love; military life; resilience,emotional; patriotic; heartwarming; bittersweet,military romance; long distance,Indian author; military love story; quick read; Indian Army; under 200 pages; level:beginner,Independence Day (India); Republic Day (India); rainy day read,India Bookshelf; Heartbreaking Reads; Comfort Reads,An emotional and patriotic romance that offers a poignant glimpse into the sacrifices of military love.,,,,,2021-11-07,0,
Love Story of a Commando,Swapnil Pandey,,,read,5,182,EBH Publishers,,India,English,,,Romance; Fiction,patriotism; sacrifice; love and duty; military life; long-distance relationship,emotional; patriotic; romantic; inspiring,military hero; protector; star-crossed lovers,Indian author; military romance; Indian Army; quick read; under 200 pages; patriotic read; level:beginner,Independence Day; Republic Day; Kargil Vijay Diwas; rainy day read,India Bookshelf; Heartbreaking Reads,"A quick, emotional read that beautifully captures the sacrifices and intense romance of life in the Indian Armed Forces.",,,,,2021-11-07,0,
Soldier and Spice - An Army Wife's Life,Aditi Mathur Kumar,,9789383260027,read,4,264,Tata Westland,,India,English,,,Memoir; Biography,identity; marriage; military life; family; cultural adaptation; personal growth; love,heartwarming; inspiring; reflective,personal reckoning; voice-driven,Indian author; army wife story; memoir; biography; Tata Westland publisher; under 300 pages; book club pick,Independence Day; Army Day,India Bookshelf; Comfort Reads,"A heartwarming and inspiring memoir that offers a unique glimpse into the life of an army wife, perfect for fans of personal stories and military biographies.",,,,,2021-11-07,0,
The Vault of Vishnu,Ashwin Sanghi,,9789389152197,read,5,400,Westland,,India,English,,,Mythological Fiction; Thriller,mythology; history; war; science; mystery; identity; power,atmospheric; dark; hopeful; intense,twist ending; unreliable narrator,Indian author; mythological fiction; thriller; book club pick; Indian mythology; modern warfare; science in fiction; level:intermediate,Diwali,India Bookshelf; Roots of Bharat; Indian Mythology Retellings; Comfort Reads; Dark & Atmospheric; Page-Turners,"Dive into the world of Indian mythology with Ashwin Sanghi's 'The Vault of Vishnu', a thrilling blend of history, science, and mystery.",,,"When it comes to Mythological Fiction, Ashwin Sanghi will always be my one of favorite authors. I pick his book because I know his vast knowledge and the way he writes makes the book interesting in itself. You can’t control yourself to not read.<br/><br/>Coming to the ‘The Vault Of Vishnu’, this book lived to my expectations. Initially, I was confused when I started reading the book as there was nowhere relating to The Title of the book, but as I picked the speed I got more and more involved in the book. It’s the perfect blend of history, mythology, Modern warfare, science, thriller, and mystery.",2021-11-12,2021-11-03,0,
Kashi: Secret of the Black Temple (Harappa Series),Vineet Bajpai,,,read,5,418,TreeShade Books,Harappa Series,India,English,,,Mythology; Thriller; Fantasy,good vs evil; reincarnation; ancient secrets; conspiracy; destiny,thrilling; epic; mysterious; fast-paced,chosen one; dual timelines; secret societies; ancient prophecy,Indian author; mythological fiction; Harappa series; action-packed; page-turner; level:intermediate,monsoon read; winter read,India Bookshelf; Roots of Bharat; Indian Mythology Retellings; Page-Turners,"An action-packed, cinematic conclusion to an epic mythological thriller series that seamlessly blends history, fantasy, and mystery.",,,,2021-12-12,2021-11-15,0,
Pralay: The Great Deluge,Vineet Bajpai,,9788193642405,read,5,323,VB Performance LLP,Harappa Trilogy,India,English,,,Mythology; Historical Fiction; Fantasy,good vs evil; ancient secrets; reincarnation; conspiracy; destiny,thrilling; fast-paced; mysterious; epic,dual timelines; chosen one; ancient prophecy; secret societies,Indian author; mythological thriller; dual timeline; Harappa trilogy; action-packed; level:intermediate,monsoon read; weekend binge,India Bookshelf; Roots of Bharat; Indian Mythology Retellings; Indian Historical Fiction,An action-packed blend of Indian mythology and modern conspiracy that will keep you hooked from the very first page.,,,,2021-12-12,2021-11-15,0,
Harappa: Curse of the Blood River,Vineet Bajpai,,9789352685486,read,,315,VB Performance LLP,Harappa Series,India,English,,,Historical Fiction; Fantasy; Thriller,good vs evil; reincarnation; ancient secrets; conspiracy; legacy,fast-paced; mysterious; suspenseful; atmospheric,chosen one; dual timelines; secret societies,Indian author; mythological thriller; dual timeline; page-turner; Indian history; fantasy fiction; level:intermediate,rainy day read; weekend binge,India Bookshelf; Roots of Bharat; Indian Mythology Retellings; Indian Historical Fiction; Dark & Atmospheric; Page-Turners,"A thrilling blend of history, mythology, and modern-day conspiracy that will keep you hooked from the very first page.",,,,2021-12-12,2021-11-07,0,
I Owe You One,Sophie Kinsella,,,read,5,448,Dial Press,,United Kingdom,English,,,Romance; Chick Lit; Contemporary,friendship; love; family; debt; gratitude; relationships; personal growth,humorous; heartwarming; lighthearted; upbeat,friends to lovers; forced proximity,romantic comedy; contemporary romance; chick lit; beach read; book club pick; funny fiction; women's fiction; new adult,summer read; Valentine's Day,World Bookshelf; Comfort Reads,"A delightful, feel-good romantic comedy that will leave you smiling and believing in love.",,,,,2021-12-11,0,
Where the Crawdads Sing,Delia Owens,,9780735219113,read,5,384,G.P. Putnam’s Sons,,United States,English,,,Historical Fiction; Mystery; Literary Fiction,isolation; nature; survival; prejudice; abandonment; resilience,atmospheric; poignant; suspenseful; melancholic,outcast; small town secrets; first love,book club pick; nature writing; southern fiction; bestseller; survival story; female protagonist; level:intermediate; gem:popular,Summer read; Autumn read; Earth Day,World Bookshelf; Heartbreaking Reads; Dark & Atmospheric; Page-Turners,"A breathtaking fusion of a coming-of-age survival story, a lush ode to nature, and a gripping murder mystery.",,,"The story starts as a murder mystery but I can’t say it’s only a murder mystery, it’s much more than that! It’s the story of survival! It’s the story of a girl being on her own, safeguarding herself from the intruders! She learns to cook, earn, protect, read, write; all on her own! Isn’t it amazing?<br/><br/>She never went to school but she knows Marsh better than anyone. She paints and collects specimens of marsh creatures with perfection. She writes poetry with anonymous name. She writes multiple books on Marsh and marsh creatures. The only people nice to her were only The gas station owner, his wife, & Tate- the guy she love.<br/><br/>This Story is of love and loyalty towards the person you love! Tate taught kya to read and write, helped her explore herself, and publish books! Tate was forever in love with kya and always loyal to her even when she was accused of murder.<br/><br/>This is the story of the ‘Marsh girl’ who stands firm against the world, who didn’t care about the judgments. Who knows how to protect herself from evil people. She proved she is intelligent of all and will never comprise with her dignity and self-respect even if it cost a life.<br/><br/>The book keeps you hooked till the end, though initially, it might get boring, you won’t be disappointed. It’s worth the patience. It’s one of the amazing books have come across.<br/><br/>How kya survive alone? Why did her family left her one by one? How could she write books when she never went to school? How she learnt to earn? How did she get vast knowledge of marsh? What she did to get rid of the person who fake love to get her on the bed? Who was the murderer? Will kya get ‘ happily ever After’ ending?<br/><br/>So many questions right?",,2021-10-31,0,
Dark Matter,Blake Crouch,,9781101904220,want-to-read,,342,Ballantine Books,,United States,English,,,Science Fiction; Thriller,identity; reality; free will; morality; human connection; science vs. humanity; love; survival; humanity; existentialism,mind-bending; suspenseful; thought-provoking; dark; emotional,multiverse; alternate reality; abduction,sci-fi thriller; page-turner; book club pick; summer read; mind-bending plot; complex characters; thought-provoking fiction,summer read; Halloween; holiday gift,World Bookshelf; Heartbreaking Reads; Dark & Atmospheric; Page-Turners,Dive into a mind-bending thriller that explores the complexities of human identity and the consequences of playing with the fabric of reality.,,,,,2021-12-31,0,
Mossad: The Greatest Missions of the Israeli Secret Service,Michael Bar-Zohar,,9780062123404,want-to-read,,388,Ecco,,Israel,,,,Non-Fiction; History; Espionage,espionage; national security; intelligence gathering; counter-terrorism; international relations; Israeli history; secret service; Middle Eastern politics,informative; engaging; serious; detailed,,Israeli author; secret service; espionage history; Middle Eastern history; non-fiction book club pick; intelligence agency; historical non-fiction; Cold War era,Israel Independence Day; Independence Day; International Spy Day,World Bookshelf,"For anyone interested in espionage history, 'Mossad' offers a gripping and informative look into the Israeli Secret Service's most significant operations.",,,,,2022-01-03,0,
Escape from Harem,Tanushree Podder,,9788186939765,read,3,205,IndiaInk Roli Books,,India,English,,,Historical Fiction,survival; freedom; identity; cultural heritage; resilience; hope; self-discovery,intense; emotional; inspiring,period setting; social constraints,Indian author; historical fiction; strong female lead; cultural story; short read; inspiring true story; book club pick; Indian history,Independence Day; Women's History Month,India Bookshelf; Indian Historical Fiction; Heartbreaking Reads; Dark & Atmospheric,Read 'Escape from Harem' for a gripping and inspiring tale of survival and freedom set against the backdrop of Indian history.,,,,2022-01-03,2022-01-03,0,
The Girls in Green,Tanushree Podder,,9789390252817,want-to-read,,376,Bloomsbury,,India,English,,,Historical Fiction,grief; identity; war; found family; survival; humanity; loss; emotional toll; conflict; resilience,heartbreaking; hopeful; atmospheric; emotional; intense,period setting; social constraints,Indian author; historical fiction; war story; book club pick; emotional read; debut novel; Bloomsbury publication,Independence Day; Remembrance Day,India Bookshelf; Indian Historical Fiction; Heartbreaking Reads; Comfort Reads; Dark & Atmospheric,"Read 'The Girls in Green' for a poignant and powerful portrayal of war's impact on human lives, set against the rich backdrop of Indian history.",,,,,2022-01-03,0,
No Margin for Error,Tanushree Podder,,9788186939826,want-to-read,,304,Roli Books,,India,English,,,Historical Fiction; Literary Fiction,grief; identity; war; partition; found family; survival; humanity; loss,heartbreaking; hopeful; atmospheric,period setting; social constraints; character-driven; interiority; historical trauma,Indian author; partition story; Independence Day; book club pick; historical fiction; Indian history; Roli Books publication; Indian literature; level:intermediate,Independence Day; Partition Horrors Remembrance Day; Partition Anniversary,India Bookshelf; Partition Stories; Indian Historical Fiction; Indian Literary Fiction; Heartbreaking Reads; Comfort Reads; Dark & Atmospheric,"A poignant and powerful portrayal of one of India's most tumultuous periods, making it a must-read for historical fiction enthusiasts.",,,,,2022-01-03,0,
The Force Behind the Forces: Stories of Brave Indian Army Wives,Swapnil Pandey,,9780143453529,want-to-read,,256,India Penguin,,India,English,,,Non-Fiction; Biography; Military History,sacrifice; patriotism; family; courage; resilience; love; duty,inspiring; emotional; heartwarming,,Indian author; Indian Army; military spouses; Penguin India; under 300 pages; non-fiction book club pick; women's stories; army life,Independence Day; Republic Day,India Bookshelf; Heartbreaking Reads; Comfort Reads,Read this book to discover the untold stories of the brave women behind India's military forces.,,,,,2022-01-03,0,
"Before you Breathe (Colonel Acharya, #2)",Tanushree Podder,,9789353029401,read,5,260,HarperCollins India,Colonel Acharya,India,English,,,Thriller; Crime Fiction,crime; investigation; suspense; curiosity; justice,gripping; suspenseful; engaging,twist ending; unreliable narrator,Indian author; crime thriller; page-turner; HarperCollins India; under 300 pages; Colonel Acharya series,,India Bookshelf; Page-Turners,Pick this up for a suspenseful and engaging crime thriller that will keep you on the edge of your seat.,,,"Being a big fan of Tanushree podder’ Books, I had to pick ‘Before you Breathe’. And this book was totally up to my expectations, keeping me hooked till the end of the book. Being a fictional crime thriller, it is so well narrated that you will not want to put down the book until you finish.<br/>I wanted to complete the book in Single sitting out of curiosity.",2022-01-05,2022-01-01,0,
Signboard at Dholavira,Nishith S. Parikh,,9789387269989,read,4,200,Storymirror,,India,English,,,Historical Fiction; Mythology,history; mythology; science; curiosity; discovery; ancient civilization; exploration,informative; engaging; historical; adventurous,period setting; social constraints; mythology retelling; divine politics,Indian author; historical fiction; mythological story; Mahabharata inspiration; Ashoka era; easy read; under 300 pages; level:intermediate,Diwali; Independence Day,India Bookshelf; Roots of Bharat; Indian Mythology Retellings; Indian Historical Fiction,"If you're fascinated by Indian mythology and historical fiction, this book is a must-read for its easy language and interesting storyline.",,,"I picked this book because of my facination for historical fictional books, and i happy to say it was Right Choice.<br/>Easy language with Intersting story line taking you back to the days of Mahabharata and Ashoka. Author explained historical and Scientific facts really well. <br/>I was so hooked to the book that I completed it in 2 days. It is surely worth reading. Can't wait for 2nd part of book.",2022-01-07,2022-01-05,0,
The Nightingale,Kristin Hannah,,9780312577223,want-to-read,,564,St. Martin's Press,,France,English,,,Historical Fiction; Literary Fiction,war; sisterhood; survival; love; loss; resilience; hope; grief,heartbreaking; emotional; intense; hopeful,sister story; war drama,World War II fiction; sister story; historical drama; women's fiction; book club pick; French setting; historical novel; level:advanced,Women's History Month; Memorial Day; Veterans Day,World Bookshelf; Heartbreaking Reads; Comfort Reads; Dark & Atmospheric,A heart-wrenching and powerful novel about the unbreakable bonds of sisterly love during one of history's darkest times.,,,,,2022-01-10,0,
Wastra,Rohan Kailasam,,,read,4,247,Bluerose Publishers Pvt. Ltd.,,India,English,,,Thriller; Crime Fiction,war; underworld; terrorism; global connections; crime; investigation,thrilling; gripping; dark,twist ending; unreliable narrator,Indian author; Mumbai setting; 90s nostalgia; crime thriller; under 300 pages; easy language,rainy day read,India Bookshelf; States Through Stories; Tamil Nadu Stories; Maharashtra Stories; Dark & Atmospheric; Page-Turners,"For a gripping and thrilling ride through the dark underbelly of 1990s Mumbai, pick up 'Wastra'.",,,"‘Wastra’ is a crime thriller fiction novel and the author did an amazing job in keeping the thrill throughout the book. Very well narrated with Easy language and a mix of Hindi words made it more lively. <br/>The story is set in the 90s of Mumbai, giving you scenery of the 90s. The story covers the connection between the iraq Iran war, Tamil tigers, Mumbai underworld, and much more.",,2021-12-13,0,
Naari,Vamshi Krishna,,,read,5,154,Ficstor Publishers,,India,English,,,Literary Fiction; Short Stories,identity; feminism; self-discovery; empowerment; struggle; beauty,emotional; inspiring; heartfelt,character-driven; interiority,Indian author; short story collection; female empowerment; book club pick; under 200 pages; raw female stories; level:intermediate,Women's History Month; International Women's Day,India Bookshelf; Indian Literary Fiction; The Epic Project; Epic · Draupadi; Roots of Bharat; Heartbreaking Reads,A must-read for anyone looking for inspiring and emotional stories of women's empowerment and self-discovery.,,,"<strong>Raw female stories!</strong><br/><br/>Naari stands to its title and I wasn’t expecting anything better than this from the author. After reading his book ‘Draupadi’, I was mesmerized by the intensity of emotions he put in the book. What was more fascinating is the fact that it was written by a Man. And since then his books are always on top is someone asked me to recommend books.<br/><br/>Some books are Mirror to your heart. And I will say, stories in Naari are something every female will relate to. For Every Woman is beautiful in itself and every story is a different struggle, a different journey in this world❤",2022-01-18,2021-12-27,0,
The Last Symbol,Nishith S. Parikh,,,read,4,231,StoryMirror Infotech Pvt. Ltd.,,India,English,,,Historical Fiction; Thriller,history; power; good vs evil; curiosity; preservation,thrilling; suspenseful; informative,quest; chase,Indian author; historical thriller; Vedic times; book club pick; under 300 pages; historical fiction; adventure,summer read; weekend read,India Bookshelf; Roots of Bharat; Indian Historical Fiction; Page-Turners,Dive into this historical thriller for a suspenseful and informative ride that will keep you hooked until the very end.,,,"<strong>Thrill of chasing a historical secret</strong><br/><br/>After Reading the First part of this book few days back, i was quite curious to read the next part.  And i must say this chase of decoding the quest of last symbol to save it from getting in evil hands was indeed thrilling. Again author did an amazing job at keeping the reader hooked with his vast knowledge on history and Vedic times. Facts and figures explained really clearly. Scenes r narrated like you would feel yourself part of the journey visualising the scenes in your mind. So overall a good read!!",2022-01-20,2022-01-16,0,
The Mini Sequel to The Alexander Secret: A Secret Revealed,Christopher C. Doyle,,9789386036209,read,5,91,Westland,The Alexander Secret series,India,English,,,Historical Fiction; Thriller,history; mystery; adventure; secrets; power,suspenseful; exciting; intriguing,secret societies; ancient mysteries,Indian author; historical thriller; short read; mystery novel; adventure story; book series,summer read,India Bookshelf; Indian Historical Fiction; Page-Turners,Dive into this gripping historical thriller to uncover secrets and mysteries that will keep you on the edge of your seat.,,,,2022-01-25,2022-01-03,0,
"The Wielder of the Trishul (Deva-Asura Katha, #1)",Satyam Srivastava,,9789390463411,read,5,308,Leadstart Publishing Pvt Ltd,Deva-Asura Katha,India,English,,,Fantasy; Mythology; Historical Fiction,good vs evil; war; destiny; journey; friendship; self-discovery; power struggle,epic; adventurous; dark; hopeful,chosen one; prophecy,Indian author; mythological fiction; historical fantasy; Vedic period; war story; book series; fantasy adventure; level:intermediate,Diwali; Navratri,India Bookshelf; Roots of Bharat; Indian Mythology Retellings; Indian Historical Fiction; Comfort Reads; Dark & Atmospheric,"Dive into this epic fantasy adventure set in ancient India, where mythology and history collide in a thrilling tale of good vs evil.",,,"Book keeping you hooked. Set in some parallel universe in history, book takes you back to the days of Kings and emperors of Vedic period. Another War between Good and Evil. This is the first part of the book setting the scenery and. Base for a great war . I indeed enjoyed the book and was so hooked to it that i wanted to complete it ASAP. Can't wait to read the second part of book. 3 warriors set on their journey to write history and fulfil their destiny. A amazing adventure to take.",,2022-01-29,0,
Ikigai: The Japanese Secret to a Long and Happy Life,Héctor García,,,want-to-read,,208,Penguin Life,,Japan,,,,Self-Help; Personal Development,purpose; happiness; longevity; fulfillment; balance; productivity; motivation; personal growth; mindfulness; wellness,inspiring; reflective; uplifting,,Japanese culture; self-care; personal growth; mindful living; New Year's resolution; gift book; under 300 pages; motivational,New Year's; Mental Health Awareness Month; New Year's resolution,World Bookshelf; Civilizations Through Books; Civilization · Japan; Around the World in 52 Books; East Asia Shelf; Comfort Reads,Discover the Japanese secret to a fulfilling life with this inspiring guide to finding your purpose and living with intention.,,,,,2022-01-03,0,
A Language Of Lies,Saugata Chakraborty,,9789390767472,read,4,162,Invincible Publishers,,India,English,,,Literary Fiction; Psychological Fiction,abandonment; adoption; childhood trauma; deception; identity; loneliness; manipulation,dark; depressing; mindful; thought-provoking,anti-hero; con artist; unreliable narrator,adoption story; dark humor; debut author; domestic drama; Indian author; literary fiction; psychological insight; short read; under 200 pages; level:intermediate,rainy day read,India Bookshelf; Indian Literary Fiction; Dark & Atmospheric,"Read A Language Of Lies for a darkly comedic and psychologically insightful exploration of the human condition, perfect for fans of literary fiction and debut authors.",,,"What a Story! I was in total awe while reading this book.<br/><br/>The main character of the book- Sean weaved lies in such a way that you would be dumbstruck.<br/><br/>A kid abandoned by his parents at the age of 3, and then adopted by a couple who meant to give him a good life. <br/><br/>But he took his childhood experiences in a different way. When his adopted parents told me to not discuss his haunting past with anyone, he took as it to frame a new world with his lies.<br/><br/>And this habit of lying didn't leave him throught the life. But the way he framed stories, the way he excuted those stories was really mindful. I hate to say but he was a man with brains. He leads a life of Saudia Prince for so many years with frauds and making his way.<br/><br/>Short depressing but mindful read. Truly stands to its title of 'language of lies' because Sean no other language than lies",2022-02-24,2022-02-09,0,
"Murdrum: The Probe Begins (Murdrum, #1)",Sohil Makwana,,9781638735861,read,5,329,Notion Press,Murdrum,India,English,,,Thriller; Crime Fiction,investigation; psychology; crime; mindset; thought process,thrilling; page-turner; dark,twist ending; unreliable narrator,Indian author; crime thriller; serial killer story; female protagonist; office read; page turner; psychological thriller; forensics investigation,,India Bookshelf; Dark & Atmospheric; Page-Turners,"Dive into this gripping page-turner for a thrilling experience that will keep you on the edge of your seat, guessing until the very end.",,,"This is the first part of crime thriller chasing a Serial Killer. Totally thrilling experience, just when you think you got the killer, you get to 0 to start all again. <br/>At the same time amazed by the mindset and thought process of Komal- the main female protagonist.<br/><br/>Totally a page turner, that i didn't mind reading it in my office hours. It will surely let you think for a moment about Han psychology and how incidents shapes the thought process of any person.<br/><br/>The book tried to take you in psychology of a criminal, forensics investigation during a murder. Totally amazing experience. Read such a. Thrilling novel after very long time",2022-02-28,2022-02-16,0,
"Double Trouble (Murdrum, #2)",Sohil Makwana,,,read,5,283,Aksharansh Publication,Murdrum,India,English,,,Thriller; Mystery,justice; crime; psychology; investigation; morality; human nature; trauma,gripping; suspenseful; intense; dark,serial killer; cat and mouse,Indian author; crime fiction; action-packed; page-turner; CBI officer; serial killer story; Bollywood-esque; fast-paced,,India Bookshelf; Dark & Atmospheric; Page-Turners,"If you're a fan of fast-paced crime thrillers with unexpected twists, 'Double Trouble' is a must-read that will keep you on the edge of your seat.",,,"Just wow! The story line, the plot the narration all awesome. I was feeling like i m watching a action movie. It reminded me of some Bollywood movie.<br/><br/>This is the 2nd part of book 'Murdrum' and i could not help finishing the book in 1 day such awesome was the book. Loved the twist where the connection between the Serial Killer and Female CBI officer revealed. <br/><br/>Thorough explanations on human psychology, forensics terms, gentics DNA. A totally facinating book .",2022-03-01,2022-02-16,0,
The Lost world,Pranay Bhalerao,,,read,5,,,,India,English,,,Environmental Fiction; Literary Fiction; Adventure,environmentalism; industrialization; stereotypes; tribal communities; conservation; modernization; cultural preservation,suspenseful; thought-provoking; thrilling,fish out of water; clash of cultures,Indian author; tribal story; environmental themes; book club pick; highly recommended; page-turner; level:intermediate,Earth Day; World Environment Day,India Bookshelf; Indian Literary Fiction; Page-Turners,Read this book for a thought-provoking and suspenseful story that highlights the importance of environmental conservation and cultural preservation.,,,"You will start reading this book, and you won't be able to put it down easily.<br/><br/>A one of its kind Story line taking to the Tribal Communities living in Deep Forests preserving the mother earth from modern world destruction.<br/><br/>Book breaks many stereotypes we have for tribal societies, and one really should read this book. It will let you be face to face with the destruction brought by industrialization and Havoc it had on the life of Tribal villages in the name of Development.<br/><br/>Book successfully delivered a strong message to modern Man that living in jungles doesn't make them uncivilized or illiterate they have equal knowledge or may be far more than we have. <br/><br/>A Story of thrill, suspense with awesome Story line. Highly Recommended book!",2022-03-09,2022-03-06,0,
The Mahabharata Quest: The Alexander Secret,Christopher C. Doyle,,9789384030599,read,5,355,Westland Books Private Limited,,India,English,,,Mythology; Historical Fiction; Thriller,identity; power; war; loyalty; deception; redemption; self-discovery,atmospheric; dark; intense; mysterious,ancient secrets; hidden treasures,Indian author; mythological fiction; historical thriller; action-packed; adventure story; Indian mythology retelling; Westland Books; level:intermediate,Diwali; Independence Day,India Bookshelf; Roots of Bharat; Indian Mythology Retellings; Indian Historical Fiction; Dark & Atmospheric; Page-Turners,Embark on a heart-pumping quest that combines ancient Indian mythology with historical intrigue and action-packed suspense.,,,,2022-03-14,2022-01-03,0,
The Secret of the Druids,Christopher C. Doyle,,,read,5,426,Westland,,India,English,,,Historical Fiction; Mythology; Thriller,identity; war; found family; power; mythology; history; culture,atmospheric; dark; mysterious,ancient secrets; hidden knowledge,Indian author; mythological fiction; historical thriller; cultural heritage; adventure story; mystery; action-packed; level:intermediate,summer read; winter night read,India Bookshelf; Roots of Bharat; Indian Mythology Retellings; Indian Historical Fiction; Dark & Atmospheric; Page-Turners,"Dive into a gripping adventure that combines history, mythology, and suspense, perfect for fans of fast-paced thrillers.",,,,2022-03-14,2022-01-03,0,
The Lost World Rises,Pranay Bhalerao,,,read,5,320,NotionPress books,,India,English,,,Fiction; Adventure,revenge; tribal communities; myth-busting; emotional journey; gripping storyline; storytelling,gripping; emotional; thrilling,,Indian author; thrilling read; emotional story; page-turner; book club pick; under 350 pages,,India Bookshelf; Heartbreaking Reads; Page-Turners,"A must-read for fans of gripping and emotional stories, this book will keep you on the edge of your seat until the very end.",,,"After completing the first part, i couldn't control myself from the reading the Second part of book. And i must say it lived up to my expectations. <br/><br/>Amazing story line and story telling skills. It will keep you bind till the end. A book breaking the myths about Tribal Communities and their behaviour. <br/><br/>A thrilling gripping emotional revenge Story. I compelted the book in a Day!!!",2022-03-14,2022-03-14,0,
One Arranged Murder,Chetan Bhagat,,9781542094146,read,,303,Westland,,India,English,,,Mystery; Thriller; Fiction,marriage; family; deception; trust; relationships; crime; investigation,suspenseful; dark; twisty; emotional,murder mystery; arranged marriage,Indian author; thriller novel; book club pick; murder mystery; domestic thriller; arranged marriage story; Indian fiction; Westland publication,summer read; monsoon read,India Bookshelf; Heartbreaking Reads; Dark & Atmospheric; Page-Turners,A must-read for fans of twisty thrillers and those interested in exploring the complexities of Indian culture and society.,,,,,2022-03-14,0,
Jabberwockiers,Rajessh M Iyer,,8193235096,read,5,176,Kriscendo Media LLP,,India,English,,,Fiction,family bond; father-daughter relationship; love; sacrifice; emotional journey,emotional; heartwarming; awe-inspiring,,heartwarming story; father-daughter bond; emotional read; must read for everyone; Indian author; under 200 pages,Father's Day,India Bookshelf; Heartbreaking Reads; Comfort Reads,"A must-read for everyone, this emotional and awe-inspiring story will leave you in wonder of the unbreakable bond between a father and daughter.",,,One word - Amazing Story! <br/>I don't know if this story has any resemblance with reality or not but this was a one of its kind read for me. I was just like Voww!<br/><br/>What a strong bonding between a father and daughter. A story that will surely make you emotional and will leave you in awe. This is the story of a father going beyond any law for her little Angel. <br/><br/>I don't have word to describe this. This story tells you that there is a bond that is stronger than blood relations. This would surely made you think once if you think blood Relation r greatest. <br/><br/>Surely a must read for everyone 😍,2022-03-19,2022-03-06,0,
The Raavan Key: What if your loved one goes missing mysteriously? (Drumatulya Trilogy 1),Pravin Agarawal,,9789390944200,read,5,294,Redgrab Books pvt ltd,Drumatulya Trilogy,India,English,,,Mythology; Thriller; Mystery,missing persons; identity; mythological roots; family; suspense; mystery; Ramayan era,suspenseful; engaging; atmospheric; dark,missing person; mythological retelling,Indian author; Mytho Fiction; suspenseful read; book club pick; Indian setting; Ramayan inspired; NRI character; level:intermediate,Diwali; Navratri,India Bookshelf; Roots of Bharat; Indian Mythology Retellings; Dark & Atmospheric; Page-Turners,"Dive into this engaging mythological thriller that masterfully weaves suspense, mystery, and Indian mythology.",,,"Just the way I like Mytho Fiction. Full of Suspense, Amazing Story line and roots to the Mythological stories.<br/><br/>The book Starts with the Missing of a NRI businessman who came to India to attend his niece's wedding. Book is based on the ancient city of Drumatulya, related to Raavan, thus tracing the main story line to the era of Ramayan.<br/><br/>There is a series of events of Mahabharta, in the beginning of every chapter in 1st person narration by Raavan, the Demon king.<br/><br/>Totally loved the book and i was so much hooked to the book that i completed the book overnight. Such strong story telling skills of Author. Can't wait for the coming part of book.",2022-04-05,2022-04-05,0,
The Woman Within,Nitya Ravi,,9789390767861,read,5,251,Invincible Publishers,,India,English,,,Literary Fiction; Thriller,grief; identity; family dynamics; love; trauma; responsibility; secrets,heartbreaking; suspenseful; emotional; dark,unrequited love; family secrets,Indian author; suspense thriller; domestic drama; book club pick; under 300 pages; emotional read; level:intermediate,rainy day read,India Bookshelf; Indian Literary Fiction; Heartbreaking Reads; Dark & Atmospheric; Page-Turners,"A gripping and emotional suspense thriller that explores the complexities of family dynamics and the power of secrets, perfect for fans of psychological fiction.",,,"This is the Story of Abid and Zia who have similar experiences when it comes to their father. <br/>What made Abids childhood worse is the fact that his mother avoided her responsibilities resulting in a deep scar he cannot get rid of.<br/>✨<br/>Zia is hopelessly in love with Abid who cannot reciprocate the same feelings because of his sister and mother. Why are they holding him back and what is Zia hiding from Abid? To know more, read the story, i promise you wont be disappointed!<br/><br/>story is really Interesting with Unexpected twists and turn and an ending you won't expect till the end. It reminded me of the book 'Silent Patient', which has such a strong plot Story. Amazing experience and the suspense was so high that I completed the book in one day only. A book worth reading if you are into Suspense Thrillers.",2022-04-10,2022-04-05,0,
The Girl on the Train,Paula Hawkins,,9781594633669,read,5,336,Riverhead Books,,United Kingdom,English,,,Thriller; Mystery; Psychological Fiction,obsession; grief; identity; marriage; deception; addiction; investigation,suspenseful; dark; twisty; emotional,unreliable narrator; missing person,thriller lover; page turner; book club pick; suspenseful read; psychological thriller; domestic drama; mystery novel,summer read; weekend read,World Bookshelf; Heartbreaking Reads; Dark & Atmospheric; Page-Turners,"A must-read for thriller lovers, this gripping novel is full of suspense and twists that will keep you on the edge of your seat.",,,What a amazing thriller read after a long time. Fast paced full of Suspense. A must read for all thriller lovers,2022-04-19,2022-04-03,0,
Mir Qasim's Tunnel,Swarnendu Bhushan,,,read,5,259,,,India,English,,,Mythology; Historical Fiction; Adventure,friendship; adventure; history; mythology; discovery; thrill; excitement,thrilling; adventurous; hooked; exciting,mythology retelling; divine politics; period setting; social constraints,Indian author; mythological fiction; historical fiction; adventure story; thrilling read; under 300 pages; book club pick; level:intermediate,Diwali; Navratri,India Bookshelf; Roots of Bharat; Indian Mythology Retellings; Indian Historical Fiction,"If you love mythological and historical fiction full of thrill and adventure, this book is perfect for you!",,,"Do you often wonder about all the Secret Paths and Tunnels built in History? Then this book will surely keep you hooked till the end.<br/><br/>The story is Set in the small town of Munger which used to be a part of Mithila during the Ramayan Period. <br/>The story keeps you hooked with all the adventures and thrill these three friends faced and the way the story turns.<br/><br/>The story leaves some loose ends, which is somehow promising for the next part of the book. I loved the book and completed the book in three despite my hectic schedule. I always loved Mythological Fiction and this book pulled me because of that.<br/><br/>So if you are also someone who loves Mythological and Historical fiction full of thrill and adventure, this one is for you!!!",2022-04-25,2022-04-19,0,
The Girl in the Red Lipstick,Ajay K. Pandey,,9789390441310,read,5,216,Srishti Publishers & Distributors,,India,English,,,Fiction; Social Thriller,hope; redemption; human trafficking; survival; social justice; personal growth; empowerment,heart-wrenching; emotional; inspiring; thought-provoking,rescue story,Indian author; human trafficking story; social justice; book club pick; inspiring true stories; women's rights; contemporary fiction,Women's History Month; International Women's Day,India Bookshelf; Heartbreaking Reads; Page-Turners,A heart-wrenching and inspiring story of hope and redemption that will change your perspective on human trafficking and the women who suffer through it.,,,"Always call a Prostitute a lady, you have no idea what she has been through""<br/><br/>And these lines have my heart ❤️<br/>✨<br/>What I always loved about Ajay Kumar Pandey's book is his choice of picking a woman's Story always. And that makes me one of the unique authors, but with this book i have more respect for him now.<br/>✨<br/>This is the Story of a Lady pushed into the human trafficking business losing hope of a normal life. But life gives you chances when least expected. Lalitha's life also took a beautiful turn during their encounter with Author Arun', who was determined to give her a better life.<br/><br/>Now, will Arun bring Lalitha out of that hell and give her a new normal life?<br/><br/>This is A story that will hold your heart and will keep you hooked till the end to know the fate of Lalitha. I won't give you spoilers because i really want you all to read this book, this may change perspective of people to those ladies who suffer❤️",2022-04-29,2022-04-19,0,
The Song of Achilles,Madeline Miller,,,read,4,408,Ecco,,Greece,English,,,Mythology; Historical Fiction; Literary Fiction,love; war; identity; fate; self-discovery; sacrifice; loyalty,emotional; heartbreaking; atmospheric; intimate,forbidden love; prophecy,Greek mythology; LGBTQ+ fiction; historical fiction; love story; war fiction; book club pick; award-winning author; level:intermediate,Pride Month; summer read,World Bookshelf; Civilizations Through Books; Civilization · Greece; Around the World in 52 Books; Heartbreaking Reads; Dark & Atmospheric,"A stunning and emotional retelling of the Trojan War from the perspective of Patroclus, a must-read for fans of historical fiction and mythological romance.",,,"love Story to be Cherished!<br/><br/>Always had this book on my TBR list and finally i picked it. <br/><br/>The Story is of love that blooms slowly and beautiful. The book is related to geek gods and can be categorised into Mythological fiction. <br/><br/>This is the story of prince Archilles- son of a goddess and a Man, and a normal banished Prince patroculus. According to prophecy archilles is destined to be greatest of warriors but that doesn't made his love for patroculus any less. He picked him as his campanion and soon it turned in to love.<br/><br/>I loved the Character of Archilles because of his simplicity and love for Patroculus that never fades. But the character of patroculus was more strong and beautiful for me. The way he fight at the war at last to save the geek people when Archilles refused to fight because of his Ego. The way he always stood by Archilles without fearing death. That pure and selfess love rare to find.<br/><br/>The whole story is narrated by Patroculus and by the end of story you will surely be emotional and wondering if such kind of love exists?<br/><br/>A slow yet definetly worthy read",2022-05-07,2021-10-31,0,
"Rebellion (Warlord of Ayodhya, #1)",Shatrujeet Nath,,9789391019792,read,5,408,Jaico Publishing House,Warlord of Ayodhya,India,English,,,Mythological Fiction; Historical Fiction,duty; brotherhood; war; leadership; loyalty; identity; responsibility,epic; adventurous; inspiring,unsung hero; kingdom management,Indian author; mythological retelling; historical fantasy; book series; Ayodhya setting; Ramayana inspired,Diwali; Navratri,India Bookshelf; Roots of Bharat; Indian Mythology Retellings; Indian Historical Fiction,"A must-read for fans of mythological fiction, this book offers a fresh perspective on the life of Bharat and his struggles to protect Ayodhya.",,,"Well, this book is a sure pick if you are a Mythological Fiction lover and always find it fascinating to know about unsung heroes of Story. This is the Story of Bharat- the younger brother of Ram who was left behind in Ayodhya and take care of the Kingdom till his elder brother comes back! <br/>✨<br/>But was it that simple to take care of Ayodhya? No! There were hurdles, wars, and so many difficulties he faced and this book is all about it.<br/><br/>You would thoroughly enjoy the book as it involves lots of Magic, wars, and a whole new perceptive of the life of Bharat. <br/><br/>A must be recommended for historical or mythological lovers. Eagerly waiting for the second part of the book. It was a little slow read but worth ♥️",2022-05-18,2022-05-07,0,
The Accursed God,Vivek Dutta Mishra,,,read,5,392,KDP,,India,English,,,Mythology; Historical Fiction,identity; war; found family; ego; triumph; regret; victory; defeat,atmospheric; thought-provoking; inspiring,mythology retelling; divine politics; period setting; social constraints,Indian author; mythological retelling; book club pick; historical fiction; inspirational fiction; Indian mythology; Hindu mythology; level:intermediate,Diwali; Navratri,India Bookshelf; Roots of Bharat; Indian Mythology Retellings; Indian Historical Fiction; The Epic Project; Epic · Bhishma; Dark & Atmospheric,"Dive into this profound and inspiring retelling of the Mahabharata, exploring the complexities of human nature and the true meaning of victory and defeat.",,,"The Accursed Gods by Author Vivek Dutta Mishra is one book which has really amazed me. Such beautiful portrayal of Pitamah Bhishma… I was amazed to read the entire book from a different perspective. Same story but different teller. The portraits used in the book are mesmerising. Krishna and his words, conversations are touching. The story starts when Chitrangad became the King and from there it took off how Bhishma became himself. <br/>The plot of the book was rock solid and profound and that makes it easier to read. Due to the length it took me 3 sittings but it made me want more. One of the dialogues that touched me the most was “Sometimes the only way to win is to lose. It takes a lot of courage to win over your ego, accept that in your defeat lies your real triumph. I realised that my victory would mean a devastated Aryavart;. I would have regretted my victory.”<br/>Looking forward for the next book in this franchise.",2022-06-02,2022-06-02,0,
Janaka and Ashtavakra: A Journey Beyond,Ashraf Karayath,,9789389967050,read,5,232,Rupa Publications India,,India,English,,,Mythology; Historical Fiction,self-discovery; transformation; identity; acceptance; mentorship; personal growth,inspirational; thought-provoking; heartwarming,mythology retelling; divine politics; period setting; social constraints,Indian author; mythological fiction; inspirational story; life lessons; Indian history; under 300 pages; level:intermediate,Diwali; Navratri,India Bookshelf; Roots of Bharat; Indian Mythology Retellings; Indian Historical Fiction; The Epic Project; Epic · Sita; Comfort Reads,Read this book for a fresh and inspiring perspective on Indian mythology and a journey of self-discovery and personal growth.,,,"Indian History and Mythology is full of characters who were not that popular but has a story of their own.<br/><br/>One such character is Janak- king of Mithila and Father of Sita. Though we have known him from the narration of Ramayana, but this character has his Story of own. <br/> ✨<br/>Ashtavakra- a great Sage with abandon knowledge but many times insulted because of his deformed Body formation. But janak find his Guru and mentor in him.  And begins the story of Transformation of Janak.<br/><br/>Book gives you insight to Janak's Character in a completely new light. It is a great mix of mythology, story telling with deep meaning delivered to even today's world for a successful leading of life. <br/>✨<br/>Thoroughly enjoyed Reading the book because you rarely come across such books which r interesting and at the same time delivers meaningful lessons for leading a content Life. Great Work by the Author!",2022-06-07,2022-06-07,0,
The Love Hypothesis,Ali Hazelwood,,9780593336823,read,5,383,Berkley Books,,United States,English,,,Romance; Contemporary,love; identity; career; family; self-discovery; relationships; empowerment,witty; heartwarming; humorous; emotional,fake relationship; forced proximity,romance novel; academic setting; strong female lead; STEM field; funny dialogue; slow burn; new adult,summer read; Valentine's Day,World Bookshelf; Heartbreaking Reads; Comfort Reads,"A fun, witty, and romantic read that will capture your heart with its lovable characters and engaging storyline.",,,,2022-07-29,2022-04-03,0,
The Forest of Enchantments,Chitra Banerjee Divakaruni,,9789353025984,read,5,372,HarperCollins India,,India,English,,,Mythology; Historical Fiction; Literary Fiction,identity; grief; war; found family; love; duty; feminism,atmospheric; heartbreaking; hopeful; lyrical,retelling; strong female lead,Indian author; mythological retelling; Ramayana inspired; book club pick; translated fiction; Indian literature; feminist literature; historical fiction; level:intermediate,Diwali; Navratri; International Women's Day,India Bookshelf; Roots of Bharat; Indian Mythology Retellings; Indian Historical Fiction; Indian Literary Fiction; The Epic Project; Epic · Sita; Heartbreaking Reads; Comfort Reads; Dark & Atmospheric; Slow Literary,"Read this book for a lyrical and powerful retelling of the Ramayana from Sita's perspective, exploring themes of identity, duty, and love.",,,,2022-07-29,2022-07-29,0,
The Dressmaker's Gift,Fiona Valpy,,9781542005142,read,5,276,Lake Union Publishing,,United Kingdom,English,,,Historical Fiction,family; war; identity; hope; resilience; love; survival,heartbreaking; hopeful; emotional,period setting; social constraints,WWII fiction; historical drama; women's fiction; book club pick; Lake Union Publishing; under 300 pages,Women's History Month; Remembrance Day,World Bookshelf; Heartbreaking Reads; Comfort Reads,Read 'The Dressmaker's Gift' for a heart-wrenching and hopeful portrayal of women's lives during WWII.,,,,2022-08-18,2022-03-14,0,
"An Eye for an Eye (Detective Kate Young, #1)",Carol Wyer,,,read,5,426,Thomas & Mercer,Detective Kate Young,United Kingdom,English,,,Thriller; Mystery; Crime,trauma; justice; self-discovery; perseverance; grief; identity; redemption,gripping; suspenseful; emotional; dark,cold case; corrupt system,female detective; crime fiction; thriller; mystery; police procedural; strong female lead; trauma and recovery; book club pick,summer read; weekend read,World Bookshelf; Heartbreaking Reads; Dark & Atmospheric; Page-Turners,"A gripping and emotional thriller that follows a strong female detective as she navigates a complex web of trauma, justice, and self-discovery.",,,"Detective Kate Young restarts her journey after a terrible accident that left her traumatized. Though most of people thinks she is still not in state to get back to work, his superior hand over him a high profile case of a VIP. <br/><br/>But somewhere deep down Kate could sense something that connects the train accident and this high profile murder case. And this is her Quest to find the truth and murderer not just for justice but also to prove herself again, to find the truth of train accident.<br/>✨<br/>Amazing story line, haven't read such amazing book once in a while. So many twist and turns, but trust me you need to wait till you reach the end and you will be in awe. <br/><br/>This is also the  Story of a Woman finding all odds of life, fighting her own demons and getting control of her life back. Totally worth those night i spent reading the book instead of sleeping",2022-08-18,2022-07-29,0,
Ugly Love,Colleen Hoover,,,read,4,330,Atria Books,,United States,English,,,Romance; Contemporary,love; heartbreak; past trauma; relationships; personal growth; vulnerability; trust,emotional; intense; romantic; heartbreaking,friends to lovers; forbidden love,new adult romance; contemporary romance; pilot hero; friends to lovers; emotional read; heartbreaking story,summer read; beach read,World Bookshelf; Heartbreaking Reads; Dark & Atmospheric,A heart-wrenching love story about two people trying to navigate their feelings and past traumas to find a way to be together.,,,"This is the Story of a Handsome Pilot 'Miles' who is scared to love anyone again because of his painful past. But his life takes turn when his friend's Sister 'Tate' comes to live with his brother. <br/><br/>And there starts the story of tate and Miles founded on some ground rules. But for tate it was more than about keeping rules. She loves miles and is happy with whatever way she could be attached to him. <br/><br/>But miles who don't want to love anyone, will he break the shackles and accept his love for Tate? Will he make peace with his past, and move on? Or Will tate give up the hope of miles coming to her? <br/><br/>Story is narrated in two timelines- miles narrating his life 6 years back and other Tate narrating the present. So you could be hooked to the book to know what really happened in Miles past and will they both end up together?<br/>✨<br/>This could be a lite read if you looking for such. Seemed a little lengthy at some points but enjoyed reading it❤️",2022-08-18,2022-08-18,0,
"It Ends with Us (It Ends with Us, #1)",Colleen Hoover,,9781668021040,read,5,386,Atria Books,,United States,English,,,Romance; Contemporary; Women's Fiction,abusive relationships; marriage; forgiveness; trust; motherhood; personal growth; self-discovery,emotional; heartbreaking; hopeful; inspiring,forbidden love; abusive partner,romance novel; abuse story; strong female lead; book club pick; emotional read; women's rights; domestic violence awareness,Domestic Violence Awareness Month; Women's History Month,World Bookshelf; Heartbreaking Reads; Comfort Reads,A must-read for anyone who loves a strong female lead and a story that tackles tough topics with sensitivity and hope.,,,"Which started as a romantic fiction for me turns out to be a wholesome experience carrying a deep meaning for the abusive relationships and marriage. And no wonder author's personal experience of life added more lively touch to this book.<br/>✨<br/>This is the Story of Lily- a 23 year old Girl grown up watching her father's abusive behaviour for her mother. When she Met Ryle everything seemed perfect in her life- a new business, a loving boyfriend, a bestfriend ANC her mother. But it changed when Ryle lost his Temper for the first time and hit Lily. Unintentionally her thoughts went to his father.<br/><br/>But she forgive him for the first time and when she got married to him, she has everything a girl could ask her. But when Ryle lost his Temper again she find it hard to trust him again, and in that time she find herself pregnant with Ryle's Baby. <br/><br/>Now will she Forgive Ryle one more time for their baby and marriage? Or will she take a decision for the better? <br/>I guess sometimes parents need to take decision for their kids so that their kids grow more strong and learn Better things.<br/>✨<br/>A lovely Story of Strong and bold woman who chooses to object rather than pushing her limits in the abusive relationship.<br/>A book worth Reading!!",2022-08-18,2022-08-18,0,
The Hating Game,Sally Thorne,,,read,5,365,William Morrow Paperbacks,,Australia,English,,,Romance; Contemporary,love; rivalry; self-discovery; emotional growth; relationships; vulnerability,witty; heartwarming; romantic; humorous,enemies-to-lovers; office romance,office romance; romantic comedy; contemporary romance; slow burn; hate-to-love; adult fiction; chick lit,Valentine's Day; summer read,World Bookshelf; Comfort Reads,"A delightful and witty office romance that explores the transformation of enemies into lovers, making it a perfect read for fans of contemporary romance.",,,"I have seen many times that foundation of strongest bond starts with hating each other. Something similiar happened between Lucinda and Joshua, working in same company for co-founders. For Luncinda it was Hating Game they were playing without having a slightest idea about what Josh feels for her. <br/><br/>For Josh it was love from very first day, But when Josh kissed her in lift, it triggered a different set of emotions in her. she finds herself addicted to him, attracted to him but not accepting easily the fact that she loves him. <br/><br/>And from there starts their Hating Game turning in to Love.From being each other's biggest Rivalry to falling in love deeply, this is a sweet office Romance Story. A sweet girl Falling for a rough not so nice guy. <br/><br/>✨<br/>I wanted to read the book from so long because its title facinated so much, but finally i was able to complete it and just like all romantic fiction it ends up with smile.<br/><br/>A little long but sweet Office Romance fiction that you will thoroughly Enjoy.",2022-08-18,2022-08-18,0,
The Protectors Of Kavaach,Pranay Bhalerao,,,read,5,353,PB_Productions,,India,English,,,Mythology; Fiction,good vs evil; protection; power; curiosity; suspense; legacy; destiny,gripping; intriguing; suspenseful; adventurous,chosen one; secret keeper,Indian author; mythological fiction; book series; page-turner; historical fiction elements; science and mythology; fast-paced read; level:intermediate,Diwali; Navratri,India Bookshelf; Roots of Bharat; Indian Mythology Retellings; Indian Historical Fiction; Page-Turners,"Dive into this captivating tale of mythology, adventure, and suspense that will keep you hooked until the very end.",,,"Again a gripping Mythological fiction Novel that kept me hooked till the end of book and left me curious to read the Second part of Book Soon.<br/><br/>This is Story of Good against evil, protecting an old Mahabharat secret that could play havoc on world if got in evil hands.<br/><br/>This is the Story of Rudra born in Shivgarh with a Birth mark of Trishul on his back, protector of old secret. And Shaurya who is no less than a Demon, also after that Secret <br/><br/>Story runs in Three different timelines- Present, and other 2 in past  many centuries earlier. <br/>Amazing combination of Science, history and Mythology. <br/><br/>I don't want to give spoilers about the book because it  would be more interesting if we keep the suspense on. But it's after so long i completed the book in one day just because it was so intriguing that i wasn't able to stop myself.<br/><br/>eagerly waiting for the Second part. I had read your series and was expecting something similiar but it's much more than my expectations. All the best, keep writing such amazing books😍",2022-08-20,2022-08-18,0,
Norwegian Wood,Haruki Murakami,,,read,2,296,Vintage Books,,Japan,Japanese,,,Literary Fiction; Coming-of-Age,identity; love; loss; grief; self-discovery; alienation; youth culture,melancholic; nostalgic; contemplative; atmospheric,unreliable narrator; love triangle,Japanese author; 1960s setting; college life; first love; book club pick; translated fiction; under 300 pages; level:intermediate,summer read; back to school,World Bookshelf; Civilizations Through Books; Civilization · Japan; Around the World in 52 Books; East Asia Shelf; Heartbreaking Reads; Dark & Atmospheric,"A beautifully written and deeply moving coming-of-age story that explores the complexities of youth, love, and identity.",,,,2022-08-20,2021-10-31,0,
Yajnaseni: The Story of Draupadi,Pratibha Ray,,9788171673230,read,5,408,Rupa Publishers,,India,English,,,Mythology; Historical Fiction,identity; sacrifice; duty; morality; feminism; war; spirituality,mesmerizing; emotional; inspirational,strong female lead; friendship,Indian author; Mahabharata retelling; female protagonist; Hindu mythology; historical fiction; Indian literature; mythological fiction; level:intermediate,Navratri; Diwali,India Bookshelf; Roots of Bharat; Indian Mythology Retellings; Indian Historical Fiction; The Epic Project; Epic · Draupadi; Heartbreaking Reads,"A must-read for fans of Indian mythology and historical fiction, offering a fresh and emotional perspective on one of Hinduism's most iconic female characters.",,,"One word for this Book- mesmerizing! I have read different versions of Mahabharata story but reading it from the view of Draupadi is always a different experience. <br/>While for many of us Mahabharata was all about pandav and Kauravas, we forget about the heroine of Epic- Draupadi. <br/><br/>Well Story was no different in this book,  the same great Mahabharata battle. What is special about this book is the way author narrated the  unique bond of Krishnaa and Krishna <br/>- Sakhi and Sakha.  It will surely touch your heart. <br/>✨<br/>This book also narrates the Difficult journey of Draupadi and the insults she endures because of having five husbands. Her inner sorrows and the sacrifices she made for the establishment of Dharam. <br/><br/>For me, Mahabharat would have been impossible without Draupadi, for She was YajnaSeni- born from the Sacrificial fire for the reestablishment of Dharam on Earth. <br/><br/>It is a slow read for me but totally worth the patience because this was the story of Panchali who possessed unmatched beauty and valour.",2022-09-05,2022-08-18,0,
I Wish I Could Tell Her,Ajay K. Pandey,,9789390441617,read,5,208,Srishti Publishers & Distributors,,India,English,,,Romance; Literary Fiction,love; self-acceptance; societal pressure; family; unconditional love; body image; discrimination,heartwarming; emotional; thought-provoking,unrequited love; social commentary,Indian author; easy read; one sitting read; sensitive topics; body positivity; family drama; level:intermediate,Valentine's Day; International Day of Families,India Bookshelf; Indian Literary Fiction; Heartbreaking Reads; Comfort Reads,A beautiful and thought-provoking love story that explores the importance of self-acceptance and unconditional love.,,,"I must say his every book carries a beautiful message with it. This is the Story of Vasu- a boy with mediocre Looks and Intelligence but with a golden heart and beautiful Soul. <br/><br/>What started as a School friendship with Radhika for vasu, turned in to love with passing years. But falling in love is easy but expressing it is entirely different. <br/>✨<br/>This is story a family who loved their Boy unconditionally, a sister who stood by her through thick and thin, making sure his brother is secure from the cruelity and judgement of world. <br/><br/>This beautiful Story focus on the society's obsession with fair complexion and treating dark complexion as some kind of curse. <br/>✨<br/>Book is easy read and could be completed in one sitting because the character of Vasu and her sister will hold you till the end. I picked the book at night and goes on Binge reading till morning!<br/><br/>Kudos to Author for always coming up with such sensitive topics as centre of his stories. Looking forward to Read more such amazing stories.",2022-09-12,2022-09-08,0,
Verity,Colleen Hoover,,,read,4,336,Grand Central Publishing,,United States,English,,,Psychological Thriller; Mystery; Suspense,deception; identity; morality; truth; writing; ambition,gripping; intriguing; suspenseful; dark; unexpected,unreliable narrator; plot twist,suspense novel; psychological thriller; book series; female author; page-turner; book club pick; summer read; thrilling ending,summer read; Halloween,World Bookshelf; Dark & Atmospheric; Page-Turners,"If you're a fan of suspenseful stories with unexpected twists, Verity is a must-read that will keep you guessing until the very end.",,,"Some books just let you keep guessing the end but when you reach the end, you r full of more questions. This is one such books, even after completing it i am not able to decide who is the real culprit, who is the real Evil!<br/>✨<br/>This book was in my TBR from very long and i finally finished it and i must say this is first of its kind i read. <br/>This is Story of a young Writer Lowen who got offer to be co author of a famous book series. Author of book- Verity met with an accident and couldn't complete the book but publishers want to complete the series, and they hired Lowen. What Lowen didn't know that this offer will change her life. <br/><br/>Story is really gripping and intriguing, but wait till you reach the end and you will end up with more questions. You will be hooked to the book, you will make guesses but ending is totally unexpected. <br/><br/>A must read if you r in to suspense novels.",2022-09-23,2022-09-10,0,
Kafka on the Shore,Haruki Murakami,,,read,5,467,Vintage International,,Japan,Japanese,,,Magical Realism; Literary Fiction,identity; alienation; human connection; fate; memory; reality and fantasy,atmospheric; contemplative; dreamlike; melancholic,parallel universes; mysterious events,Japanese author; philosophical themes; magical realism; literary fiction; complex characters; thought-provoking; level:intermediate,summer read; rainy day read,World Bookshelf; Civilizations Through Books; Civilization · Japan; Around the World in 52 Books; East Asia Shelf; Heartbreaking Reads; Dark & Atmospheric,"A must-read for fans of magical realism and philosophical fiction, this novel is a thought-provoking and atmospheric exploration of the human condition.",,,Some books keep you hooked till the end but you can't really explains then. This one is such masterpiece,2022-09-26,2021-10-31,0,
The Alchemist,Paulo Coelho,,9780062315007,read,5,182,HarperOne,,Brazil,Portuguese,,,Philosophical Fiction; Adventure; Fantasy,self-discovery; spirituality; dreams; perseverance; fate; personal growth; soul searching,inspirational; reflective; adventurous; thought-provoking,journey of self-discovery; magical realism,classic novel; philosophical read; inspirational story; must-read; spiritual journey; personal development; travel fiction; fable; gem:classic,summer read; New Year's resolution,World Bookshelf,A timeless and inspiring tale of self-discovery that will motivate you to listen to your heart and follow your dreams.,,,I would love to read this book again and again! Few of the books that kept my interest alive even though being in philosophical category,2022-09-26,2021-10-31,0,
The Magicians of Mazda,Ashwin Sanghi,,9789354899089,read,5,492,HarperCollins India,,India,English,,,Mythology; Historical Fiction; Thriller,identity; culture; history; mythology; religion; rituals; quest,atmospheric; engaging; informative; thrilling,mythology retelling; divine politics; period setting; social constraints; twist ending; unreliable narrator,Indian author; mythological fiction; Parsi history; Zoroastrian culture; cultural rituals; book club pick; long read; historical thriller; level:intermediate,Navroze; Nowruz,India Bookshelf; Roots of Bharat; Indian Mythology Retellings; Indian Historical Fiction; Civilizations Through Books; Civilization · Persia; Around the World in 52 Books; Dark & Atmospheric; Page-Turners,Dive into the captivating world of Parsi mythology and history with Ashwin Sanghi's engaging storytelling in The Magicians of Mazda.,,,"""If you perform a ritual with devotion, it becomes spiritual""- Magician of Mazda by Ashwin Sanghi.<br/>✨<br/>Magician of Mazda takes you to the roots of parsian culture and their history tracing back to the time of its foundation. As always i m mesmerized with the vast knowledge and blend of combination of science and cultural rituals. And his story telling style is something that wil keep you hooked till end.<br/>✨<br/>Taking you to US, Persia, iran, Afghanistan and various part of India, Author portrayed the zoroastrian and parsi history with perfection. A perfect combination of mythology, history, quest, thrill and religious rituals and differentiation culture. Loved the book to core <br/>✨<br/>No doubt when it comes to mythological fictions, Ashwin Saghi is my favourite author. <br/>I got my hands on this back in June but finally i completed it and once i started reading it there was no break. I wanted to complete it one sitting even if it meant sacrificing my sleeping hours. Such books feels like food for soul.",2022-10-11,2022-10-06,0,
The Raavan Returns (Drumatulya Trilogy Part 2),Pravin Agarawal,,9789395697019,read,5,304,Redgrab Books,Drumatulya Trilogy Part 2,India,English,,,Mythological Fiction; Historical Fiction,mythology; family; quest; identity; connection to the past; suspense; determination,gripping; suspenseful; adventurous,nephew on a quest; detective story,Indian author; mythological fiction; historical fiction; book series; detective story; quest narrative; Indian mythology; Ramayan inspired; level:intermediate,Diwali; Navratri,India Bookshelf; Roots of Bharat; Indian Mythology Retellings; Indian Historical Fiction,Dive into this gripping mythological fiction for a suspenseful adventure that blends ancient Indian mythology with modern detective storytelling.,,,"The book is second part of Drumtulya Trilogy, a mythological fiction or we can say a historical fiction based on the ancient city of Drumtulya established by the Step brother of Ravan and banker of Gods- kuber.<br/><br/>Story continues with some more twists and revelation while continuing the Story of Ramayan. Detective Ajay is still determine on his Quest to find Kartikey and bring him safe and sound, and his quest brings him to Richa- who narrates the entire deadly episode of that night to them <br/><br/>Ajay set on his journey to Jaisalmer but more surprise wait him there. Story becomes more interesting when Rudra- nephew of Kartikey, in search of his fiancee, also finds his conection with the old city.<br/><br/>Again Story narration is really gripping and i completed the book in one day, couldn't put it down because of the suspense and surprises awaiting. Can't wait to read the third part of book, it was little disappointing to reach the end of this part. Because i wanted to read it more 😍. Kudos to Author!!!",2022-10-11,2022-10-06,0,
Rebecca,Daphne du Maurier,,9780316323703,read,4,449,"Little, Brown and Company",,United Kingdom,English,,,Gothic Fiction; Mystery; Classics,jealousy; identity; obsession; secrets; class disparity; grief,atmospheric; dark; suspenseful; haunting; mysterious,unreliable narrator; haunted house; sinister housekeeper; power imbalance,Gothic classic; spooky season; book club pick; classic literature; female protagonist; atmospheric read; gem:classic,Autumn; Halloween; rainy day read,World Bookshelf; Dark & Atmospheric; Page-Turners,"A masterclass in psychological suspense and atmospheric dread, featuring one of literature's most famous opening lines.",,,,2022-10-11,2022-10-06,0,
Keepers of the Kalachakra,Ashwin Sanghi,,,read,5,412,Westland,,India,English,,,Historical Fiction; Mythology; Thriller,grief; identity; war; found family; spirituality; power struggle; loyalty,heartbreaking; hopeful; atmospheric; dark,ancient prophecies; hidden societies,Indian author; mythological fiction; historical thriller; book club pick; Indian culture; spiritual themes; action-packed; adventure; level:intermediate,Diwali; Navratri,India Bookshelf; Roots of Bharat; Indian Mythology Retellings; Indian Historical Fiction; Heartbreaking Reads; Comfort Reads; Dark & Atmospheric; Page-Turners,Dive into a captivating world of ancient prophecies and hidden societies with Ashwin Sanghi's 'Keepers of the Kalachakra'.,,,,2022-10-15,2022-01-03,0,
"A Cut for a Cut (Detective Kate Young, #2)",Carol Wyer,,,read,5,367,Thomas & Mercer,Detective Kate Young,United Kingdom,English,,,Thriller; Mystery,justice; trauma; investigation; morality; redemption; power dynamics; corruption,dark; gripping; intense; suspenseful,serial killer; detective story,crime fiction; female detective; police procedural; thrilling mystery; page-turner; book series; British author,,World Bookshelf; Dark & Atmospheric; Page-Turners,"Dive into this intense, suspenseful mystery for a thrilling ride with Detective Kate Young as she unravels a complex web of crime and deception.",,,,2022-10-17,2022-10-15,0,
"The Mahabharata: A Modern Rendering, Vol 2",Ramesh Menon,,9780595401888,want-to-read,,598,iUniverse,,India,English,,,Mythology; Historical Fiction,war; duty; loyalty; power; morality; identity; spirituality,epic; philosophical; atmospheric,good vs. evil; destiny,Indian author; Hindu mythology; classic retelling; epic story; philosophical themes; historical context; level:advanced; gem:classic,Diwali; Navratri,India Bookshelf; Roots of Bharat; Indian Mythology Retellings; Indian Historical Fiction; Dark & Atmospheric,Experience the timeless epic of the Mahabharata in a fresh and captivating narrative that explores the human condition.,,,,,2022-11-06,0,
The Bhagavata Purana (Clothbound),Ramesh Menon,,9788129109958,want-to-read,,,Rupa and Co,,India,English,,,Mythology; Historical Fiction,faith; morality; spirituality; duty; self-discovery; philosophy; mythology,reflective; contemplative; spiritual,mythology retelling; divine politics; period setting; social constraints,Indian author; Hindu mythology; classic literature; spiritual fiction; philosophical fiction; cultural heritage; religious fiction; level:intermediate; gem:classic,Diwali; Navratri,India Bookshelf; Roots of Bharat; Indian Mythology Retellings; Indian Historical Fiction,Dive into the rich cultural heritage of India with this captivating retelling of The Bhagavata Purana.,,,,,2022-11-06,0,
Devi: The Devi Bhagavatam Retold,Ramesh Menon,,9788129109088,want-to-read,,514,Rupa,,India,English,,,Mythology; Historical Fiction,goddesses; feminism; mythology; culture; identity; spirituality; empowerment,inspirational; thought-provoking; cultural,mythology retelling; divine politics; period setting; social constraints,Indian author; mythology retelling; goddess story; feminist literature; cultural heritage; Hindu mythology; Indian culture; level:advanced,Navratri; Diwali,India Bookshelf; Roots of Bharat; Indian Mythology Retellings; Indian Historical Fiction,Dive into the captivating world of Hindu mythology with this beautifully retold story of the goddesses.,,,,,2022-11-06,0,
Blue God: A Life of Krishna,Ramesh Menon,,9780595154128,want-to-read,,320,iUniverse,,India,English,,,Mythology; Historical Fiction,faith; identity; morality; spirituality; mythology; culture; tradition,reflective; inspirational; thought-provoking,mythology retelling; divine politics; period setting; social constraints,Indian author; mythological retelling; Hindu mythology; Krishna story; spiritual fiction; cultural heritage; Indian culture; level:intermediate,Diwali; Navaratri; Hindu festivals,India Bookshelf; Roots of Bharat; Indian Mythology Retellings; Indian Historical Fiction,Dive into the captivating world of Hindu mythology with this beautifully written life of Krishna.,,,,,2022-11-06,0,
Krishna,Ramesh Menon,,,want-to-read,,277,,,India,English,,,Mythology; Historical Fiction,identity; morality; war; duty; spirituality; politics; loyalty,atmospheric; philosophical; epic,destiny; hero's journey,Indian author; mythological retelling; Indian mythology; classic tale; under 300 pages; spiritual themes; level:intermediate; gem:classic,Diwali; Navratri,India Bookshelf; Roots of Bharat; Indian Mythology Retellings; Indian Historical Fiction; Dark & Atmospheric,"Dive into the epic story of Krishna, a timeless tale of duty, morality, and spirituality that continues to captivate readers with its rich mythology and philosophical insights.",,,,,2022-11-06,0,
Srimad Bhagavad Gita (A Modern Translation),Ramesh Menon,,9788129111494,want-to-read,,517,Rupa & Co.,,India,English,,,Mythology; Philosophy; Spiritual Fiction,spirituality; self-discovery; morality; duty; war; identity; faith,contemplative; inspirational; thought-provoking,mythology retelling; divine politics,Indian mythology; spiritual fiction; philosophical fiction; Hindu scripture; classic translation; over 500 pages; level:advanced; gem:classic,Diwali; Navaratri,India Bookshelf; Roots of Bharat; Indian Mythology Retellings,"Read the Bhagavad Gita for a profound exploration of the human condition, spirituality, and the pursuit of wisdom.",,,,,2022-11-06,0,
The Complete Mahabharata #9: Santi Parva & Mokshadharma Parva,Ramesh Menon,,9788129150820,want-to-read,,503,Rupa Publications India,,India,English,,,Mythology; Historical Fiction,war; grief; identity; morality; spirituality; duty; sacrifice,atmospheric; contemplative; philosophical,mythology retelling; divine politics; period setting; social constraints,Indian author; Hindu mythology; epic story; classical literature; translated fiction; over 400 pages; level:advanced; gem:classic,Diwali; Navratri,India Bookshelf; Roots of Bharat; Indian Mythology Retellings; Indian Historical Fiction; Dark & Atmospheric,Read this book for a profound and immersive exploration of Indian mythology and philosophy.,,,,,2022-11-06,0,
The Woman in the Window,A.J. Finn,,,read,3,455,William Morrow,,United States,English,,,Thriller; Mystery; Psychological Fiction,isolation; mental health; trauma; grief; obsession; deception; reality vs. illusion,dark; suspenseful; atmospheric; intense,unreliable narrator; stalker,book club pick; modern thriller; bestseller; psychological suspense; female protagonist; Hitchcockian; lonely protagonist; gem:popular,winter read; rainy day read,World Bookshelf; Dark & Atmospheric; Page-Turners,"If you enjoy twisty, suspenseful stories with complex characters, you'll love this modern thriller.",,,,2022-11-27,2022-10-12,0,
Siva: The Siva Purana Retold,Ramesh Menon,,9788129109477,read,5,324,Rupa and Co,,India,English,,,Mythology; Historical Fiction,faith; spirituality; mythology; culture; tradition; identity; philosophy,reflective; informative; spiritual,mythology retelling; divine politics; period setting; social constraints,Indian author; mythology retelling; Hindu mythology; Indian culture; spiritual fiction; classics retold; Rupa and Co publication; level:intermediate; gem:classic,Navratri; Diwali,India Bookshelf; Roots of Bharat; Indian Mythology Retellings; Indian Historical Fiction,"Dive into the rich world of Hindu mythology with this captivating retelling of the Siva Purana, perfect for fans of spiritual and cultural fiction.",,,,2022-11-27,2022-11-06,0,
Panther's Ghosts: The Beginning,Ajit,,9789390252732,read,4,208,Bloomsbury India,,India,English,,,Thriller; Mystery,revenge; corruption; justice; loss; power,intense; gripping; dark,vigilante,Indian author; crime fiction; police procedural; revenge story; fast-paced; under 300 pages,summer read,India Bookshelf; States Through Stories; Maharashtra Stories; Dark & Atmospheric; Page-Turners,"Pick this up for a gripping, intense thriller that explores themes of revenge, corruption, and justice.",,,"If the answer to the above question is yes, then this book is one you should pick. I wasn't sure if I will complete the book in two days but I did because the story got so intense and I wasn't able to put it down. <br/><br/>So, the story starts with the murder of Police Officer - Veer Rana in his house in Mumbai, when he was about to uncover the criminal of Chief Minister and gangster Adnan, along with the various corrupt Police Officers in the System.<br/><br/>After 1 year, When Veer's Son-Raj got to know the truth of his father's Death from her mother, he wanted to avenge his Father's Death. But what he didn't know was that it will take him to Pakistan to face the deadliest Terrorist Chief. <br/>✨️<br/>Accompanied by His Father's friends, intelligence services, and the prime minister himself, he sets on the deadly operation to make his father's murderers pay Back!! Though I am a little disappointed by the ending, because I was expecting it to be a little better, anyways it was a good Read.<br/><br/>I won't be giving more Spoilers but the book gets intense, and surely the title is fascinating but, you have to read the book to know who is Panther and Who are Panther's Ghosts?",2023-01-17,2023-01-12,0,
Abhimanyu,Anuja Chandramouli,,9789354581281,read,4,382,One Point Six Technologies Pvt Ltd,,India,English,,,Mythology; Historical Fiction,courage; valour; martyrdom; heroism; family; war; destiny,captivating; inspiring; heartfelt,mythology retelling; divine politics; period setting; social constraints,Indian author; mythological fiction; Mahabharat retelling; book club pick; historical retelling; inspirational story; war story; family drama; level:intermediate,Diwali; Navratri,India Bookshelf; Roots of Bharat; Indian Mythology Retellings; Indian Historical Fiction,"A must-read for fans of Indian mythology and historical fiction, this book is a captivating and inspiring retelling of Abhimanyu's story.",,,"Abhimanyu- Son of Arjuna and Subhadra, nephew of lord Krishna, who knew his destiny even before he was born. and this book is dedicated to Abhimanyu, his courage and Valour, his martyrdom, and his heroism. And later on, it was his son Parikshit who was the last king of the Kuru clan.<br/><br/>Abimanyu started learning War tactics from his mother's womb when Arjuna used to narrate stories of wars to Subhadra. He learned many great things from his uncle Krishna. He was the favorite of everyone and why wouldn't he be? He was an ideal Son, a fierce Warrior. He didn't even hesitate once to enter the chakravyuh though he knew he don't know how to exit the formation. <br/><br/>I thoroughly enjoyed the book whether it is the story narration or the choice of words. The book is captivating althoIIhashave already read Mahabharat several times, I was still indulged in a book like I m reading for the first time. I am sure you all will enjoy it!!!",2023-02-10,2023-02-01,0,
And the Mountains Echoed,Khaled Hosseini,,9781594631764,read,5,404,Riverhead Books,,Afghanistan,English,,,Literary Fiction; Historical Fiction,family; love; war; identity; sacrifice; redemption; grief,emotional; heartbreaking; hopeful,interconnected stories,Afghan author; family drama; historical fiction; book club pick; emotional read; literary fiction; war story; level:intermediate,summer read; book club pick,World Bookshelf; Middle East & North Africa; Around the World in 52 Books; Heartbreaking Reads; Comfort Reads,A heart-wrenching and beautifully written novel that explores the complexities of human relationships and the power of love and sacrifice.,,,,2023-02-24,2022-01-03,0,
The Tattoo Trail,Gurucharan Singh Gandhi,,9789356672956,read,5,232,Leadstart,,India,English,,,Thriller; Mystery,murder investigation; identity; deception; power struggle; cultural preservation; national security,suspenseful; intriguing; complex,fake identity; high-stakes investigation,Indian author; murder mystery; police procedural; India-China relations; book club pick; under 300 pages,summer read; rainy day read,India Bookshelf; Civilizations Through Books; Civilization · China; Around the World in 52 Books; Page-Turners,"Dive into this gripping murder mystery that takes you on a thrilling ride across India, full of twists and turns that will keep you guessing until the very end.",,,"Let me start with praising the book for its totally unexpected ending. So many Characters, so mant stories intertwined with each other, and so many aspects of the Human Nature anx Society Structure. <br/>Two Special forces  cops, murder of high profile personality , one suspect with fake ID, so many questions! Does this sound Interesting?<br/><br/>Set in 2017,  India Book Starts in national Capital of India with the murder of a high profile defence official who was playing a major roles in planning strategy for China india relation. Keshav- a special force officer along witg her subordinate- Sumitra,  is assigned the role for his reputation to break through such complex cases. A Man is arrested as suspect who is cool and compose even after being arrested and interrogated for hours.<br/>✨️<br/>But makes the story more interesting when kesav and sumitra discovers that person is carrying fake Identity. It makes their case more complex because now they have two task in hand- to find the real indentity of the suspect and motive behind Murder. Time is ticking as india china meeting is 10 days, and stakes are high taking the angle of involvment of China is the Murder.<br/><br/>Book takes you to Jharkhand and gives you a glimpse of lifestyle of Jharkhand and its remote places. Also it showcases how 'Adivasi' community is proud and preserving their culture from modernization.But major Story is set in Goa, and all clues leads to Goa. <br/>✨️<br/><br/>What started as murdery Mystery reveals many more ugly faces of politics structure, scams and Crime. But yes Ending is totally unexpected. You will keep on guessing till you reach the end of book. <br/>Coming to the title of book-""The Tattoo Trail"", you might thing why this title? But have patience till you reach the end, you will know why this title. After many Weeks, i completed a book in one day and trust me it was worth the sacrificed Sleep. <br/>Language is Easy and full of dialogues and lines that i couldn't control highlighting and sharing...",2023-03-01,2023-02-27,0,
GAZALA,Suman Siwach,,9789357374194,read,4,255,978-93-5737-419-4,,India,English,,,Literary Fiction; Contemporary,motherhood; loss; hope; identity; survival; redemption; family,heartbreaking; hopeful; emotional; inspiring,long-lost relative; second chance,Indian author; women's story; mother-daughter relationship; overcoming adversity; book club pick; emotional read; level:intermediate,Mother's Day; Women's History Month,India Bookshelf; Indian Literary Fiction; Heartbreaking Reads; Comfort Reads,"A heart-wrenching and inspiring story of a mother's love and resilience, Gazala is a must-read for fans of emotional and uplifting fiction.",,,"""Power of Certain Situations speaks more than people could ever do with their threatening words""<br/><br/>Book Review: Gazala- A hopeful tale from war-torn World by Suman Siwach<br/>✨️<br/>What a lovely book it is!!! This not just the tale of hope but a mother's quest to find her long lost daughter. When i started book i was not expecting to be hooked with book this much but its just beautiful!!<br/><br/>This is the Story of Gazala, an indian married to an NRI within 3 days. When she got out of the initial shock of sudden marriage, she start feeling for her husband and loving him. It was a perfect life going on but soon things started falling apart for her. The Day she was due to her delivery, she found out the news of her mother's demises. But she still had hope with the new life coming in world.<br/><br/>But her world fell apart when her husband bought another women home, and she had to leave his house and her Daughter. And it landed  her in a newly formed democratic country kosovo. For years she worked for changing other women's life keeping her pain buried in heart.<br/>✨️<br/>But when she found her lost daughter after many years, it tore her heart in pieces knowing her only daughter accuses her of leaving her. And here starts her new quest to get her daughter back. What will she be finally able to hug her daughter and live happily with her? Well you have to read book to find out the complete Story...<br/><br/>I loved the line where Gazala Said that ""most of things that we decides on aren't because we picked them but because they chose us""<br/><br/>It talks about hope, females, sterotypes, and emotional storms and much more...<br/>Language of books is easy, narration is beautfil you will feel to be part of story rather than just reading it.<br/><br/>Happy Reading Bibliophiles❤️",2023-03-06,2023-02-27,0,
The Brahmin,Ravi Shankar Etteth,,,read,5,252,Westland,,India,English,,,Historical Fiction; Mystery; Thriller,power; loyalty; deception; identity; morality; good vs evil; self-discovery,suspenseful; atmospheric; intriguing; dark,murder mystery; spy thriller,Indian author; historical mystery; mythological fiction; thrilling plot; strong female character; book club pick; Indian history; level:intermediate,Diwali; Navratri,India Bookshelf; Roots of Bharat; Indian Mythology Retellings; Indian Historical Fiction; Dark & Atmospheric; Page-Turners,"Dive into this gripping historical thriller that masterfully weaves together mystery, mythology, and suspense, set against the rich backdrop of ancient India.",,,"'When you kill to defend the innocent, you are doing the right thing. When you attack evil, you fight for the light.’ <br/><br/>‘But who decides what is innocent or evil?’ asked Ashoka. <br/><br/>‘Your true soul. Every person in this world is constantly at war, with themselves the most. The day you win over yourself, you’ll become a warrior of the light.’<br/><br/>✨️<br/><br/>It feels so good to read the books filled with mystery, thrill and conspiracy interweaved with secrets from history.<br/>Plot of Novel is set in the times when Ashoka- the emperor used to rule Magadh. And the story is interwined with the time when Ravan rules the Lanka.<br/><br/>Story starts with the murder of a concubine in the harem of Ashoka, and the SpyMaster- the Brahim is given 7 days of time to solve the Case. The Spy Master known for his Extraordinary capabilities and his loyality for kingdom along with his Assitant set on the quest to unravel the truth.<br/>✨️<br/>The Brahim as the title says is the main Character of the Story, being descendent of the king of Lanka, preserving a secret from getting in to the hands of Evil( Ravan was Brahmin).<br/>Book takes you to old days- Magadh, Ujjain and Lanka. While the Story wad more about the SpyMaster, i couldn't stop myself from admiring the Queen AsandhiMitra-the chief queen of Ashoka for her confidence & fearlessness.<br/><br/>This was my first read from the Author, and i picked the book because of Cover and title, but i must say i loved the story telling of Author and would surely explore more of his writing.",2023-04-06,2023-04-04,0,
"The Mahabharata: A Modern Rendering, Vol 1",Ramesh Menon,,9780595401871,want-to-read,,732,iUniverse,,India,English,,,Mythology; Historical Fiction,war; duty; family; power; morality; identity; loyalty,epic; philosophical; adventurous,good vs evil; destiny,Indian author; mythological retelling; classic tale; long read; historical epic; cultural heritage; spiritual themes; adventure story; philosophical fiction; level:advanced; gem:classic,Diwali; Navratri,India Bookshelf; Roots of Bharat; Indian Mythology Retellings; Indian Historical Fiction,Dive into this epic retelling of the Mahabharata for a rich and immersive exploration of Indian mythology and the human condition.,,,,,2022-11-06,0,
The Hidden Hindu,Akshat Gupta,,,read,5,0,,,India,English,,,Mystery; Thriller,identity; culture; secrets; community; belonging; morality; loyalty,suspenseful; intriguing; thought-provoking,whodunit; red herrings; twist ending; unreliable narrator,Indian author; cultural heritage; page-turner; book club pick; diverse voices; contemporary issues; social commentary; psychological insight,Diwali; Navratri,India Bookshelf; Page-Turners,Dive into a gripping narrative that explores the complexities of cultural identity and community secrets.,,,,2023-07-14,2023-07-08,0,
The Hidden Hindu 2,Akshat Gupta,,9789354926716,read,5,250,Penguin eburry press,,India,English,,,Mythology,identity; spirituality; self-discovery; culture; tradition; faith; morality,thought-provoking; reflective; inspirational,mythology retelling; divine politics,Hindu mythology; Indian author; spiritual fiction; cultural heritage; philosophical themes; personal growth; Penguin eburry press; level:intermediate,Diwali; Navratri,India Bookshelf; Roots of Bharat; Indian Mythology Retellings,"Dive into the rich world of Hindu mythology with this thought-provoking novel that explores themes of identity, spirituality, and self-discovery.",,,,2023-07-14,2023-07-08,0,
The Hidden Hindu 3,Akshat Gupta,,9789354929618,read,5,249,Ebury Press,The Hidden Hindu,India,English,,,Mythology; Fantasy; Thriller,immortality; ancient secrets; good vs evil; Sanatana Dharma; destiny,mysterious; suspenseful; fast-paced; adventurous,immortals among us; race against time; ancient wisdom,Indian author; mythological fiction; trilogy finale; bestseller; Indian mythology; quick read; level:beginner; gem:popular,weekend binge read; monsoon read,India Bookshelf; Roots of Bharat; Indian Mythology Retellings; Page-Turners,"An exhilarating mytho-thriller finale packed with ancient lore, high stakes, and nonstop suspense.",,,,2023-07-14,2023-07-08,0,
The Half Empress,Tripti Pandey,,9789354928819,read,5,384,Ebury Press,,India,English,,,Historical Fiction; Fantasy,power; identity; mythology; self-discovery; politics; loyalty; deception,atmospheric; dark; intriguing,royal court; hidden heir,Indian author; mythological retelling; strong female lead; historical fantasy; royal drama; book club pick; debut author; level:intermediate,Diwali; Navratri,India Bookshelf; Roots of Bharat; Indian Mythology Retellings; Indian Historical Fiction; Dark & Atmospheric,Dive into a richly imagined world of myth and politics with this stunning debut novel.,,,,2023-07-14,2023-05-12,0,
The Sun Is Also a Star,Nicola Yoon,,9780553496680,read,5,344,Delacorte Press,,United States,English,,,Young Adult; Romance; Contemporary,identity; culture; family; love; fate; immigration; belonging,heartwarming; poignant; hopeful; emotional,instalove; forbidden love,YA romance; diverse characters; immigrant story; book club pick; summer read; contemporary fiction; teen fiction; love story,summer read; Valentine's Day,World Bookshelf; Heartbreaking Reads; Comfort Reads,"Read this heartwarming novel for a beautifully written story about love, identity, and the complexities of the human experience.",,,,2023-08-01,2023-07-22,0,
The Protected Rakshasa KAAL: Book 2 of KAVAACH Trilogy,Pranay Bhalerao,,,read,5,372,PB_Productions,KAVAACH Trilogy,India,English,,,Mythology; Fantasy; Thriller,good vs evil; prophecy; immortality; cult practices; self-discovery; quest; mystery,suspenseful; adventurous; atmospheric; dark,lost city; secret society,Indian author; mythological fiction; book series; fantasy adventure; cult practices; Vedic mythology; Indian cities; level:intermediate,Navratri; Diwali,India Bookshelf; Roots of Bharat; Indian Mythology Retellings; The Epic Project; Epic · Karna; Dark & Atmospheric; Page-Turners,"If you love reading mythological fiction with a mix of adventure, suspense, and fantasy, then this book is a must-read for you.",,,"I was waiting so eagerly for this book after reading the first book of the Series and finally it's here. And it lived up to my expectations of thrill I felt while reading the first book.<br/><br/>The book Starts with the City of Mahakaleshwar - Ujjain where Aghori is performing Sav Sadhna. The narration of that particular scene is enough to send chills. <br/>And the story turns again in two timeline narrations- one many centuries earlier and the other in current time. <br/>✨<br/>While the past timeline narrates the Story of Aghori and a boy- Kaal, the current story timeline takes you to many cities of India starting from Shivgarh where Rudra meets Tanya and starts his Quest to complete the prophecy. While in Banaras Shaurya also sets his plan into motion for getting to the secret of immortality. <br/><br/>The book has narration of Cult practices, suspense, quest, a mystery to solve, Vedic Mantras, scriptures, taking you to the lost city of Dwarka, banaras, Ujjain, kurukshetra and many more. This is again a fight of Good to overcome the Evil powers and Save the World. <br/>✨<br/>Keeping the concept of Narayana and Nara at the centre of Story and Karna's protective Kavach mentioned in the Tales of Mahabharat, this is yet another Mythological fictional Story that is gonna give you that adrenaline rush if you also love reading this Genre.",2023-08-19,2023-08-19,0,
"The Mists of Brahma (The Pataala Prophecy, #2)",Christopher C. Doyle,,,read,5,469,Westland,The Pataala Prophecy,India,English,,,Mythology; Fantasy; Adventure,mythology; prophecy; adventure; self-discovery; good vs evil; friendship; loyalty,epic; adventurous; mysterious; fast-paced,chosen one; quest,Indian author; mythological fiction; fantasy adventure; long read; book series; Westland publisher; level:intermediate,Diwali; Navratri,India Bookshelf; Roots of Bharat; Indian Mythology Retellings,Dive into the mystical world of Indian mythology with this gripping fantasy adventure that will keep you on the edge of your seat.,,,,2023-08-25,2022-01-03,0,
"Son of Bhrigu (The Pataala Prophecy, #1)",Christopher C. Doyle,,,read,5,357,Westland,The Pataala Prophecy,India,English,,,Mythology; Fantasy,identity; mythology; prophecy; self-discovery; good vs evil; destiny; power,adventurous; mysterious; atmospheric,chosen one; quest,Indian author; mythological fiction; fantasy adventure; book series; Indian mythology; young adult fiction; Westland publisher; over 300 pages; level:intermediate,Diwali; Navratri,India Bookshelf; Roots of Bharat; Indian Mythology Retellings; Dark & Atmospheric,Dive into a captivating world of Indian mythology and fantasy with this thrilling adventure.,,,,2023-08-25,2022-01-03,0,
Life's Amazing Secrets: How to Find Balance and Purpose in Your Life,Gaur Gopal Das,,9780143442295,read,5,208,Penguin Ananda,,India,English,,,Self-Help; Personal Development; Spirituality,balance; purpose; mindfulness; self-awareness; personal growth; happiness; fulfillment,inspirational; reflective; uplifting,,self-help book; personal development; motivational read; spiritual growth; Indian author; Penguin Ananda; under 300 pages,New Year's resolutions; Mental Health Awareness Month,India Bookshelf; Comfort Reads,Read this book to discover a holistic approach to achieving happiness and fulfillment in life.,,,,2023-09-30,2023-04-04,0,
The Legend of Bahirji-Naik: Siege of Panhala (Book II),Shreyas Bhave,,9789355590879,read,5,306,Leadstart,The Legend of Bahirji-Naik,India,English,,,Historical Fiction,war; strategy; espionage; leadership; loyalty; deception,gripping; adventurous; historical,spy thriller; battle tactics,Indian author; historical fiction; war story; spy novel; book series; Indian history; Shivaji Maharaj,Independence Day,India Bookshelf; Indian Historical Fiction,"Pick this book to embark on an adventurous journey through Indian history, filled with gripping war campaigns and clever espionage tactics.",,,"For a person like me who loves to read historical fiction, this book was such a great experience. Taking us back to the Times of Great Shivaji and Mugal Emperor Aurangzeb this book is all about war campaigns, war tactics and the role of Guptchars(spies) shaping the course of War.<br/><br/>Bahirji-Naik are said to be the chief spies of Shivaji who led an army of well trained spies working like shadows and achieving the great feats. In those Times spies were the eyes and ears of the king. <br/>✨<br/>The book covers the War Campaign led by Mirza Raje jaiSingh under the leadership of Mughal king Aurangjeb for conquering the Deccan and Great Shivaji Maharaj. But the Campaign failed miserably because of internal conflicts of the Mughal Army and the efficient  strategy and plotting of Shivaji and his men.<br/><br/>This is the second part of the book where the Mughal Army tried to capture the Panhala fort. The Main Character for me in this part was Shashidhwaj-a spy trained under bahirji-Naik to infiltrate Mughal Camp and spy on Mughal Activities.<br/>✨<br/>I am eagerly waiting for the next part of the book. The book is a smooth read with great Story Telling.Author did a great job at mixing facts with fictions and creating an amazing storyline.<br/><br/>So I will definitely say pick this book and get on your journey to this Adventure.<br/><br/>Happy Reading BiblioPhiles ❤️",2023-10-06,2023-10-05,0,
Samsara: Enter the Valley of the Gods,Saksham Garg,,9780143458289,read,5,298,Penguin Random House India,,India,English,,,Mythology; Fiction,spirituality; self-discovery; mystery; suspense; preservation of tradition,atmospheric; suspenseful; intriguing,hidden world,Indian author; mythological fiction; Himalayan setting; Vedic traditions; spiritual fiction; under 300 pages; Penguin Random House India; level:intermediate,Diwali; Navratri,India Bookshelf; Roots of Bharat; Indian Mythology Retellings; Dark & Atmospheric,"Dive into a captivating world of Indian mythology and spirituality with 'Samsara: Enter the Valley of the Gods', a thrilling tale of self-discovery and suspense.",,,"was waiting to get my hands on this beauty for so long and finally here i am. I couldn't resist completing the book in 2 Days, obviously sacrificing my Beauty Sleep but all worth it.<br/>✨<br/><br/>The book is mainly based on the belief that there is a place deep in Himalayan valley hidden from the eyes of this world and only few know about it, and common can't get access to it. The valley preserves the old Vedic and spiritual way of living.<br/>✨<br/><br/>Initially the story might not make sense but slowly as the suspense builds up you can't put it down. And since I have finished it now I can't wait for the second part of the book. This is totally worth it if you r someone like me who loves mythological fiction to the core.",2023-10-23,2023-10-23,0,
"Tomorrow, and Tomorrow, and Tomorrow",Gabrielle Zevin,,9780735243347,read,,399,Knopf,,United States,English,,,Literary Fiction,friendship; love; grief; identity; technology; art; human connection,contemplative; emotional; thought-provoking,character-driven; interiority,book club pick; literary fiction; gaming culture; friendship story; love story; technology and society; level:intermediate,,World Bookshelf; Heartbreaking Reads,Read this for a poignant exploration of how our connections with others shape us across a lifetime.,,,,2023-11-14,2023-10-29,0,
"The 4th Traitor (Unit 22, #4)",Mainak Dhar,,,read,5,278,,Unit 22,India,English,,,Thriller; Military Fiction,patriotism; sacrifice; brotherhood; national security; courage; loyalty; duty,intense; thrilling; adventurous; emotional,rescue mission; covert operation,Indian author; military fiction; action-packed; quick read; under 300 pages; Male protagonist; level:beginner,Independence Day; Republic Day,India Bookshelf; Civilizations Through Books; Civilization · China; Around the World in 52 Books; Heartbreaking Reads; Dark & Atmospheric; Page-Turners,"For a gripping and intense military thriller that showcases the bravery and sacrifice of soldiers, pick up The 4th Traitor by Mainak Dhar.",,,"<br/>The book is a fiction Thriller with Military covert Operation in Storyline. <br/>✨<br/>The book is based on one of the military operations by unit 22 of the Indian military which officially doesn't exist but completes the operations that are never talked about in public.<br/>The Major part of Story is set in Male City of Maldives where the President of Maldives is rescued from the Chinese Navy forces Attack.<br/><br/>The Male Protagonist of the Book Major Aditya Sen leads the Unit 22 who was in Maldives with his boys to train the Maldives Military for combat. <br/>You need to read this thrilling adventure of Major Sen how he rescued the President, and avenged the sacrifice of His brothers. Loved the way the team mitigated risk and still managed to keep their spirits High.<br/>✨<br/>Loved the Book to the core. Though it's a Fiction but it gives a glimpse of the risk our Soldiers take to keep the nation safe. <br/>Kudos to the author for the amazing Storyline and Thrilling Narration. <br/>Definetly worth reading❤️",,2023-11-15,0,
The Curse of Anuganga,Harini Srinivasan,,9788193642498,read,4,296,TreeShade Books,,India,English,,,Historical Fiction; Mythology,grief; identity; found family; war; mythology; culture; tradition,heartbreaking; hopeful; atmospheric,period setting; social constraints; mythology retelling; divine politics,Indian author; mythological fiction; historical novel; cultural heritage; book club pick; under 300 pages; level:intermediate,Diwali; Navratri,India Bookshelf; Roots of Bharat; Indian Mythology Retellings; Indian Historical Fiction; Heartbreaking Reads; Comfort Reads; Dark & Atmospheric,Dive into the rich cultural heritage of India with this mesmerizing tale of mythology and historical fiction.,,,,2023-12-02,2023-11-22,0,
Sivakami’s Vow: Paranjyothi's Journey (Book 1),Kalki Krishnamurthy,,9780143460022,read,5,256,Penguin eBury Press,,India,English,,,Historical Fiction; Literary Fiction,identity; culture; tradition; social change; personal growth; family; community,atmospheric; contemplative; emotional,period setting; social constraints; character-driven; interiority,Indian author; classic fiction; translated fiction; historical novel; cultural heritage; Penguin publisher; under 300 pages; level:intermediate; gem:classic,Indian Independence Day; Diwali,India Bookshelf; Indian Historical Fiction; Indian Literary Fiction; Heartbreaking Reads; Dark & Atmospheric,"Dive into the rich cultural heritage of India through this historical fiction novel that explores themes of identity, tradition, and social change.",,,,2023-12-05,2023-12-02,0,
"Sivakamiyin Sabadham, Volume 2: The Siege of Kanchi",Kalki Krishnamurthy,,9789350873519,read,5,251,Self Published - www.pothi.com,,India,English,,,Historical Fiction; Mythology,war; identity; power struggle; loyalty; duty; morality; politics,atmospheric; intense; emotional,period setting; social constraints; mythology retelling; divine politics,Indian author; historical epic; mythological fiction; self-published; under 300 pages; classic literature; Tamil literature; Indian history; level:intermediate; gem:classic,Diwali; Navaratri,India Bookshelf; Roots of Bharat; Indian Mythology Retellings; Indian Historical Fiction; States Through Stories; Tamil Nadu Stories; Heartbreaking Reads; Dark & Atmospheric,"Dive into the captivating world of 7th century India with this mesmerizing historical epic that explores the complexities of war, power, and human relationships.",,,,2023-12-05,2023-12-02,0,
"Sivakamiyin Sabadham, Volume 4: Shattered Dream",Kalki Krishnamurthy,,9789350874110,read,5,249,Self Published - www.pothi.com,,India,English,,,Historical Fiction; Mythology,grief; identity; war; found family; loyalty; duty; power struggle,heartbreaking; atmospheric; dark,period setting; social constraints; mythology retelling; divine politics,Indian author; mythological fiction; historical epic; self-published; under 300 pages; classic literature; Indian literature; Tamil literature; level:intermediate; gem:classic,Diwali; Navratri,India Bookshelf; Roots of Bharat; Indian Mythology Retellings; Indian Historical Fiction; States Through Stories; Tamil Nadu Stories; Heartbreaking Reads; Dark & Atmospheric,Dive into the captivating world of ancient India with this mesmerizing historical epic that explores the complexities of human nature and the consequences of war.,,,,2023-12-09,2023-12-02,0,
Sivakami's Vow: The Bikshu's Love: Book 3,Kalki Krishnamurthy,,9780143460046,read,5,292,Ebury Press,,India,English,,,Historical Fiction; Literary Fiction,love; duty; spirituality; social hierarchy; personal growth; cultural heritage; morality,contemplative; emotional; inspirational,period setting; social constraints; character-driven; interiority,Indian author; classic literature; translated fiction; historical novel; spiritual themes; cultural exploration; love story; self-discovery; level:intermediate; gem:classic,Diwali; Navratri,India Bookshelf; Indian Historical Fiction; Indian Literary Fiction; Heartbreaking Reads,A beautifully written historical novel that explores the complexities of human relationships and spiritual growth.,,,,2023-12-09,2023-12-02,0,
None of This Is True,Lisa Jewell,,9781982179007,read,5,390,Atria Books,,United Kingdom,English,,,Psychological Thriller; Mystery; Domestic Fiction,deception; family secrets; trauma; relationships; truth; identity; grief,suspenseful; dark; emotional; twisty,unreliable narrator; missing person,book club pick; psychological thriller; mystery lover; domestic drama; summer read; page turner; Atria Books; British author,summer read; Halloween,World Bookshelf; Heartbreaking Reads; Dark & Atmospheric; Page-Turners,"If you're a fan of suspenseful stories with unexpected twists, you'll love this gripping thriller.",,,,2023-12-19,2023-12-19,0,
Valmiki's Women,Anand Neelakantan,,9789390679867,read,5,234,Westland,,India,English,,,Mythology; Historical Fiction,identity; grief; war; found family; morality; duty; loyalty,atmospheric; dark; thought-provoking,retelling; mythological fiction,Indian author; mythology retelling; book club pick; under 300 pages; Indian literature; historical retelling; cultural fiction; fictional biography; character study; level:intermediate,Diwali; Navratri,India Bookshelf; Roots of Bharat; Indian Mythology Retellings; Indian Historical Fiction; Dark & Atmospheric,A thought-provoking and atmospheric retelling of the Ramayana that explores the intricacies of human nature and the power of storytelling.,,,,2023-12-19,2023-12-02,0,
Ramayana Unravelled: Lesser Known Facets of Rishi Vālmiki’s Epic,Ami Ganatra,,9789354353321,want-to-read,,236,Bloomsbury India,,India,English,,,Mythology; Historical Fiction,mythology; culture; history; spirituality; philosophy; Indian heritage; epic storytelling,informative; reflective; enlightening,mythology retelling; divine politics; period setting; social constraints,Indian author; mythology retelling; cultural exploration; historical context; spiritual themes; Indian literature; Bloomsbury India; level:intermediate; gem:hidden,Diwali; Navratri,India Bookshelf; Roots of Bharat; Indian Mythology Retellings; Indian Historical Fiction,Dive into the rich world of Indian mythology with this insightful exploration of the Ramayana.,,,,,2023-12-22,0,
Mahabharata Unravelled - II: The Dharma Discourses,Ami Ganatra,,9789356409330,want-to-read,,206,Bloomsbury India,,India,English,,,Mythology; Historical Fiction,dharma; morality; war; identity; spirituality; philosophy; ethics,thought-provoking; reflective; inspirational,mythology retelling; divine politics; period setting; social constraints,Indian author; mythological retelling; philosophical fiction; spiritual fiction; Indian mythology; Bloomsbury India; level:beginner,Diwali; Navratri,India Bookshelf; Roots of Bharat; Indian Mythology Retellings; Indian Historical Fiction,"Dive into the timeless wisdom of the Mahabharata with this insightful and accessible retelling, perfect for fans of philosophical fiction and Indian mythology.",,,,,2023-12-22,0,
Mahabharata Unravelled: Lesser-Known Facets of a Well-Known History,Ami Ganatra,,9789354351273,read,5,408,‎Bloomsbury India,,India,English,,,Mythology; Historical Non-Fiction,mythology; history; culture; storytelling; knowledge; Indian heritage,informative; engaging; cultural,mythology retelling; divine politics,Indian author; mythology retelling; Indian culture; historical non-fiction; storytelling; TRS podcast; level:intermediate,Diwali; Navratri,India Bookshelf; Roots of Bharat; Indian Mythology Retellings,Dive into the captivating world of Indian mythology with Ami Ganatra's engaging storytelling in Mahabharata Unravelled.,,,I picked her book after watching her Poadcast on TRS! And that book is just amazing! She has a great knowledge with a lovely story telling skill,2023-12-24,2023-12-22,0,
"Below Zero (The STEMinist Novellas, #3)",Ali Hazelwood,,9780593437834,read,4,112,Berkley,The STEMinist Novellas,United States,English,,,Romance; Fiction,love; relationships; identity; career; balance,sweet; cute; lovely; heartwarming,office romance,romance author; STEM theme; short read; cute romance; funny moments; strong female lead; quick read; office setting; level:beginner,Valentine's Day; Summer Read,World Bookshelf; Comfort Reads,"Read this for a lovely, sweet, and cute romantic fiction that will leave you feeling heartwarming and uplifted.",,,A sweet cute Lovely romantic fiction!,2023-12-25,2023-12-25,0,
"Love, Theoretically",Ali Hazelwood,,9781408725795,read,5,389,Sphere,,United States,English,,,Romance; Contemporary,love; identity; career; family; self-discovery; relationships; science,witty; heartwarming; humorous; emotional,enemies-to-lovers; forced proximity,romance novel; academic setting; strong female lead; STEM field; contemporary romance; funny; emotional journey; character-driven; slow burn,Valentine's Day; Summer Read,World Bookshelf; Heartbreaking Reads; Comfort Reads,"A fun, witty, and emotional romance that will capture your heart and make you laugh.",,,,2023-12-29,2023-12-27,0,
Check & Mate,Ali Hazelwood,,9780593619919,read,5,353,G.P. Putnam's Sons Books for Young Readers,,United States,English,,,Romance; Contemporary,love; identity; career; family; self-discovery; friendship; growth,witty; heartwarming; emotional; funny,enemies-to-lovers; forced proximity,new adult romance; academic setting; strong female lead; slow burn; friends-to-lovers; romcom; summer read; beach read; book club pick,summer read; back to school,World Bookshelf; Heartbreaking Reads; Comfort Reads,"Dive into this charming romance for a witty, emotional, and fun ride with lovable characters and a captivating storyline.",,,,2024-01-02,2023-12-31,0,
Love on the Brain,Ali Hazelwood,,9781408725788,read,5,368,Sphere,,United States,English,,,Romance; Contemporary Fiction,love; identity; empowerment; women in STEM; second chance romance,heartwarming; romantic; humorous; uplifting,forced proximity; enemies-to-lovers,NASA; women in STEM; strong female lead; contemporary romance; office romance; second chance romance; book club pick,Valentine's Day; Summer read,World Bookshelf; Comfort Reads,"A delightful and accessible contemporary romance that seamlessly weaves romance with the world of women in STEM, perfect for fans of heartwarming love stories.",,,"This is the Story of Bee and Levi working on a project of NASA. While Bee thinks Levi despises him, the story is entirely different from Levi's Side. They Share a past but when fate brings them together for the project with NASA, both find it difficult to work together, obviously for different reasons.<br/>But Love finds its way slowly in their hearts.<br/><br/>""Love on the Brain"" by Ali Hazelwood seamlessly weaves romance with the world of women in STEM, delivering a charming contemporary love story. Hazelwood's writing is not only easy to read but also a powerhouse of cute romantic narratives. Her portrayal of strong, intelligent women adds an empowering touch to the genre, making this book a delightful and accessible read for all.<br/><br/>When it comes to Contemporary Romance, I think Ali Hazelwood is the one author I will Strongly recommend. Her Stories are the kind which makes you smile throughout the reading with occasional 'Awwww! How sweet'.'",2024-01-02,2023-12-31,0,
The Echo of Old Books,Barbara Davis,,9781542038157,read,5,413,Lake Union Publishing,,United States,English,,,Literary Fiction; Romance,love; betrayal; closure; loss; second chances; forgiveness; memory,emotional; reflective; gripping; heartwarming,second chance romance; forbidden love,literary mystery; love story; book club pick; emotional journey; closure story; second chance romance; level:intermediate,Valentine's Day; summer read,World Bookshelf; Heartbreaking Reads; Comfort Reads; Slow Literary,A beautifully written and emotional love story that explores the power of second chances and the enduring nature of true love.,,,"came across this book while randomly checking the Kindle Store and the book of Cover got my attention followed by the Intriguing title of the book. So i Started reading it and I'm glad i came across such a beautiful book.<br/><br/> This is the Story of two Lovers who found their Happily every after in their 60s after 40 years of separation passed in Anger, betrayal, and Hurt. ""The Echo of Old Books"" promises a gripping exploration of love, betrayal, and the enduring power of stories across time.<br/>✨<br/>Davis skillfully crafts a literary mystery that spans decades, drawing readers into a web of broken promises and unforgivable betrayals. The characters of Hemi and Belle, with their conflicting perspectives, add depth to the narrative, leaving readers eager to unravel the mysteries surrounding their tragic love story.<br/><br/>The author's adept storytelling and the exploration of love, loss, and closure make ""The Echo of Old Books"" a captivating and emotionally resonant journey for readers",2024-01-08,2023-12-31,0,
"Me Before You (Me Before You, #1)",Jojo Moyes,,9780670026609,read,5,369,Pamela Dorman Books,Me Before You,United Kingdom,English,,,Romance; Contemporary Fiction; Women's Fiction,love; grief; identity; morality; sacrifice; found family; disability,heartbreaking; emotional; thought-provoking; poignant,forbidden love; socially awkward hero,book club pick; heart-wrenching story; love story; disability awareness; bestseller; contemporary classic; emotional read; thought-provoking novel; gem:classic,Valentine's Day; Mother's Day,World Bookshelf; Heartbreaking Reads,"Read this book for a thought-provoking and emotional love story that will leave you questioning the complexities of life, love, and morality.",,,Beautiful yet Heartbreaking Read,2024-01-16,2024-01-13,0,
"Fourth Wing (The Empyrean, #1)",Rebecca Yarros,,9781649374042,read,5,517,Entangled: Red Tower Books,The Empyrean,United States,English,,,Fantasy; Romance,identity; self-discovery; war; loyalty; found family; morality; power,intense; emotional; dark; romantic,forbidden love; warfare,new adult fantasy; romance reader; strong female lead; war fiction; book series starter; long read; fantasy romance; level:advanced,summer read; winter read,World Bookshelf; Heartbreaking Reads; Dark & Atmospheric,"Dive into this captivating fantasy romance series starter for an epic tale of love, war, and self-discovery.",,,,2024-01-28,2024-01-25,0,
The God of Small Things,Arundhati Roy,,9780679457312,read,5,321,Random House,,India,English,,,Literary Fiction; Historical Fiction,family; trauma; social hierarchy; love; identity; grief; morality,heartbreaking; atmospheric; emotional,character-driven; interiority; period setting; social constraints,Indian author; booker prize winner; family drama; social justice; classic literature; translated fiction; award-winning; level:intermediate; gem:classic,summer read; book club pick,India Bookshelf; Indian Historical Fiction; Indian Literary Fiction; Heartbreaking Reads; Dark & Atmospheric,"A powerful and emotional novel about family, love, and social justice, set against the backdrop of India's complex history.",,,,2024-02-15,2024-01-31,0,
Krishna: Maha Vishnu Avatar,Kevin Missal,,9789392099939,read,2,320,S&S India,,India,English,,,Mythology; Historical Fiction,identity; morality; war; spirituality; self-discovery; duty; loyalty,atmospheric; thought-provoking; inspirational,legendary creatures; prophecy,Indian author; mythological fiction; Hindu mythology; Indian culture; spiritual themes; historical retelling; under 400 pages; level:intermediate,Diwali; Navratri,India Bookshelf; Roots of Bharat; Indian Mythology Retellings; Indian Historical Fiction; Dark & Atmospheric,Dive into the captivating world of Hindu mythology with this engaging retelling of Krishna's story.,,,,2024-02-15,2024-01-21,0,
The Mars Conspiracy,Razi,,9789395106115,read,5,325,TreeShade Books,,India,English,,,Science Fiction; Historical Fiction; Thriller,existence; life beyond Earth; ancient mysteries; legacy; reforms; identity,intriguing; thrilling; poignant; enigmatic,alternate timelines; unexplained phenomena,Indian author; space mission; Mars exploration; ancient Egypt; historical fiction; science fiction; speculative fiction; book club pick; over 300 pages; level:intermediate,summer read; space exploration month,India Bookshelf; Roots of Bharat; Indian Mythology Retellings; Indian Historical Fiction; Civilizations Through Books; Civilization · Greece; Around the World in 52 Books; Civilization · Egypt; Page-Turners,"For a thrilling and poignant exploration of human existence, life beyond Earth, and ancient mysteries, read The Mars Conspiracy by Dr. Razi.",,,"Have you ever pondered the enigma of human existence? Contemplated the potential existence of life beyond our planet? Or questioned the ancient rituals surrounding Egyptian pharaohs and their mysterious burial practices?<br/><br/>If these questions pique your curiosity, then ""The Mars Conspiracy"" by Dr. Razi is a must-read for you. This thrilling narrative delves into the intriguing realms of Martian life, extraterrestrial encounters, enigmatic crop circles, Egyptian mummification, and a forgotten pharaoh whose legacy holds the key to unraveling ancient mysteries.<br/>✨<br/>The story unfolds in two timelines: one set in the present-day town of Jharkhand, India, where a private space center embarks on a groundbreaking Mars mission amidst eerie sightings and unexplained phenomena, and the other in ancient Egypt, exploring the reign of Pharaoh Akhenaten and his revolutionary religious reforms.<br/><br/>What sets this book apart is its seamless intertwining of disparate threads, seamlessly connecting Greek mythology, historical events, and speculative science fiction. The absence of a traditional hero-villain dichotomy adds depth to the narrative, while a touch of romance adds a poignant layer to the plot.<br/>✨<br/>Dr. Razi's meticulous research shines through in his lucid explanations of scientific concepts, bridging the gap between fiction and reality. The fusion of historical facts with speculative fiction creates a compelling narrative that leaves readers enthralled and eager for more.<br/><br/>Throughout my reading journey, I had the privilege of engaging with the author, who generously shared insights into history and science, enriching my experience further. His dedication to separating fact from fiction underscores the credibility of the narrative.<br/>✨<br/>In conclusion, ""The Mars Conspiracy"" is a captivating blend of history, conspiracy theories, and suspenseful thrills, perfect for readers craving a riveting escapade into the unknown. With a sequel in the works, this book promises even more intrigue and excitement on the horizon.<br/><br/>So, do yourself a favor and dive into this captivating tale📚📚",2024-02-26,2024-02-23,0,
"Love, Swipe, Blackmail",Nitish Bhushan,,,read,4,296,BlueRose Publishers,,India,English,,,Romance; Thriller; Contemporary Fiction,modern romance; traditional values; technology influence; friendship; blackmail; relationships; hookup culture,suspenseful; engaging; intimate; gripping,friends to lovers; secretive group,Indian author; Delhi setting; modern relationships; book club pick; under 300 pages; suspenseful read; romance novel,summer read; rainy day read,India Bookshelf; Page-Turners,"For those seeking a gripping and suspenseful read that explores modern relationships and the pitfalls of hookup culture, Love, Swipe, Blackmail is a must-read.",,,"They say not to judge a book by its cover, and that rings especially true here. While the current cover might not immediately grab your attention, the title and story within surely will.<br/><br/>""Love, Swipe, Blackmail "" promises to enthrall and captivate you until the very end. Set in Delhi NCR, the narrative unfolds across two timelines: the present day and two years prior. Ravi, Raaj, and Bhanu, along with their secretive WhatsApp group, navigate through the complexities of modern relationships and unforeseen challenges.<br/>As Ravi faces the threat of blackmail, endangering his impending marriage, his friends rally behind him. Together, they embark on a quest to unravel the mystery and emerge from their predicament unscathed.<br/>📚<br/>Navigating themes of modern romance, traditional values, and the pervasive influence of technology, the book delves into intimate portrayals of contemporary relationships and the pitfalls of hookup culture. Kudos to the author for fearlessly addressing these topics, which are often overlooked.<br/>📚<br/>For those seeking an engaging and suspenseful read, look no further. I devoured the book in under six hours, unable to tear myself away—a testament to its gripping narrative.<br/><br/>While the story concludes satisfactorily, the author hinted at a sequel during our encounter at the 2024 Delhi Book Fair. I, for one, am eagerly anticipating the next installment and the surprises it holds.<br/><br/>My interaction with author Nitish Bhushan was a highlight, as he graciously shared insights and gifted me a signed copy of the book—an unexpected delight.<br/>📚<br/>In conclusion, ""Love Swipe Blackmail "" exceeded my expectations, delivering a relatable story filled with memorable characters and compelling scenarios. So Don't Miss out this one!!!",2024-02-26,2024-02-17,0,
"Days at the Morisaki Bookshop (Days at the Morisaki Bookshop, #1)",Satoshi Yagisawa,,9780063278677,read,,150,Harper Perennial,"Days at the Morisaki Bookshop, #1",Japan,,,,Literary Fiction,identity; community; found family; solitude; human connection; book love; self-discovery; healing,contemplative; hopeful; atmospheric; introspective,character-driven; interiority,bookstore setting; Japanese author; short read; book club pick; relaxing read; book lover's delight; quiet fiction; character-driven; level:intermediate,rainy day read; summer read,World Bookshelf; Civilizations Through Books; Civilization · Japan; Around the World in 52 Books; East Asia Shelf; Comfort Reads; Dark & Atmospheric,"Step into the charming world of the Morisaki Bookshop, where stories and people intertwine in a beautiful dance of self-discovery and human connection.",,,,2024-03-01,2024-02-15,0,
Ahalya,Koral Dasgupta,,9789389109665,read,5,216,Pan Macmillan India,The Sati Series,India,English,,,Mythology; Literary Fiction,morality; redemption; identity; grief; found family; self-discovery; feminism,profound; intimate; evocative; impactful; contemplative,mythology retelling; divine politics; character-driven; interiority,Indian author; mythological retelling; strong female lead; book club pick; translated fiction; under 300 pages; beautiful prose; level:intermediate,Navratri; Diwali; International Women's Day,India Bookshelf; Roots of Bharat; Indian Mythology Retellings; Indian Literary Fiction,"A must-read for anyone interested in delving deeper into ancient tales and feminist literature, with a beautifully written and thought-provoking narrative.",,,"In the traditional narrative of Ahalya, she's often seen as a victim, cursed for unwittingly committing adultery with Indra. Yet, recent interpretations offer a more nuanced understanding of her story. This prompted my exploration of ""Ahalya: The Sati Series"" by Koral Das Gupta, graciously provided by Pan Macmillan Publishers.<br/><br/>Gupta's rendition begins with Brahma's creation of Ahalya, narrating her journey from birth to her eventual ascension to heaven. What sets Gupta's portrayal apart is her choice of first-person narration, offering a deeply intimate view of Ahalya's thoughts and emotions. Through exquisite prose and evocative imagery, Gupta breathes life into Ahalya's character, inviting readers to contemplate themes of morality and redemption.<br/>✨<br/>Despite its brevity, ""Ahalya"" is a profound and impactful read. Each page is filled with layers of meaning, urging readers to reconsider preconceived notions about Ahalya's role in mythology. This captivating exploration makes it a must-read for anyone interested in delving deeper into ancient tales.<br/><br/>You can predict how good this book is by the fact that I completed the book in just a few Hours. I wanted to annotate almost every Line in the Book. It is that good. And let's not forget the Beautiful Cover of the Book. This cute Little Book is packed with Big Surprises for you.",2024-03-10,2024-03-01,0,
The Divine Sword,Rita Chowdhury,,9789390742370,read,5,461,Pan Macmillan India,,India,English,,,Historical Fiction; Literary Fiction,love; ambition; destiny; history; human nature; culture; identity,immersive; captivating; vivid; complex,period setting; social constraints; character-driven; interiority,Assamese history; Indian author; historical fiction; cultural exploration; complex characters; vivid descriptions; over 400 pages; level:intermediate,Independence Day,India Bookshelf; Indian Historical Fiction; Indian Literary Fiction,"Dive into the rich tapestry of Assamese history and human nature with this captivating and immersive tale of love, ambition, and destiny.",,,"""An immersive journey through Assamese history, 'The Divine Sword' weaves a captivating tale of love, ambition, and destiny. While occasionally weighed down by detail, its rich tapestry and compelling themes make it a worthwhile read. With vivid descriptions and complex characters, it's a fascinating exploration of history and human nature.",2024-03-27,2024-03-01,0,
Scarecrow / Seven Ancient Wonders,Matthew Reilly,,9780330507998,read,5,1067,Pan Books,,Australia,English,,,Action; Adventure; Thriller,power; corruption; survival; history; mythology; treasure hunt; friendship,fast-paced; exciting; adventurous; intense,ancient artifacts; global quest,action-packed; historical fiction; adventure novel; long read; book club pick; thrilling plot; male author; over 1000 pages; level:advanced,summer read; winter read,World Bookshelf; Dark & Atmospheric; Page-Turners,"Dive into this fast-paced, action-packed thriller for a thrilling adventure that will keep you on the edge of your seat.",,,,2024-04-02,2024-03-29,0,
Kaalchakra: The Rise of Kalki,Aaditya Sengupta Dhar,,,read,4,212,,,India,English,,,Mythology; Fantasy; Adventure,self-discovery; balance; good vs evil; friendship; prophecy; growth,suspenseful; adventurous; inspiring,chosen one; quest,Indian author; Hindu mythology; young adult fiction; debut author; teenage protagonist; mythological adventure; level:beginner,Diwali; Navratri,India Bookshelf; Roots of Bharat; Indian Mythology Retellings; States Through Stories; Maharashtra Stories,"Embark on a thrilling adventure through Hindu mythology with this impressive debut novel by a young author, perfect for fans of fantasy and self-discovery stories.",,,"Kalchakra"" by Aditya Sengupta Dhar is a captivating mythological adventure that seamlessly blends ancient prophecies with modern-day Mumbai. The story revolves around two teenagers whose lives are forever changed when the male protagonist uncovers a mysterious tablet engraved with ancient symbols. Following a tragic attack by the Demon King Kali Asura, the protagonists embark on a perilous journey to the Himalayas to restore balance to the Kaalchakra, the wheel of time.<br/><br/>What sets ""Kalchakra"" apart is the remarkable fact that it was written by a fifteen-year-old author. Despite his young age, Dhar demonstrates impressive storytelling skills, weaving together elements of suspense, thrill, and Hindu mythology with finesse. While the vocabulary may pose a challenge for some readers, particularly younger ones, the depth and intricacy of the story make it a rewarding read.<br/><br/>The strength of ""Kalchakra"" lies in its universal appeal. Rooted in Hindu mythology, the story transcends cultural boundaries, offering an engaging narrative that will resonate with readers of all ages. Moreover, the absence of adult content makes it suitable for teenage readers, allowing them to fully immerse themselves in the adventure without hesitation. <br/><br/>Though I found the Vocabulary in the book of advanced level, Dhar's novel is a commendable achievement, showcasing his talent as a young author. With its well-developed characters, rich mythology, and captivating storyline, ""Kalchakra"" leaves a lasting impression. Whether you're a fan of mythological fiction or simply looking for an exhilarating adventure, ""Kalchakra"" delivers on all fronts.<br/><br/>In conclusion, ""Kalchakra"" can be next read for anyone seeking an enthralling journey into the depths of Hindu mythology. Dhar's fresh perspective and imaginative storytelling make this novel a standout in the genre. Get ready to embark on an unforgettable adventure filled with mystery, suspense, and the timeless battle between good and evil.",2024-04-09,2024-03-23,0,
The Lost Bookshop,Evie Woods,,9780008609207,read,5,444,One More Chapter/HarperCollins UK,,Ireland,English,,,Historical Fiction; Magical Realism; Romance,love of books; female autonomy; healing from trauma; escapism; found family,enchanting; atmospheric; mysterious; heartwarming,dual timeline; disappearing bookshop; love letter to reading,book lovers; magical bookshop; dual timeline fiction; Irish setting; book club pick; autumn read,Autumn; rainy day read; National Book Lovers Day,World Bookshelf; Comfort Reads; Dark & Atmospheric,"An enchanting dual-timeline love letter to books, secrets, and the magical places that heal us.",,,"Step into a world where a magical bookshop selects its visitors, granting access only to those deemed worthy. Picture the thrill of discovering rare book editions and manuscripts, with each page holding the promise of adventure and mystery. Imagine a tree sprouting in a basement, its branches adorned with books that appear as if by magic. Intrigued? Then prepare for an enchanting journey into the realm of rare books and manuscripts.<br/><br/>Book Review 📚: The Lost BookShop by Evie Woods <br/><br/> Drawn in by its beautiful cover and intriguing title, I found myself completely immersed in its pages. This book is a rich tapestry of romance, love, heartbreak, life struggles, magic, and adventure, woven together to create a mesmerizing narrative.The story begins with a young boy peering into a Dublin bookshop named ""Opaline,"" where he is invited inside by the enigmatic owner, Martha. From there, the narrative unfolds across two timelines: one following Opaline's journey in the 90s, and the other focusing on Martha and Henry in the present day.<br/><br/>Opaline flees her home to escape an unwanted marriage and finds sanctuary in Paris, where her love for rare books and manuscripts leads her to Dublin and to a magical bookshop. However, her path is fraught with challenges, ultimately leading to a happily ever after with a soldier pilot.Meanwhile, Henry arrives in Dublin in search of a rare manuscript and discovers the same magical bookshop. There, he encounters Martha, who has fled an abusive relationship and finds solace amidst the books. As their bond deepens, they uncover secrets that bind them to Opaline and the mysterious bookshop.<br/><br/>The bookshop itself is rumored to be constructed from materials salvaged from an old Parisian library, imbuing it with a life of its own. Through its doors, lives are transformed, destinies are shaped, and true love is found amidst the chaos. As I delved deeper into the story, I was captivated by its twists and turns, moved by its emotional depth, and enchanted by its magical elements. <br/><br/>So, why wait? Dive into the enchanting world of ""The Lost Bookshop"" and embark on a journey that will ignite your imagination and touch your heart.",2024-04-10,2024-03-10,0,
"Bride (Bride, #1)",Ali Hazelwood,,,read,5,410,Berkley,Bride,United States,English,,,Romance; Contemporary,love; identity; career; family; self-discovery; relationships; growth,witty; heartwarming; humorous; emotional,forced proximity; friends to lovers,romance novel; contemporary romance; women's fiction; chick lit; fun read; summer read; book club pick; new adult; adult fiction,summer read; Valentine's Day,World Bookshelf; Heartbreaking Reads; Comfort Reads,A fun and heartwarming romance that explores the complexities of relationships and self-discovery.,,,,2024-04-16,2024-04-14,0,
The Forty Rules of Love,Elif Shafak,,,read,5,354,Viking,,Turkey,English,,,Historical Fiction; Literary Fiction; Spiritual Fiction,love; spirituality; self-discovery; identity; faith; wisdom; personal growth,inspirational; thought-provoking; emotional; uplifting,spiritual journey; mentorship,Sufi literature; Rumi; inspirational fiction; book club pick; philosophical fiction; spiritual growth; personal development; Turkish author; translated fiction; level:intermediate,Ramadan; World Philosophy Day,World Bookshelf; Middle East & North Africa; Around the World in 52 Books; Heartbreaking Reads; Comfort Reads,A beautifully written and thought-provoking novel that explores the power of love and spirituality to transform our lives.,,,"At the end of book i just had one question- Why i haven't pick this book earlier!! Such a great story, such great lines of wisdom. Totally touched by the character of sham and Rumi. Can read this book again and again",2022-09-26,2022-09-22,0,
"The Henna Artist (The Jaipur Trilogy, #1)",Alka Joshi,,9780778310204,read,5,384,Mira Books,"The Jaipur Trilogy, #1",India,English,,,Historical Fiction; Literary Fiction,female empowerment; social mobility; complex relationships; domestic abuse; societal expectations; personal freedom; resilience; determination,vibrant; evocative; heartwarming; thought-provoking,period setting; social constraints; character-driven; interiority,Indian author; Indian culture; henna art; female protagonist; book club pick; historical setting; women's fiction; level:intermediate,International Women's Day; Diwali,India Bookshelf; Indian Historical Fiction; Indian Literary Fiction; Comfort Reads,"Read The Henna Artist for a captivating and thought-provoking tale of female empowerment, set against the richly detailed backdrop of 1950s Jaipur, India.",,,"Alka Joshi's ""The Henna Artist,"" is a vibrant and evocative tale set in the richly detailed backdrop of 1950s Jaipur, India. The story follows Lakshmi Shastri, a 30-year-old henna artist who escapes an abusive marriage and builds an independent life, becoming the most sought-after henna artist in the city. Her journey is a testament to resilience and determination, as she navigates the complex social hierarchies of Jaipur, making her a confidante to the city's wealthy women.<br/><br/>Joshi’s lush writing paints vivid images of the colors, scents, and sounds of Indian culture. The detailed descriptions of henna artistry, traditional remedies, and cultural nuances immerse readers in the setting, making it almost a character in itself. However, Lakshmi's carefully constructed world unravels with the unexpected arrival of her estranged husband and a younger sister, Radha, she never knew existed. <br/><br/>The characters are richly developed, with Lakshmi portrayed as a multifaceted heroine—strong yet vulnerable, independent yet longing for connection. Radha’s presence introduces dynamic tension, challenging Lakshmi’s solitary existence and adding depth to her character.<br/><br/>Themes of female empowerment, social mobility, and complex relationships are skillfully woven throughout the narrative. The novel also addresses domestic abuse, societal expectations, and the pursuit of personal freedom, making it both compelling and thought-provoking. Some readers might find certain plot developments predictable, with some resolutions feeling convenient. Despite these minor shortcomings, ""The Henna Artist"" remains an engaging and beautifully crafted story that celebrates women's strength and resilience.<br/><br/>In conclusion, Alka Joshi's ""The Henna Artist"" is a captivating tale of self-discovery and empowerment, set against a culturally rich and historically significant period in India. It's a novel that transports readers to another time and place, offering a glimpse into the life of a remarkable woman striving to create her own destiny<br/><br/>And the Beautiful Cover of the Books added more to the Story's Charm ✨",2024-06-02,2024-05-12,0,
A Thousand Ships,Natalie Haynes,,9780063065390,read,5,368,Harper,,United Kingdom,English,,,Historical Fiction; Mythology,war; grief; identity; power struggles; suffering; resilience; female empowerment,heartbreaking; profound; moving; atmospheric,multiple timelines; strong female characters,Greek mythology; Trojan War; women's stories; historical fiction; mythological retelling; female author; book club pick; level:intermediate,Women's History Month,World Bookshelf; Civilizations Through Books; Civilization · Greece; Around the World in 52 Books; Heartbreaking Reads; Dark & Atmospheric,"A must-read for fans of Greek mythology, A Thousand Ships is a profoundly moving and brutally honest retelling of the Trojan War from the perspectives of the women involved.",,,"If you're fascinated by Greek mythology and the legendary Trojan War, ""A Thousand Ships"" by Natalie Haynes is a must-read! This book offers a fresh perspective by focusing on the women affected by the decade-long conflict, rather than the well-known heroes and warriors. <br/>✨<br/>The story dives into the lives of the women of Troy who lost their families and were taken as slaves after the city fell. It also highlights the Greek women who waited in vain for their men to return. The title refers to the fleet of a thousand ships launched by the Greeks to invade Troy, symbolizing the massive scale and devastation of the war.<br/><br/>Narrated across multiple timelines, the book starts from the fall of Troy and traces back to the origins of the war, showing how it was driven by fragile male egos and power struggles. Haynes brings to life each female character, intertwining their personal struggles with the broader conflicts of the gods and men.<br/>✨<br/>Standout stories include Cassandra, who foresaw the disaster but was never believed, and Iphigenia, who was sacrificed by her own father under the pretense of marriage to a great warrior. Their tales are heartbreaking and offer a profound look into the immense suffering endured by women during the war.<br/><br/>""A Thousand Ships"" is brutally honest and profoundly moving. Haynes masterfully narrates the stories of these women, bringing their suffering and resilience to light. The book sheds light on the often-overlooked female perspective in these epic tales, offering a fresh and empathetic view of the legendary events.<br/><br/>This book is perfect for anyone looking to explore Greek mythology beyond the usual heroic narratives. Dive into this emotional and eye-opening read today!",2024-06-02,2024-04-19,0,
The Ramayana: A Modern Retelling of the Great Indian Epic,Ramesh Menon,,9780865476950,want-to-read,,697,North Point Press,,India,English,,,Mythology; Historical Fiction,duty; loyalty; morality; war; identity; family; power,epic; adventurous; spiritual; reflective,quest narrative; good vs. evil,Indian author; mythological retelling; classic tale; long read; cultural heritage; spiritual themes; adventure story; historical context; level:advanced; gem:classic,Diwali; Navratri,India Bookshelf; Roots of Bharat; Indian Mythology Retellings; Indian Historical Fiction,"Experience the timeless magic of Indian mythology in this beautifully crafted retelling of the Ramayana, perfect for fans of historical fiction and mythological adventures.",,,,,2022-11-06,0,
The Book of Everlasting Things,Aanchal Malhotra,,9781250802026,read,5,480,Flatiron Books,,India,English,,,Historical Fiction; Literary Fiction,partition; grief; identity; love; memory; war; found family; human cost of politics,heart-wrenching; bittersweet; atmospheric; poignant; enchanting,period setting; social constraints; character-driven; interiority; historical trauma,Indian author; partition story; Independence Day; book club pick; historical fiction; literary fiction; beautiful prose; book about perfumes; book about calligraphy; level:intermediate,Independence Day; Diwali,India Bookshelf; Partition Stories; Indian Historical Fiction; Indian Literary Fiction; Dark & Atmospheric,"This unforgettable book is a must-read for anyone interested in historical fiction, literary fiction, or the history of India and Pakistan.",,,"Finished this unforgettable book that has left me questioning history. Why did Partition have to happen? Why couldn’t Hindus and Muslims continue living together in harmony?<br/><br/>Thanks @the_chronic_reader & @bibliophile.teacher for reading this with me.<br/><br/>I picked up this captivating book solely because of its beautiful cover and title, and it didn't disappoint. It takes you to pre-Partition Lahore, a time of peaceful coexistence, and transports you to the perfume city of France. The story centers around Sameer, a young boy with an extraordinary sense of smell, and Firdaus, a gifted calligrapher. Their lives intertwine beautifully until Partition tears them apart, leading Sameer to flee to France to escape his haunted past.<br/><br/>The book’s detailed exploration of perfumes is mesmerizing. Sameer and Firdaus's love story, though bittersweet, is profoundly touching. It made me long to visit pre-Partition Lahore and see their world through their eyes.<br/><br/>This beautifully written book blends the magic of perfumes and calligraphy, making it truly enchanting. Sameer’s struggle to hold onto his past while navigating his present is heart-wrenching. The story stayed with me long after I finished it.<br/><br/>Moreover, the book serves as a poignant reminder of the most brutal event in our history—the Partition—and its lasting impact. Through the characters' experiences, it sheds light on the human cost of political decisions and the irreversible consequences of division.<br/><br/>If you’re looking for a book that’s more than just a love story, this is it. It’s a profound exploration of history, love, and loss that will stay with you long after you finish reading. Highly recommend picking it up and immersing yourself in this beautiful, tragic tale.<br/><br/>The narrative skillfully weaves together the personal and political, painting a vivid picture of a tumultuous period in South Asian history. It compels readers to reflect on the complexities of identity, belonging, and the destructive power of intolerance.",2024-06-09,2024-03-19,0,
Crime and Punishment,Fyodor Dostoevsky,,,want-to-read,,671,Penguin,,Russia,Russian,,,Literary Fiction; Psychological Thriller; Philosophical Fiction,morality; guilt; redemption; poverty; mental health; justice; free will,dark; intense; philosophical; emotional,unreliable narrator; inner turmoil,classic literature; Russian author; philosophical themes; psychological insight; long read; complex characters; level:advanced; gem:classic,winter read; cold weather classic,World Bookshelf; Heartbreaking Reads; Dark & Atmospheric; Page-Turners,"A classic, thought-provoking novel that delves into the human psyche, exploring the complexities of morality and the consequences of our actions.",,,,,2024-02-15,0,
"The Six Sacred Stones (Jack West Jr, #2)",Matthew Reilly,,9781405038164,read,5,506,Macmillan Australia,Jack West Jr,Australia,English,,,Action; Adventure; Thriller,survival; friendship; power; good vs evil; ancient mysteries; global catastrophe; teamwork,fast-paced; intense; adventurous; suspenseful,ancient prophecies; global treasure hunt; action hero,action-packed; adventure novel; thrilling ride; ancient mysteries; global thriller; book series; Australian author; long read; level:advanced,summer read; holiday thriller,World Bookshelf; Dark & Atmospheric; Page-Turners,"Dive into this heart-pumping, action-packed adventure that will keep you on the edge of your seat from start to finish.",,,,2024-06-21,2024-06-09,0,
"A Good Girl's Guide to Murder (A Good Girl's Guide to Murder, #1)",Holly Jackson,,9781405293181,read,5,433,Electric Monkey,A Good Girl's Guide to Murder,United Kingdom,English,,,Mystery; Thriller; Young Adult,murder investigation; small town secrets; teenage life; friendship; trauma; grief; justice,dark; gripping; emotional; suspenseful,amateur detective; cold case,YA mystery; teen thriller; book club pick; debut author; murder mystery; small town story; school setting; friendship goals,summer read; back to school,World Bookshelf; Heartbreaking Reads; Dark & Atmospheric; Page-Turners,"If you're looking for a gripping and emotional YA mystery with a strong female lead, this is the perfect read for you.",,,,2024-07-03,2024-06-02,0,
All the Lovers in the Night,Mieko Kawakami,,9781609456993,read,4,224,Europa Editions,,Japan,Japanese,,,Literary Fiction; Contemporary,identity; conformity; personal agency; trauma; vulnerability; human connection; self-discovery,contemplative; emotional; introspective,character-driven; interiority,Japanese author; Tokyo setting; female protagonist; book club pick; translated fiction; under 300 pages; level:intermediate,summer read; Women's History Month,World Bookshelf; Civilizations Through Books; Civilization · Japan; Around the World in 52 Books; East Asia Shelf; Heartbreaking Reads,"A beautifully written and deeply introspective novel about self-discovery and personal growth, perfect for fans of literary fiction and Japanese literature.",,,"Meko Kawakami's novel 'All the Lovers in the Night' paints a compelling portrait of Fuyuko Irie, a Tokyo proofreader navigating life with quiet introspection. In a society where societal expectations weigh heavily, Fuyuko's journey unfolds as a poignant critique of conformity versus personal agency.<br/><br/>The narrative begins with Fuyuko leading a passive existence, her decisions shaped by circumstance rather than intent. However, a pivotal opportunity to freelance from home sparks a subtle but profound transformation. Kawakami deftly explores the dynamics of female relationships, highlighting the subtle forms of internalized misogyny through Fuyuko's interactions with a critical coworker and contrasting friendships.<br/><br/>Central to Fuyuko's evolution is her relationship with Mitsutsuka, a figure fascinated by light and a beacon of emotional exploration. Their connection becomes a canvas for Kawakami to delve into themes of trauma, vulnerability, and the complexities of human connection. Fuyuko's journey is intricately woven with moments of emotional turbulence and quiet contemplation, set against the vibrant backdrop of Tokyo's bustling streets.<br/><br/>As the story unfolds, Kawakami's prose delicately captures Fuyuko's internal landscapes and the subtle shifts in her perceptions of self and others. Ultimately, 'All the Lovers in the Night' is a testament to the power of solitude and self-discovery. It challenges readers to reconsider notions of fulfillment beyond societal expectations, emphasizing the importance of embracing one's choices and finding inner strength.<br/><br/>Through Fuyuko's journey, Kawakami crafts a narrative that celebrates feminine autonomy and resilience. The novel's denouement beautifully underscores the transformative power of embracing one's truth and finding light within. 'All the Lovers in the Night' is a luminous exploration of personal growth and the profound truths hidden within life's quietest moments.",2024-07-03,2024-06-19,0,
"The Khandavaprastha Conspiracy (The Mahabharata Quest, #3)",Christopher C. Doyle,,9789395767156,read,5,400,Westland Books,The Mahabharata Quest,India,English,,,Mythology; Thriller; Historical Fiction,mythology; conspiracy; pandemic; science vs legend; history; suspense,suspenseful; riveting; chilling; enthralling,hidden truth; global conspiracy,Indian author; mythology retelling; thriller; book club pick; action-packed; historical fiction; pandemic story; level:intermediate,summer read; winter read,India Bookshelf; Roots of Bharat; Indian Mythology Retellings; Indian Historical Fiction; Civilizations Through Books; Civilization · China; Around the World in 52 Books; Page-Turners,"Dive into this gripping mythology retelling that masterfully weaves together action, suspense, and ancient legend, perfect for fans of thrillers and historical fiction.",,,"""The Khandavaprastha Conspiracy,"" the third book in Christopher C. Doyle's Mahabharata Quest series, plunges readers into a riveting blend of ancient mythology and contemporary thriller. Doyle unveils a hidden truth about the burning of the Khandavaprastha forest, challenging traditional beliefs with a narrative that shocks and enthralls.<br/><br/>Set against a backdrop spanning ancient China to modern times, the story follows Vijay and the Global Task Force as they race against a mysterious global pandemic that defies scientific explanation. As they uncover clues buried within the Mahabharata, they unearth a chilling conspiracy threatening humanity's existence.<br/><br/>Doyle's narrative prowess shines as he intricately weaves together action, suspense, and myth, crafting a tale that keeps readers on edge. The characters, led by Vijay and Director Patterson, navigate a perilous journey filled with twists and revelations, each discovery deepening the mystery spanning millennia.<br/><br/>""The Khandavaprastha Conspiracy"" isn't just a retelling of mythology but a daring exploration that challenges preconceptions and reveals the untold secrets of ancient texts. Doyle's meticulous research and gripping storytelling merge seamlessly, offering a profound exploration of history, science, and legend.<br/><br/>Prepare to be captivated and transformed by this spellbinding installment that redefines the boundaries of what we think we know about the Mahabharata and its relevance to our world today.",2024-07-03,2024-06-02,0,
"The One Impossible Labyrinth (Jack West Jr, #7)",Matthew Reilly,,9781760559090,read,5,416,Macmillan Australia,Jack West Jr,Australia,English,,,Action; Adventure; Thriller,challenge; courage; moral dilemmas; personal growth; teamwork; technology vs. ancient knowledge,adrenaline-pumping; heart-pounding; pulse-pounding; relentless,ancient civilization; deadly traps; labyrinthine puzzle; mind-bending trials,action-packed; adventure story; ancient mysteries; Australian author; fast-paced; male protagonist; thrilling plot twists; level:intermediate,,World Bookshelf; Page-Turners,"Dive into this action-packed adventure for a thrilling ride filled with ancient mysteries, deadly traps, and pulse-pounding action.",,,"Matthew Reilly's ""The One Impossible Labyrinth"" plunges readers into another heart-pounding adventure with Jack West Jr., blending ancient mysteries with cutting-edge technology in a race against time.<br/><br/>In this latest installment, Jack West Jr. faces his most daunting challenge yet as he navigates a labyrinthine puzzle designed by an ancient civilization. As Jack and his team delve deeper into the labyrinth's secrets, they uncover a series of mind-bending trials and deadly traps that test their wits and courage to the limit.<br/><br/>Reilly's signature style shines through in the relentless pace and adrenaline-pumping action that propels the narrative forward. From intricate puzzles to pulse-pounding chases and epic showdowns, each scene is crafted with cinematic detail, immersing readers in the thrill of the quest.<br/><br/>Characterization remains a strong suit in Reilly's storytelling, with Jack West Jr. evolving further as a multifaceted protagonist grappling with personal challenges and moral dilemmas. The supporting cast, from steadfast allies to formidable adversaries, adds depth and intrigue to the narrative, creating a dynamic ensemble that drives the story forward.<br/><br/>The plot is a labyrinth of twists and turns, blending ancient myths with modern-day intrigue in a way that keeps readers guessing until the very end. Reilly's meticulous research and imaginative world-building create a narrative that is both educational and captivating, offering insights into history and mythology while delivering heart-stopping thrills.<br/><br/>""The One Impossible Labyrinth"" is a testament to Matthew Reilly's mastery of the action-adventure genre. With its gripping storyline, compelling characters, and breathtaking action sequences, this novel is a thrilling addition to the Jack West Jr. series that will leave readers eagerly anticipating the next installment.",2024-07-05,2024-06-26,0,
"The Two Lost Mountains (Jack West Jr, #6)",Matthew Reilly,,9781760982898,read,5,432,Macmillan Australia,Jack West Jr,Australia,English,,,Action; Adventure; Thriller,survival; leadership; sacrifice; responsibility; mythology; technology; catastrophe,adrenaline-charged; intense; expansive; high-stakes,quest; ancient prophecies,action-packed; globe-trotting adventure; ancient mysteries; cutting-edge technology; book series; male protagonist; level:intermediate,summer read; winter read,World Bookshelf; Dark & Atmospheric; Page-Turners,"Dive into this exhilarating blend of ancient mysteries, cutting-edge technology, and non-stop action for a thrilling adventure that will keep you on the edge of your seat.",,,"Matthew Reilly's ""The Two Lost Mountains"" continues the pulse-pounding adventures of Jack West Jr. with an exhilarating blend of ancient mysteries, cutting-edge technology, and non-stop action.<br/><br/>In this latest installment, Jack and his team embark on a globe-trotting quest to uncover the legendary Two Lost Mountains, which hold the key to thwarting a catastrophic threat to humanity. From the jungles of South America to the desolate landscapes of Antarctica, Reilly crafts a narrative that is as expansive as it is adrenaline-charged.<br/><br/>Reilly's talent for crafting intense action scenes is on full display, with each chapter brimming with high-stakes encounters and jaw-dropping feats. Whether it's navigating treacherous terrain or facing off against relentless adversaries, Jack West Jr. and his allies are pushed to their limits in a race against time.<br/><br/>Character development remains a cornerstone of Reilly's storytelling. Jack West Jr. evolves not only as a formidable leader but also as a character grappling with the weight of responsibility and the sacrifices demanded by his quest. The supporting cast, from loyal teammates to enigmatic adversaries, adds depth and complexity to the narrative, ensuring that every interaction is rich with intrigue and emotion.<br/><br/>The plot is a labyrinth of twists and turns, blending ancient mythology with futuristic science in a way that is both exhilarating and thought-provoking. Reilly's meticulous research and vivid imagination create a world that feels vividly real, immersing readers in a journey that is equal parts thrilling and enlightening.<br/><br/>""The Two Lost Mountains"" reaffirms Matthew Reilly's status as a master storyteller of the action-adventure genre. With its relentless pace, dynamic characters, and mind-bending plot twists, this novel is a captivating addition to the Jack West Jr. series that will leave readers eagerly anticipating the next thrilling chapter",2024-07-05,2024-06-26,0,
"The Three Secret Cities (Jack West Jr, #5)",Matthew Reilly,,9781501167195,read,5,436,Gallery Books,Jack West Jr,Australia,English,,,Action; Thriller; Adventure,survival; sacrifice; morality; conspiracy; discovery; loyalty; power,intense; adventurous; fast-paced; suspenseful,ancient secrets; global conspiracy; racing against time,action-packed; historical fiction; adventure novel; Australian author; book series; fast-paced read,summer read; winter read,World Bookshelf; Dark & Atmospheric; Page-Turners,"Dive into a heart-stopping adventure with Matthew Reilly's 'The Three Secret Cities' for a relentless mix of action, puzzles, and historical intrigue.",,,"Matthew Reilly's ""The Three Secret Cities"" continues the high-octane adventures of Jack West Jr. with relentless action, intricate puzzles, and a global conspiracy that spans centuries.<br/><br/>In this installment, Jack and his team face their most perilous mission yet as they race against time to uncover the secrets of three ancient cities that hold the key to saving humanity from an unimaginable threat. From the depths of the Australian outback to the heart of Antarctica, Reilly plunges readers into a whirlwind of danger and discovery, blending historical intrigue with cutting-edge technology.<br/><br/>Reilly's mastery of action sequences shines through once again, with each page packed with adrenaline-pumping thrills. Whether it's a harrowing escape from deadly traps or a desperate battle against formidable adversaries, the intensity never wanes. The author's vivid descriptions and cinematic prose bring each encounter to life, immersing readers in the heart-stopping excitement of the adventure.<br/><br/>Character development remains a strong suit in Reilly's storytelling. Jack West Jr. evolves as a multifaceted protagonist, grappling with personal sacrifices and moral dilemmas amidst the chaos. The supporting cast, from loyal allies to enigmatic adversaries, adds layers of intrigue and depth to the narrative, making every interaction meaningful and memorable.<br/><br/>The plot unfolds with intricate precision, weaving together ancient myths, cryptic puzzles, and breathtaking revelations. Reilly's meticulous research and imaginative storytelling create a narrative that is as educational as it is entertaining. As secrets are unearthed and alliances are tested, the stakes escalate towards a climactic showdown that delivers both satisfaction and anticipation for the series' future.<br/><br/>""The Three Secret Cities"" reaffirms Matthew Reilly's reputation as a master of the action-adventure genre. With its relentless pace, dynamic characters, and mind-bending plot twists, this novel is a thrilling continuation of the Jack West Jr. series that will leave readers eagerly awaiting the next chapter in the saga.",2024-07-05,2024-06-26,0,
"The Four Legendary Kingdoms (Jack West Jr, #4)",Matthew Reilly,,9781925479966,read,5,450,Pan Macmillan Australia,Jack West Jr,Australia,English,,,Action; Adventure; Thriller,survival; competition; conspiracy; moral dilemmas; personal sacrifices; ancient mysteries,heart-pounding; explosive; intense; relentless; adrenaline-fueled,deadly competition; ancient prophecies,action-packed; historical fiction; mythological themes; fast-paced read; male protagonist; book series,summer read; holiday thriller,World Bookshelf; Dark & Atmospheric; Page-Turners,"Dive into a world of ancient myths and modern-day thrills with 'The Four Legendary Kingdoms', a gripping narrative that will keep you on the edge of your seat.",,,"Matthew Reilly's ""The Four Legendary Kingdoms"" thrusts readers into a world where ancient myths collide with modern-day thrills, delivering a gripping and adrenaline-charged narrative that doesn't disappoint.<br/><br/>The story follows Jack West Jr., who finds himself unwillingly thrust into a deadly competition known as the Great Games. Held in the underground realm of the Four Legendary Kingdoms, this brutal contest pits champions from across history against each other in a series of challenges that test their physical and mental prowess. As Jack navigates the treacherous games alongside other skilled participants, he uncovers a sinister conspiracy that threatens the fate of the world itself.<br/><br/>Reilly excels in creating heart-pounding action sequences that are both intricate and explosive. From intricate puzzles to intense battles, each moment is crafted with precision, immersing readers in the adrenaline-fueled world of the Great Games. The pacing is relentless, ensuring the tension never lets up as the stakes escalate with each passing chapter.<br/><br/>Characterization remains a strong suit in Reilly's writing. Jack West Jr. is portrayed not only as a formidable warrior but also as a compelling protagonist grappling with moral dilemmas and personal sacrifices. The ensemble cast, including both allies and adversaries, adds depth to the narrative, each bringing their own motivations and secrets to light.<br/><br/>The plot is a tapestry of ancient mysteries and contemporary intrigue, blending historical legends with cutting-edge technology. Reilly's meticulous research shines through, enriching the narrative with historical detail and mythological significance. As the story unfolds, twists and revelations keep readers guessing, culminating in a climactic showdown that satisfies while leaving room for future adventures.<br/><br/>""The Four Legendary Kingdoms"" is a testament to Matthew Reilly's mastery of the action-adventure genre. With its relentless pace, dynamic characters, and intricate plot, this novel is a thrilling installment in the Jack West Jr. series that will captivate both longtime fans and newcomers alike.",2024-07-05,2024-06-09,0,
"The 5 Greatest Warriors (Jack West Jr, #3)",Matthew Reilly,,9781416577577,read,5,400,Simon & Schuster,Jack West Jr,Australia,English,,,Action; Adventure; Thriller,survival; teamwork; mythology; history; science; global threat,fast-paced; intense; adventurous; cinematic,ancient legends; races against time,action-packed; male protagonist; global adventure; historical fiction; mythological themes; book series; sequel; level:intermediate,summer read,World Bookshelf; Dark & Atmospheric; Page-Turners,Dive into this exhilarating world where ancient legends collide with modern technology for a pulse-pounding adventure that refuses to relent.,,,"Matthew Reilly's ""The Five Greatest Warriors"" catapults readers into an exhilarating world where ancient legends collide with modern technology, delivering an action-packed sequel that refuses to relent.<br/><br/>Continuing the saga of Jack West Jr., Reilly plunges readers into a high-stakes race against time. The narrative unfolds with relentless energy as Jack and his team confront a global threat tied to five ancient warriors. From the heart of the Amazon to the depths of the Arctic, Reilly's vivid descriptions and breakneck pacing ensure every chapter is a pulse-pounding adventure.<br/><br/>What sets Reilly apart is his knack for crafting cinematic action. Each scene crackles with tension, whether it's a perilous escape from a collapsing temple or a desperate battle against formidable foes. The author's attention to detail creates a visceral experience, immersing readers in the chaos and intensity of every encounter.<br/><br/>Characterization remains a cornerstone of Reilly's storytelling. Jack West Jr. emerges not just as a fearless leader but also as a character layered with emotion and complexity. His allies, each with their own strengths and flaws, add depth to the narrative, fostering a sense of camaraderie amidst the danger.<br/><br/>The plot is a labyrinth of twists and turns, seamlessly blending history, mythology, and cutting-edge science. Reilly's extensive research enriches the story, infusing it with authenticity and intrigue. As secrets unravel and alliances are tested, the narrative crescendos towards a climactic showdown that delivers both satisfaction and anticipation for what lies ahead.<br/><br/>In ""The Five Greatest Warriors,"" Matthew Reilly proves once again why he is a master of the genre. With its relentless action, compelling characters, and intricate plot, this novel is a thrilling addition to the Jack West Jr. series that will leave readers eagerly awaiting the next installment.",2024-07-05,2024-06-19,0,
The Naga Warriors 1: Battle of Gokul Vol 1,Akshat Gupta,,9789357089364,read,4,197,Ebury Press,,India,English,,,Historical Fiction; Mythology,war; selflessness; bravery; mythology; history; courage; Dharma,thrilling; suspenseful; epic,period setting; social constraints; mythology retelling; divine politics,Indian author; mythological fiction; historical setting; war story; book club pick; under 300 pages; level:intermediate,Diwali; Navratri,India Bookshelf; Roots of Bharat; Indian Mythology Retellings; Indian Historical Fiction; Page-Turners,"Dive into the enigmatic world of the Naga Sadhus in this thrilling historical fiction that blends mythology and suspense, perfect for fans of Indian mythology and historical settings.",,,"*The Naga Warriors: Battle of Gokul Vol. 1* by Akshat Gupta is a gripping blend of historical fiction and mythology that dives into the rich and enigmatic world of the Naga Sadhus. This sect of Shiva devotees, known for their austere lifestyle and warrior ethos, takes center stage as they rise to protect the temples of Gokul in 1757. The book unfolds with the Naga Sadhus borrowing the weapons of their deities, embodying invincible courage, and facing off against an overwhelming Afghan army.<br/><br/>Akshat Gupta’s narrative is infused with thrill and suspense, keeping readers on the edge throughout. The story's tension and drama are palpable, making it a page-turner that captivates from start to finish. The depiction of Ajaa, the fearless leader of the Naga Sadhus, and his mysterious background is particularly compelling. His journey, along with the Naga Sadhus, busts many myths and misconceptions about this ancient warrior clan, presenting them in a new light as protectors of Dharma.<br/><br/>One of the most intriguing aspects of the book is its portrayal of the Naga Sadhus, shedding light on their selflessness and bravery. The author’s detailed research and imaginative storytelling bring to life an era and a community often shrouded in mystery. The historical setting is richly painted, and the integration of mythological elements enhances the epic feel of the narrative.<br/><br/>As a fan of Akshat Gupta’s previous works, this book did not disappoint. It maintained a high level of excitement and intrigue, compelling me to finish it in one sitting. The cliffhanger ending leaves readers eagerly awaiting the next installment, promising more revelations and adventures to come.<br/><br/>*The Naga Warriors* is a must-read for anyone interested in historical fiction and mythology, offering a fresh and engaging perspective on India's rich cultural tapestry.",2024-07-27,2024-07-05,0,
Welcome to the Hyunam-Dong Bookshop,Hwang Bo-Reum,,,read,5,307,Bloomsbury Publishing,,South Korea,,,,Literary Fiction,self-discovery; renewal; acceptance; community; following one's dreams; healing; purpose,heartwarming; comforting; relatable; gentle,character-driven; interiority,bookstore setting; Korean author; translated fiction; book club pick; inspirational story; new beginnings; small business owner; level:intermediate,New Year's resolutions; spring renewal; back to school,World Bookshelf; East Asia Shelf; Around the World in 52 Books; Comfort Reads,"For anyone looking for a comforting and relatable story about finding one's true purpose and the power of community, 'Welcome to the Hyunam-Dong Bookshop' is a must-read.",,,"*Welcome to Hyunam-dong Bookshop* by Hwang Bo-reum, translated by Shanna Tan, is a heartwarming tale about the healing power of books and the courage to follow one’s dreams. The story centers on Yeongju, who, feeling burned out from her conventional life, leaves behind her high-flying career and opens a bookshop in a quaint Seoul neighborhood. This bold step not only transforms her life but also creates a sanctuary for others seeking solace.<br/><br/>Yeongju’s journey is one of self-discovery and renewal. Her bookstore becomes a haven for a diverse cast of characters, each grappling with their own disappointments and struggles. From the lonely barista to the unhappy coffee roaster, and a writer who finds inspiration in Yeongju, the Hyunam-dong Bookshop is a place where they all learn to find acceptance and embrace their true selves.<br/><br/>The simplicity of the book is its greatest strength. It weaves a narrative that is both comforting and relatable, exploring the everyday life of a bookstore and the community it fosters. The story's charm lies in its depiction of the small, meaningful moments that make up life, offering readers a gentle reminder that it’s never too late to start anew.<br/><br/>One of the most poignant aspects of the book is Yeongju’s revelation about why she opened the bookstore. Her past resonates with many, reflecting the common struggle of working hard without a true sense of purpose. The book offers not just a story but a reflection on life’s choices and the importance of finding a space where one feels truly alive.<br/><br/>*Welcome to Hyunam-dong Bookshop* is a wholesome read, filled with life lessons about following one’s passion, the therapeutic nature of books, and the joy of creating a community. It’s a must-read for book lovers and anyone contemplating a change in their life’s trajectory. This novel is a reminder that sometimes, the most fulfilling paths are the ones we carve out for ourselves.",2024-07-27,2024-07-03,0,
Tara: The Sati Series V | Mythological heroines from the Ramayan and Mahabharat reimagined through a feminist lens in this bestselling series,Koral Dasgupta,,9788119300204,read,5,198,Pan Macmillan India,The Sati Series,India,English,,,Mythology; Historical Fiction,empowerment; power; love; societal norms; resilience; identity; gender roles,insightful; vivid; nuanced; poignant,mythology retelling; divine politics; period setting; social constraints,Indian author; mythological retelling; feminist literature; Ramayana retelling; strong female lead; book club pick; under 300 pages; level:intermediate,Navratri; International Women's Day,India Bookshelf; Roots of Bharat; Indian Mythology Retellings; Indian Historical Fiction,"A must-read for fans of mythological retellings and feminist literature, offering a nuanced portrayal of a strong and wise stateswoman from ancient Indian mythology.",,,"*Tara* by Koral Dasgupta, the concluding installment of the *Sati* series, offers a fresh and insightful perspective on Tara, a figure often overshadowed in the *Ramayana*. Known mainly as the wife of Bali and later Sugreev, Tara's story is richly expanded, depicting her rise from obscurity to royalty in Kishkindha. The novel highlights Tara's resilience and intelligence as she navigates a world marked by political intrigue and personal betrayal, especially after Bali's demise and Sugreev's ascendancy.<br/><br/>Set in the vibrant backdrop of the Vanara kingdom, the book explores Tara's unique abilities, including her communication with animals, and her role as a peacemaker amidst the kingdom's tumultuous politics. Dasgupta's portrayal of Tara as a strong and wise stateswoman challenges traditional gender roles and brings a new depth to the character.<br/><br/>The narrative is beautifully written, with vivid descriptions and a deep exploration of the characters' inner lives. The story’s strength lies in its nuanced portrayal of Tara’s journey, reflecting broader themes of power, love, and societal norms. Dasgupta uses rich dialogues to progress the story, making the ancient tales resonate with contemporary issues, particularly regarding women's agency and empowerment.<br/><br/>A standout moment in the book is the conversation between Tara and Ahalya towards the end, which provides a poignant reflection on their lives and the choices they made. This dialogue offers a fitting and beautiful conclusion to the series, encapsulating the essence of the *Sati* series' focus on the untold stories of women from Indian epics.<br/><br/>*Tara* is not just a retelling but a reimagining that celebrates the complexities and strengths of its female characters. It's a must-read for those interested in mythology, feminist literature, and beautifully crafted stories that challenge traditional narratives and bring new insights into familiar tales.",2024-07-27,2024-07-16,0,
"As Good As Dead (A Good Girl's Guide to Murder, #3)",Holly Jackson,,9780593379851,read,4,459,Delacorte Press,A Good Girl's Guide to Murder,United Kingdom,English,,,Mystery; Thriller; Young Adult,murder investigation; trauma; friendship; small town secrets; social media impact; teenage life,dark; gripping; emotional; fast-paced,amateur detective; missing person,YA mystery; crime fiction; book series; female detective; small town mystery; social media thriller; teen thriller; murder mystery,,World Bookshelf; Heartbreaking Reads; Dark & Atmospheric; Page-Turners,Dive into this gripping YA mystery for a thrilling ride full of twists and turns that will keep you guessing until the very end.,,,,2024-07-27,2024-07-23,0,
"Not in Love (Not in Love, #1)",Ali Hazelwood,,9781408728918,read,5,394,Berkley,Not in Love,United States,English,,,Romance; Contemporary,personal growth; romance; science; food insecurity; childhood experiences; fear of failure; vulnerability,spicy; humorous; suspenseful; relatable,forbidden love; office romance,romantic fiction; women in STEM; contemporary romance; office romance; book club pick; strong female lead,summer read; Valentine's Day,World Bookshelf,Dive into this spicy and humorous romance that celebrates intelligent women in STEM and explores complex themes beyond the romance.,,,"Ali Hazelwood's *Not in Love* is a captivating romantic fiction that seamlessly blends themes of science, romance, and personal growth. The story follows Rue Siebert, a successful biotech engineer at Kline, who enjoys a stable and content life. This stability is threatened when Eli Killgore and his partners aim to take over her company. Eli is a determined and attractive businessman with his own reasons for wanting Kline, but he is also irresistibly drawn to Rue. Their secret affair, complicated by their professional rivalry, forms the heart of the novel.<br/><br/>What sets this book apart is its depth beyond the romance. Hazelwood explores issues such as food insecurity and the impact of childhood experiences, providing a richer narrative. Rue's fears of repeating her parents' mistakes and Eli's own past add layers to their characters, making their relationship more complex and engaging.<br/><br/>The chemistry between Rue and Eli is palpable, with Hazelwood's signature touch of spice and humor. The forbidden nature of their relationship, combined with their professional conflict, adds a layer of suspense that keeps readers hooked. Eli, like the other male protagonists in Hazelwood's novels, is charming and complex, making him an instant favorite. His character's vulnerability and Rue's determination make their dynamic compelling and relatable.<br/><br/>Hazelwood's portrayal of women in STEM continues to be a refreshing aspect of her storytelling, celebrating intelligent, strong female characters who navigate both personal and professional challenges. The novel's pacing is perfect, keeping readers engaged from start to finish.<br/><br/>*Not in Love* is an excellent pick for those looking for a romantic escape with substance. It offers a perfect balance of light-hearted romance, deeper emotional issues, and a plot filled with enough twists to keep readers eagerly turning the pages. Whether you're a fan of romantic fiction or interested in stories about women in STEM, this book is a delightful and satisfying read.",2024-07-27,2024-07-23,0,
The Stationery Shop of Tehran,Marjan Kamali,,9781471189180,read,3,308,Simon & Schuster UK,,Iran,English,,,Historical Fiction; Literary Fiction; Romance,love; social change; political upheaval; identity; historical events; personal struggle; cultural heritage,emotional; atmospheric; romantic; turbulent,period setting; social constraints; character-driven; interiority; slow burn; emotional payoff,Iranian author; historical romance; book club pick; cultural fiction; social justice; Middle Eastern literature; coming of age; love story; level:intermediate,Nowruz; Valentine's Day,World Bookshelf; Middle East & North Africa; Around the World in 52 Books; Heartbreaking Reads; Dark & Atmospheric,"For readers who appreciate historical fiction and romance, 'The Stationery Shop of Tehran' offers a poignant and atmospheric tale of love and social change set against the backdrop of Iran's tumultuous past.",,,"*The Stationery Shop of Tehran* by Marjan Kamali is set in the turbulent year of 1953 in Tehran, a city on the brink of change. The story centers on Roya, a young woman who finds a haven in a charming stationery shop run by Mr. Fakhri. This shop, filled with beautiful writing supplies and books from around the world, becomes the backdrop for her meeting with Bahman, a passionate young man committed to justice and social change.<br/><br/>As their romance blossoms, the political situation in Tehran deteriorates, leading to a coup d'état that drastically alters the course of their lives and the future of the country. The novel explores the intersection of personal and political upheaval, and the ways in which historical events shape individual destinies.<br/><br/>Despite its promising premise, the book fell short of my expectations. While the setting and time period are richly described, the story often felt too fictionalized, with certain plot points and character developments lacking the realism needed to fully engage the reader. The romance between Roya and Bahman, though central to the narrative, seemed somewhat contrived, and the challenges they faced did not always resonate with the gravity of the historical context.<br/><br/>The pacing of the story also felt uneven, with moments of significant historical importance sometimes glossed over, leaving a sense of disconnect between the characters' emotional journeys and the larger political landscape. This made it difficult to fully invest in the characters and their outcomes.<br/><br/>Overall, *The Stationery Shop of Tehran* provides a glimpse into a pivotal moment in Iranian history, but the execution leaves something to be desired. For those interested in historical fiction with a strong romantic element, it may offer some appeal, but it did not fully meet the mark for me. The book had potential but ultimately felt lacking in emotional depth and narrative cohesion.",2024-07-27,2024-07-16,0,
Never Never Land,Namita Gokhale,,9789354477065,read,5,176,Speaking Tiger Books,,India,English,,,Literary Fiction,identity; grief; found family; self-discovery; human connection,heartbreaking; hopeful; atmospheric,character-driven; interiority,Indian author; book club pick; under 200 pages; contemporary fiction; character-driven; emotional read; level:intermediate,rainy day read; book club pick,India Bookshelf; Indian Literary Fiction; Heartbreaking Reads; Comfort Reads; Dark & Atmospheric,A poignant and evocative exploration of human connection and self-discovery that will resonate with readers of literary fiction.,,,,2024-08-24,2024-07-27,0,
"The Lost Symbol (Robert Langdon, #3)",Dan Brown,,9780385504225,read,5,509,Doubleday,Robert Langdon,United States,English,,,Thriller; Mystery; Historical Fiction,science vs religion; human potential; power of the mind; kidnapping; mystery; symbology,suspenseful; intelligent; fast-paced; gripping,secret societies; cryptic clues,thriller novel; mystery book; historical thriller; secret societies; book club pick; American author; level:advanced,summer read; holiday gift,World Bookshelf; Page-Turners,"If you enjoy thrillers with intellectual depth and historical intrigue, *The Lost Symbol* is a gripping page-turner that will keep you on the edge of your seat.",,,"Once you start reading Dan Brown, there is no going back. *The Lost Symbol* is a testament to Brown’s unparalleled ability to weave intricate plots that blend history, science, and mysticism into a thrilling narrative. After the global success of *The Da Vinci Code*, this book takes the stakes even higher, delving deep into the mysterious world of Freemasonry within the very heart of America—Washington, D.C.<br/><br/>The story follows Robert Langdon, a symbologist who finds himself in a race against time when his mentor, Peter Solomon, is kidnapped. The only way to save him is by uncovering the secrets hidden within the Masonic symbols scattered across the nation’s capital. Brown’s portrayal of Washington, D.C., is rich with historical detail, revealing a side of the city that most are unaware of. The narrative’s fast pace is matched by its intellectual depth, as Langdon deciphers codes, solves puzzles, and uncovers truths that have been guarded for centuries.<br/><br/>What I found particularly engaging in *The Lost Symbol* is the exploration of the conflict between science and religion, a recurring theme in Brown’s work. The book raises profound questions about human potential and the power of the mind, all while keeping you on the edge of your seat with its relentless suspense. The plot twists are as unpredictable as they are satisfying, making each chapter more gripping than the last.<br/><br/>As someone who loves thrillers that delve into ancient symbols and secret brotherhoods, *The Lost Symbol* was everything I hoped it would be. It’s a book that not only entertains but also provokes thought, inviting readers to explore the hidden meanings in the world around us. If you’re a fan of Brown’s work or simply enjoy a good mystery steeped in history, this book deserves a place on your reading list.",2024-08-31,2023-05-12,0,
"The Da Vinci Code (Robert Langdon, #2)",Dan Brown,,,read,5,489,Anchor,Robert Langdon,Europe,English,,,Thriller; Mystery; Historical Fiction,power; religion; history; deception; identity; secrets; truth,suspenseful; intriguing; fast-paced; chilling,cryptic clues; secret societies; ancient mysteries,thriller; mystery; historical fiction; book club pick; bestseller; European setting; symbolism; conspiracy; gem:popular,summer read; holiday thriller,World Bookshelf; Page-Turners,"A must-read for fans of historical thrillers, with a gripping narrative that weaves real historical elements with fiction, keeping you on the edge of your seat.",,,"Dan Brown’s *The Da Vinci Code* is a masterful blend of ancient symbols, secret brotherhoods, and relentless thrills that kept me hooked from start to finish. This book had been on my TBR for a long time, and I’m glad I finally picked it up.<br/><br/>The story plunges into a world where history, art, and religion intertwine, leading to a gripping chase across Europe. The protagonist, Robert Langdon, finds himself entangled in a conspiracy that dates back centuries, with clues hidden in plain sight—symbols, codes, and forgotten knowledge that only the keenest of minds can decipher.<br/><br/>What I particularly enjoyed was how Brown weaves real historical elements with fiction, making you question what’s fact and what’s fabrication. The tension builds as secrets are revealed, and the ancient brotherhoods guarding these truths add layers of intrigue that are both fascinating and chilling.<br/><br/>As someone who loves thrillers that delve into ancient mysteries, this book was an absolute treat. The narrative’s pace and the depth of the historical and symbolic references make it a must-read for anyone who enjoys this genre. *The Da Vinci Code* more than lives up to its reputation and was well worth the wait on my reading list.",,2021-10-31,0,
Must Love Books,Shauna Robinson,,9781728240732,read,3,321,Sourcebooks,,United States,English,,,Romance; Contemporary,love; identity; self-discovery; community; passion,light-hearted; humorous; witty; heartwarming,friends to lovers; bookstore setting,book lover's story; book club pick; romantic comedy; light read; funny; bookstore romance; contemporary romance; feel-good,summer read; Valentine's Day,World Bookshelf; Comfort Reads,"Read this for a fun, feel-good romance that will leave you smiling and eager to visit your local bookstore.",,,A light hearted read for me,2024-08-31,2024-08-24,0,
The Story Collector,Evie Gaughan,,9780008706661,read,5,358,One More Chapter,,Ireland,English,,,Historical Fiction; Magical Realism; Literary Fiction,self-discovery; magic; secrets; folklore; identity; fate; connection between past and present,enchanting; heartwarming; mysterious; wonderful,found diary; dual timeline,Irish author; dual timeline; magical realism; book club pick; women's fiction; folklore; fairytale elements; level:intermediate,St. Patrick's Day; summer read,World Bookshelf; Comfort Reads,Step into Evie Woods' enchanting world where magic and reality blend in a captivating tale of self-discovery and wonder.,,,"**Once you step into Evie Woods' world, there's no coming back.** After being captivated by *The Lost Bookshop*, I eagerly awaited the release of *The Story Collector*, and it was well worth the wait. The book cover alone is a visual delight, hinting at the enchanting tale that lies within its pages.<br/><br/>Set in a tranquil Irish village, *The Story Collector* masterfully intertwines two timelines—one set a hundred years ago with Anna, a young farm girl, and the other in the present day with Sarah Harper. Sarah's journey begins with an accidental flight to Ireland instead of Boston, a twist of fate that sets her on a path to discovering the mysterious diary of Anna Butler. This diary becomes a portal to the past, where Anna's life takes on a magical quality as she assists an intriguing American visitor in translating Irish fairy stories. But as Anna delves deeper into these tales, she finds herself caught in a web of secrets that threaten her very existence.<br/><br/>Woods weaves a story that is as much about the magic in our everyday lives as it is about the fairytale world Anna inhabits. The book’s dual timeline is handled with finesse, drawing connections between the past and present in ways that feel both surprising and inevitable. The rich folklore and the subtle hints of magic infuse the narrative with a sense of wonder that kept me turning pages late into the night.<br/><br/>While Sarah's story concludes on a heartwarming note, I couldn’t help but wish for a happier ending for Anna. Even so, the story’s conclusion left me smiling, content with the journey I’d been on. The little girl inside me was reminded of the magic of fairies and the enduring power of belief.<br/><br/>*The Story Collector* is an evocative, charming novel that celebrates the extraordinary in the ordinary, leaving readers with a renewed sense of wonder.",2024-08-31,2024-08-02,0,
Draupadi: The Sati Series III,Koral Dasgupta,,9789390742622,read,5,151,Pan Macmillan India,The Sati Series,India,English,,,Mythology; Historical Fiction; Literary Fiction,identity; strength; resilience; gender dynamics; power dynamics; societal expectations,lyrical; poignant; thought-provoking; emotional,mythology retelling; divine politics; period setting; social constraints; character-driven; interiority,Indian author; mythology retelling; strong female lead; historical fiction; book club pick; Indian mythology; feminist literature; level:intermediate,Navratri; International Women's Day,India Bookshelf; Roots of Bharat; Indian Mythology Retellings; Indian Historical Fiction; Indian Literary Fiction; The Epic Project; Epic · Draupadi; Heartbreaking Reads; Slow Literary,"A mesmerizing and thought-provoking retelling of Draupadi's story that breathes new life into the legendary figure, exploring themes of identity, strength, and resilience.",,,"Draupadi,"" a captivating installment in Koral Dasgupta's Sati series, masterfully reimagines one of the most intriguing characters from the Mahabharata. Dasgupta's writing is nothing short of mesmerizing, seamlessly blending mythology with a contemporary lens to present Draupadi as a vibrant, multifaceted woman.<br/><br/>I am particularly enamored by Dasgupta's ability to recreate mythological female characters with such depth and authenticity. In ""Draupadi,"" she breathes new life into the legendary figure, portraying her not just as a protagonist of ancient lore but as a timeless symbol of strength and resilience.<br/><br/>The novel unfolds through Draupadi's perspective, offering a poignant exploration of her innermost thoughts, desires, and struggles. Dasgupta's prose is lyrical yet incisive, transporting readers to ancient India while drawing thought-provoking parallels to modern-day challenges faced by women.<br/><br/>What sets ""Draupadi"" apart is its profound exploration of gender dynamics, power dynamics, and the complexities of identity. Through meticulous research and a keen narrative eye, Dasgupta invites readers to reconsider Draupadi's story in a contemporary light, highlighting her agency and defiance against societal expectations.<br/><br/>From Draupadi's swayamvara to the tumultuous events of the Kurukshetra war, every moment is vividly rendered with emotional depth and historical richness. Dasgupta's portrayal of Draupadi's journey is both captivating and enlightening, offering readers a fresh perspective on this iconic mythological figure.<br/><br/>In conclusion, ""Draupadi"" stands as a testament to Koral Dasgupta's remarkable storytelling prowess and her ability to breathe new life into mythological narratives. Her portrayal of Draupadi as a powerful and complex woman resonates long after the final page, making this novel a must-read for those captivated by timeless tales of strength and resilience.",2024-07-03,2024-06-02,0,
"A Court of Mist and Fury (The Court of Thorns and Roses, #2)",Sarah J. Maas,,9781664434448,read,5,624,"Recorded Books, Inc. and Blackstone Publishing",The Court of Thorns and Roses,United States,English,,,Fantasy; Romance; Young Adult,love; identity; power; trauma; self-discovery; friendship; loyalty,emotional; intense; romantic; dark; hopeful,love triangle; faerie lore; mate bond,strong female lead; fantasy romance; new adult; book club pick; series starter; long read; audiobook available; level:advanced,summer read; winter read,World Bookshelf; Heartbreaking Reads; Comfort Reads; Dark & Atmospheric,"Dive into this captivating fantasy romance series with a strong female lead, intricate world-building, and a swoon-worthy love story.",,,,2024-09-14,2024-09-14,0,
"A Court of Thorns and Roses (A Court of Thorns and Roses, #1)",Sarah J. Maas,,9781664434455,read,5,1,"Recorded Books, Inc. and Blackstone Publishing",A Court of Thorns and Roses,United States,English,,,Fantasy; Romance,love; identity; power; freedom; self-discovery; trauma; loyalty,atmospheric; romantic; dark; intense,beauty and the beast; forbidden love; faerie lore,new adult fiction; faerie romance; strong female lead; fantasy world-building; book club pick; summer read,summer read,World Bookshelf; Dark & Atmospheric,"A beautifully written fantasy romance with a strong female lead and a richly detailed world, perfect for fans of faerie lore and new adult fiction.",,,,2024-09-14,2024-09-14,0,
"A Court of Wings and Ruin (The Court of Thorns and Roses, #3)",Sarah J. Maas,,9781664434431,read,5,1,"Recorded Books, Inc. and Blackstone Publishing",The Court of Thorns and Roses,United States,English,,,Fantasy; Romance,love; war; identity; power; loyalty; freedom; self-discovery,epic; romantic; dark; emotional,love triangle; faerie lore; magic,new adult fiction; faerie romance; strong female lead; fantasy series; book club pick; romance fantasy; female author,summer read; winter read,World Bookshelf; Heartbreaking Reads; Dark & Atmospheric,"Dive into this epic fantasy romance series for a story of love, war, and self-discovery, with a strong female lead and immersive world-building.",,,,2024-09-19,2024-09-14,0,
The Last Queen,Chitra Banerjee Divakaruni,,9780063161887,read,5,372,William Morrow Paperbacks,,India,English,,,Historical Fiction; Biographical Fiction,female strength; power struggle; motherhood; royalty; courage; intelligence; resilience,inspiring; emotional; historical; engaging,period setting; social constraints,Indian author; female lead; historical biography; Punjabi culture; royal fiction; strong female character; Indian history; book club pick,International Women's Day; Indian Independence Day,India Bookshelf; Indian Historical Fiction; States Through Stories; Punjab Stories; Heartbreaking Reads,"A must-read for fans of historical fiction and strong female leads, this book is an inspiring and engaging story of Queen Jindan Kaur's life and struggles.",,,"While I know Our history is full of women Leaders who were epitome of Courage and intelligence, and it's such a goosebumps experience to read about such awe inspiring Stories. <br/><br/>Let's Start with this one, this is the Life journey of the Last Queen of Maharaja Ranjit Singh, known as Lion King of Punjab & the Mother of Maharaja Dilip Singh- Queen Jindan Kaur. <br/>This Book Speaks a lot about the female Strength and her sheer will power once she decides something. <br/><br/>From being born to the royal dog trainer to being the Queen to making his Son the King of Punjab, she came across a long way, saving herself and her Son from the royal games of Power. <br/><br/>Special Thanks to Author @divakarunichitra who writes about Such legendary Female Figures, and narrates their story, their Struggles and their journey in this male dominant Society. <br/>While I was reading this book, many times it reminded me of the book- The Half Empress! The character of Queen Jindan Kaur seemed very similar to Rashkapoor of Jaipur. <br/><br/>I enjoyed every bit of reading this book and I am glad I picked this book though I was not expecting much out of it but it turned out to be an amazing read. Such a great Mix of History, fiction and female focused Storyline. Narrating Style of Author is so easy that you won't get bored even for a second. <br/><br/>Definitely gonna recommend this one for your next Read!!!!",2023-08-01,2023-07-29,0,
Normal People,Sally Rooney,,9781984822178,read,3,273,Crown,,Ireland,English,,,Literary Fiction; Romance,love; identity; class differences; emotional isolation; intimacy,emotional; intimate; repetitive; frustrating,forbidden love; friends to lovers,Irish author; contemporary romance; literary fiction; book club pick; character-driven; emotional journey; level:intermediate,summer read; book club pick,World Bookshelf; Heartbreaking Reads,"A thought-provoking exploration of human relationships, identity, and intimacy, perfect for fans of character-driven literary fiction.",,,"Sally Rooney’s *Normal People* explores the intricate, often complicated relationship between Connell and Marianne, two individuals who, despite their differences, find themselves deeply intertwined through the years. Set against the backdrop of small-town Ireland and later at university, the novel dives into themes of love, identity, and the struggle for emotional connection.<br/><br/>While Rooney’s minimalist writing style adds depth to the characters' internal struggles, I found the pacing of the novel dragged at times. The constant back-and-forth in Connell and Marianne’s relationship felt repetitive, making it harder for me to stay fully engaged. What started as a promising exploration of class differences, emotional isolation, and the complexities of intimacy seemed to lose momentum midway through.<br/><br/>Another point of frustration for me was the ending, which felt abrupt and left several threads unresolved. Given how much time was spent building the characters and their emotional journey, I was hoping for a more satisfying conclusion. It felt like there was a missed opportunity to fully explore where Connell and Marianne end up, both as individuals and in their relationship.<br/><br/>Overall, *Normal People* was an okay read for me. While it had moments of emotional depth and authenticity, it didn’t quite live up to the expectations I had, especially given the hype around the book. Rooney captures the messiness of human relationships well, but I was left feeling like the story didn’t fully deliver on its initial promise.",2024-10-05,2024-10-05,0,
Naulakhi Kothi / نولکھی کوٹھی,Ali Akbar Natiq,,,currently-reading,,432,"Sanjh Publications, Lahore",,Pakistan,Urdu,,,Literary Fiction,identity; family; social hierarchy; culture; tradition; morality; power dynamics,atmospheric; contemplative; emotional,character-driven; interiority,Pakistani author; Urdu literature; family drama; social commentary; cultural heritage; Lahore setting; level:intermediate,Eid reading; summer read,World Bookshelf; Middle East & North Africa; Around the World in 52 Books; Heartbreaking Reads; Dark & Atmospheric,"A must-read for those interested in Pakistani literature and cultural heritage, offering a poignant exploration of family and social dynamics.",,,,,2024-10-05,0,
Sparks Like Stars,Nadia Hashimi,,9780063008281,read,5,464,William Morrow,,Afghanistan,,,,Historical Fiction; Literary Fiction,grief; identity; trauma; resilience; cultural heritage; family; progress; modernization,heartbreaking; hopeful; emotional; bittersweet,period setting; social constraints; character-driven; interiority,Afghan author; Afghanistan story; coup; adoption; strong female lead; book club pick; historical fiction; cultural fiction; level:intermediate,International Women's Day; Refugee Awareness Month,World Bookshelf; Middle East & North Africa; Around the World in 52 Books; Heartbreaking Reads; Comfort Reads,A powerful and emotional novel about a strong woman's journey to reclaim her past and find her place in a changing world.,,,"I picked this book because of its beautiful cover and title, without any expectations, but it turned out to be one of the best books I’ve read in 2024. Set during a time when Afghanistan was on a path to progress—under the influence of Western culture—this novel captures a moment when women had a voice, were respected, and the country was led by visionaries who dreamed of modernization. The story revolves around Sitara, a 10-year-old girl who witnesses the brutal murder of her entire family during a coup. Miraculously saved by a soldier, she is handed over to an American diplomat who adopts her and takes her away from Afghanistan. Years later, Sitara, now a strong, resilient woman, returns to her homeland to find the remains of her family and give them a proper burial.<br/><br/>What I Loved About the Book :<br/><br/>- The depiction of a progressive Afghanistan, where leaders dreamed of a future where tradition and modernity coexisted.<br/>- Sitara’s transformation from a traumatized child to a strong, independent woman, determined to confront her painful past.<br/>- Her deep bond with her father, who always encouraged her to be strong and fearless, even as a child.<br/>- The bond between Sitara and her adoptive family, especially her mother Nia and grandmother Tilly, which added emotional depth to the story.<br/>- The way the book offers glimpses of Afghanistan’s beauty and culture, contrasting with the later tragedies that befell the nation.<br/>- The bittersweet but fulfilling conclusion, where Sitara finds closure from her haunted past and happiness with Clay.<br/><br/>In conclusion, this book transported me to a time when Afghanistan was on the cusp of change, giving a glimpse of the country's lost potential. Sitara’s story of survival and strength, combined with Nadia Hashimi’s powerful storytelling, has made her an auto-buy author for me. Despite the heartbreak, I found hope in Sitara’s journey, and I’m left with a wish for Afghanistan to find its sunshine once more. ❤️",2024-10-16,2024-10-05,0,
"Angels & Demons (Robert Langdon, #1)",Dan Brown,,9781416524793,read,4,736,Pocket Books,Robert Langdon,Italy,English,,,Thriller; Mystery; Fiction,science vs religion; secret societies; vatican politics; race against time; power and corruption,tense; fast-paced; suspenseful; mysterious,race against the clock; brilliant expert; reluctant hero; ancient secrets,blockbuster thriller; Vatican setting; Robert Langdon; page turner; movie adaptation; art history mystery; level:advanced,Summer Read; Vacation Read,World Bookshelf; Dark & Atmospheric; Page-Turners,"A breathless, high-concept race against time through the secret passages of Vatican City blending art history with explosive suspense.",,,,2024-10-16,2024-10-05,0,
Circe,Madeline Miller,,9780316556347,read,5,393,"Little, Brown and Company",,Greece,,,,Mythology; Literary Fiction,self-discovery; identity; power; loneliness; resilience,emotional; hopeful; atmospheric,mythology retelling; divine politics; character-driven; interiority,Greek mythology; female protagonist; witchcraft; book club pick; translated fiction; level:intermediate,Women's History Month,World Bookshelf; Civilizations Through Books; Civilization · Greece; Around the World in 52 Books; Heartbreaking Reads; Comfort Reads; Dark & Atmospheric,"A beautifully written, modern take on the ancient Greek myth of Circe, perfect for fans of mythology and self-discovery.",,,"Circe"" reimagines the life of the lesser-known Greek goddess Circe, daughter of Helios, the sun god, and Perse, a sea nymph. Cast out by her own kin, Circe discovers her power for witchcraft and is exiled to the island of Aiaia, where she refines her magical abilities. Amid the loneliness of her remote existence, Circe grows as she navigates complex encounters with both mortals and gods. Through Miller’s empathetic storytelling, Circe’s journey of self-discovery unfolds, transforming her into a character of profound resilience and complexity.<br/><br/>One of the book’s greatest strengths is Miller’s unique and modernized perspective on Circe’s myth. The author goes beyond traditional portrayals to develop Circe as a nuanced, layered figure who grows from a misunderstood, isolated child to a powerful and self-aware woman. Miller’s narrative style adds a contemporary voice to Circe’s ancient world, drawing readers into her struggles, emotional depth, and moments of self-realization in a way that feels strikingly relevant.<br/>✨<br/>Miller also does complete justice to the mythological backdrop, honoring these ancient figures while giving them a new human dimension. Gods, heroes, and monsters are depicted with flaws and emotions, making even the divine figures relatable. The world-building is rich and immersive, with vivid descriptions of Aiaia’s enchanted landscapes, potions, and magic that bring ancient Greece alive in all its mystique and beauty.<br/><br/>While some sections of the book may feel prolonged due to Miller's focus on detail, these passages contribute to a deeper understanding of Circe’s emotional world. Her quiet reflections on love, isolation, and identity ultimately shape her into one of modern literature's most memorable heroines. <br/>✨<br/>In conclusion, Circe is a beautifully crafted and immersive reimagining of Greek mythology, ideal for anyone who enjoys myth retellings with powerful, introspective characters. Through Miller’s captivating storytelling, Circe’s tale resonates as a celebration of transformation, independence, and the strength to forge one’s own path.",2024-11-02,2024-10-24,0,
"Empire of Flame and Thorns (Flame and Thorns, #1)",Marion Blackwood,,9789198904260,read,3,366,Black Dagger Publishing,Flame and Thorns,United States,English,,,Fantasy; Historical Fiction,power; identity; war; loyalty; redemption,epic; intense; emotional,chosen one; prophecy,book one in a series; fantasy debut; historical fiction; book club pick; under 400 pages,Halloween; Autumn,World Bookshelf; Heartbreaking Reads; Dark & Atmospheric,A gripping epic fantasy that explores the complexities of power and identity in a richly detailed world.,,,,2024-11-02,2024-10-24,0,
Spilled Ink,Nadia Hashimi,,9780063060494,read,5,336,Quill Tree Books,,Afghanistan,,,,Young Adult; Literary Fiction; Social Justice,racism; prejudice; identity; community; family; cultural heritage; social justice,heartfelt; inspiring; relatable; thought-provoking,coming of age; found identity; character-driven; interiority,Afghan author; immigrant story; YA novel; book club pick; Diversity Reads; Social Justice Fiction; level:intermediate,Black History Month; Asian American and Pacific Islander Heritage Month,World Bookshelf; Middle East & North Africa; Around the World in 52 Books,A powerful and thought-provoking read that explores the struggles and resilience of Afghan immigrants.,,,"After being moved by 'The Spark Like Stars', I couldn’t resist picking up Nadia Hashimi’s YA novel 'The Spilled Ink', and it did not disappoint. The story follows Yalda, an Afghan American teenager, whose twin brother, Yusuf, takes a stand against hate speech during his band’s performance. His bold act triggers a wave of controversy in their small Virginia town, putting their family’s restaurant and livelihood at risk. When Yusuf suffers a mysterious injury, Yalda is forced to confront her fears and a divided community while trying to find her own voice and make a difference. <br/><br/>- The book explores racism, prejudice, and the challenges immigrant families face in finding acceptance. <br/>- A viral video highlights the power and risks of social media in amplifying tensions. <br/>- Yalda’s Afghan roots and her family’s efforts to preserve their cultural identity are portrayed beautifully. <br/>- The story emphasizes the strength of family bonds and the support of the Afghan refugee community. <br/>- Yalda’s personal growth and her fight for justice are both inspiring and relatable. <br/><br/>What I loved most about 'The Spilled Ink' is its honest depiction of the struggles and resilience of Afghan immigrants. Yalda’s journey of self-discovery is both empowering and moving, and Hashimi’s evocative writing brings every emotion to life. The novel balances complex themes with heartfelt storytelling, making it a powerful and thought-provoking read. <br/><br/>In conclusion, 'The Spilled Ink' is a timely and deeply impactful novel that sheds light on important social issues while delivering a story of courage and hope. Nadia Hashimi has once again created a masterpiece that stays with you long after the final page. A must-read for those who enjoy stories with depth and heart.",2024-11-20,2024-10-24,0,
"Powerless (The Powerless Trilogy, #1)",Lauren Roberts,,,read,5,526,,The Powerless Trilogy,United States,English,,,Fantasy; Science Fiction; Young Adult,survival; rebellion; power dynamics; social hierarchy,intense; thought-provoking; emotional,chosen one; dystopian society,YA dystopian; book one in a trilogy; strong female protagonist; social commentary; fast-paced plot; level:advanced,summer read; back to school,World Bookshelf; Heartbreaking Reads; Dark & Atmospheric,A gripping and thought-provoking start to a thrilling trilogy.,,,Spellbounding,2024-11-27,2024-11-20,0,
"Reckless (The Powerless Trilogy, #2)",Lauren Roberts,,,read,5,396,Simon & Schuster Children's UK,The Powerless Trilogy,United States,English,,,Young Adult; Fantasy; Thriller,rebellion; power dynamics; self-discovery; friendship,intense; emotional; fast-paced,chosen one; tragic love story,YA dystopian; book club pick; trilogy; thrilling read; Simon & Schuster,summer read; back to school,World Bookshelf; Heartbreaking Reads; Dark & Atmospheric; Page-Turners,A thrilling and intense read that will keep you on the edge of your seat.,,,Thrilling,2024-11-27,2024-11-27,0,
Mahadevi The Unseen Truth Behind Existence,Priyanka Sharma Kaintura,,9781513695570,read,5,287,Rumour Books India,,India,English,,,Mythology; Literary Fiction,divine feminine; existence; power; love; war; complexity,thought-provoking; engaging; insightful,mythology retelling; divine politics; character-driven; interiority,Indian author; Hindu mythology; divine feminine; women's empowerment; book club pick; translated fiction; level:intermediate,Diwali; Women's History Month,India Bookshelf; Roots of Bharat; Indian Mythology Retellings; Indian Literary Fiction,A thought-provoking exploration of Hindu mythology and the divine feminine.,,,"*Mahadevi* offers a fresh and intriguing perspective on the divine feminine, blending mythology with contemporary storytelling in a way that’s both thought-provoking and engaging. The book is split into two parts, each offering a distinct yet interconnected exploration of divine power.  <br/><br/>In Part One, Aadi Shakti Mahadevi narrates a cosmic tale of gods, goddesses, and the birth of the universe. Set against the backdrop of celestial beings and the eternal struggle between right and wrong, this section immerses the reader in an epic journey that delves into love, war, and the complexities of existence. The author’s storytelling draws readers into a fascinating multiverse where divine and earthly realms intertwine.  <br/><br/>Part Two takes a different approach, focusing on nine stories that highlight the often-overlooked qualities of Mahadevi within ordinary women of today. These stories, many based on real-life events, shed light on the subtle yet powerful strength and divinity that women embody in their everyday lives.  <br/><br/>What makes *Mahadevi* stand out is Kaintura’s ability to marry ancient myths with modern sensibilities. The writing style is engaging, making complex philosophical and spiritual ideas accessible to all readers. The book highlights the resilience and spiritual depth of women, presenting them as the living embodiments of divine energy.  <br/><br/>This book offers a unique and insightful exploration of Hindu mythology, and it does so in a way that challenges conventional perceptions. *Mahadevi* is an excellent read for those looking to dive deeper into the concepts of womanhood, mythology, and divine power. It’s an enlightening and empowering experience that leaves readers with a new appreciation for the feminine force in both mythology and life.",2024-11-28,2024-11-20,0,
"Powerful (The Powerless Trilogy, #1.5)",Lauren Roberts,,,read,5,272,Simon & Schuster Children's UK,The Powerless Trilogy,United States,English,,,Young Adult; Fantasy,self-discovery; friendship; power struggles,emotional; hopeful; inspiring,chosen one; found family,YA fantasy; book club pick; coming-of-age story; high fantasy; new adult fiction; level:beginner,summer read; back to school,World Bookshelf; Heartbreaking Reads; Comfort Reads,A heartwarming and inspiring tale of self-discovery and friendship.,,,,2024-12-06,2024-11-27,0,
The Lantern of Lost Memories,Sanaka Hiiragi,,9781538757437,read,5,208,Grand Central Publishing,,Japan,,,,Literary Fiction; Mythology,memory; loss; identity,heartwarming; hopeful,character-driven; interiority; mythology retelling; divine politics,Japanese author; heartwarming story; book club pick; under 300 pages; level:intermediate,,World Bookshelf; Civilizations Through Books; Civilization · Japan; Around the World in 52 Books; East Asia Shelf; Comfort Reads,A beautifully written exploration of memory and identity.,,,A nice heartwarming read❤️❤️,2024-12-06,2024-10-24,0,
"Inferno (Robert Langdon, #4)",Dan Brown,,9780385537858,read,5,463,Doubleday,Robert Langdon,United States,English,,,Thriller; Mystery,art; religion; history,fast-paced; intense,twist ending; unreliable narrator; whodunit; red herrings,Dan Brown; Robert Langdon series; book club pick; summer read; airport thriller,summer read,World Bookshelf; Dark & Atmospheric; Page-Turners,"A fast-paced, thrilling ride through art, history, and conspiracy.",,,,2024-12-06,2024-12-06,0,
The Weapon Of Lord Shiva Trishul: Book 3 of KAVAACH Trilogy,Pranay Bhalerao,,,read,4,331,Pranay,KAVAACH Trilogy,India,English,,,Mythology; Fiction; Thriller,prophecy; power; Dharma; Adharma; vengeance; transformation; identity,gripping; intense; emotional; immersive,chosen one; prophecy; good vs evil,Indian author; mythology story; book club pick; translated fiction; under 300 pages; level:intermediate,Diwali; Navratri,India Bookshelf; Roots of Bharat; Indian Mythology Retellings; The Epic Project; Epic · Karna; Heartbreaking Reads; Dark & Atmospheric; Page-Turners,A gripping conclusion to the Kavach Trilogy that blends mythology and fiction with a thrilling narrative.,,,"Book Review: Trishul by Paranay Bhalerao<br/><br/>The final installment of the Kavach Trilogy, Trishul, by Paranay Bhalerao, is a thrilling conclusion to a saga blending mythology and fiction. With a gripping narrative that spans across timelines, the book takes readers on a journey filled with prophecy, power, and the eternal clash of Dharma and Adharma.<br/><br/>The story revolves around Shaurya’s relentless quest for Lord Shiva’s ultimate weapon, the Trishul, while the prophecy about the Kavach—""The one who breaks the Kavach must die""—adds a layer of tension. As Shaurya and Rudra take the spotlight with their intense conflict, Teena’s transformation and her path of vengeance bring emotional depth to the narrative.<br/><br/>Bhalerao’s storytelling is exceptional. The seamless shifts between 555 BCE and the present day, combined with vivid descriptions of settings like Konark and the Himalayan mountains, make for an immersive experience. The narrative's balance of mythological lore and modern-day intrigue keeps the reader hooked throughout.<br/><br/>However, I found Isha’s storyline a bit underwhelming. Compared to the high-stakes arcs of Shaurya and Rudra, her character felt sidelined, and her presence did not add much to the central plot, leaving a loose end in an otherwise tightly woven story.<br/><br/>Despite this, Trishul is a remarkable read. The author’s ability to blend ancient myths, like the Kavach of Karna, with modern storytelling is commendable. Each twist keeps the tension alive, and the characters’ struggles feel genuine and relatable.<br/><br/>Highly recommended for fans of mythological fiction, Trishul is a fitting finale to the Kavach Trilogy. Paranay Bhalerao delivers a tale that lingers in your mind, making it a must-read for anyone who enjoys a blend of mythology and suspense.",2024-12-23,2024-12-23,0,
"After You (Me Before You, #2)",Jojo Moyes,,,read,5,352,Penguin Books,Me Before You,United Kingdom,English,,,Romance; Fiction,love; loss; healing; second chance,heartwarming; uplifting; emotional,slow burn; emotional payoff,book club pick; romance novel; happy ending; sequel; women's fiction,Valentine's Day; Women's History Month,World Bookshelf; Heartbreaking Reads; Comfort Reads,A perfect read for those seeking a happy ending and a second chance at love.,,,Finally a happy ending,2024-12-28,2024-12-06,0,
White Nights,Fyodor Dostoevsky,,,currently-reading,,82,,,Russia,Russian,,,Literary Fiction; Psychological Fiction,madness; guilt; morality; redemption; obsession,atmospheric; intense; thought-provoking; dark,obsessive love; guilt-ridden protagonist,Russian author; classic literature; book club pick; short read; philosophical themes; level:intermediate; gem:classic,winter reading; book club pick,World Bookshelf; Dark & Atmospheric,A haunting and thought-provoking exploration of the human psyche.,,,,,2025-01-04,0,
Remarkably Bright Creatures,Shelby Van Pelt,,9780063204157,read,5,360,Ecco,,United States,English,,,Literary Fiction; Magical Realism,grief; healing; connection; loss; friendship,heartwarming; delightful; humorous; emotional,character-driven; interiority,book club pick; January read; heartwarming story; friendship story; magical realism; under 300 pages; level:intermediate,Winter; Book Club,World Bookshelf; Heartbreaking Reads; Comfort Reads,"A poignant tale about the healing power of friendship, set against the fascinating backdrop of marine life.",,,"Our book club, Chapter Chatters, picked this as january read, and it turned out to be a heartwarming, delightful experience. At the center of this beautifully crafted story is an unlikely friendship between Tova Sullivan, a 70-year-old widow, and Marcellus, a giant Pacific octopus. Their bond is both unique and profoundly moving, stealing the show and anchoring the novel in themes of loss, healing, and connection. <br/><br/>Tova, grieving the loss of her son and living a quiet, solitary life, takes up a job cleaning the Sowell Bay Aquarium. There, she meets Marcellus, whose sharp wit and observant nature make him an unforgettable narrator. Marcellus isn’t just a charming character; his chapters are laced with humor, wisdom, and fascinating facts about marine life. Through him, we gain an incredible perspective on the intelligence of octopuses and the mysteries of the underwater world. <br/><br/>Van Pelt’s storytelling is a perfect balance of lighthearted moments and emotional depth. The way she weaves Tova’s journey toward uncovering her past with Marcellus’s observations is seamless and deeply engaging. Along the way, we also meet other compelling characters like Cameron, a young man searching for his roots, who adds another layer of intrigue. <br/><br/>The book opened up so many fascinating insights about marine life while delivering a poignant tale about the healing power of friendship—even from the most unexpected sources. Tova and Marcellus’s connection was a favorite discussion point for our book club, and it’s one that will resonate with readers long after the last page. <br/><br/>If you’re looking for a story that is equal parts heartwarming and thought-provoking, 'Remarkably Bright Creatures' is a perfect pick. It’s a book that will make you laugh, cry, and marvel at the wonders of the natural world.",2025-01-22,2025-01-04,0,
"The Pumpkin Spice Café (Dream Harbor, #1)",Laurie Gilmore,,9780008610661,read,5,376,HarperCollins,,United States,English,,,Romance; Women's Fiction; Contemporary,small-town life; romance; fall vibes; cozy atmosphere,heartwarming; swoon-worthy; dreamy; comforting,slow burn; emotional payoff,small-town romance; cozy read; fall-themed; book club pick; women's fiction,Fall; Winter,World Bookshelf; Comfort Reads,"A heartwarming, swoon-worthy romance set in a charming small town, perfect for a cozy read.",,,"Starting 2025 with 'The Pumpkin Spice Café' was the coziest decision ever. This book lives up to all the hype and delivers everything you'd expect from a warm, romantic read. <br/><br/>Set in a picturesque small town called 'the Dream Harbour', the story is brimming with dreamy fall vibes—think crisp air, golden leaves, and the comforting aroma of pumpkin spice. The quaint café at the heart of the story feels like a place you'd want to visit, with its welcoming atmosphere and lively characters. <br/><br/>The romance between jeanie and Logan, is the perfect mix of heartwarming and sizzling. The chemistry between the protagonists is undeniable, and their love story feels so genuine and swoon-worthy that you’ll find yourself grinning at every stolen glance and heartfelt moment. <br/><br/>But what truly makes this book special is its atmosphere. Author masterfully creates a world where every detail—from the vibrant small-town setting to the cozy café scenes—feels like a warm hug. It’s a book that transports you, making you want to curl up with a blanket and lose yourself in its charm. <br/><br/>If you're looking for a feel-good read with small-town charm, dreamy fall aesthetics, and a swoon-worthy romance, this is your perfect pick. It’s an ideal escape for anyone who loves cozy, romantic stories with just the right amount of spice. <br/><br/>'The Pumpkin Spice Café' is more than just a book—it’s an experience. And for me, it was the best way to start the year on a dreamy, comforting note. Highly recommended!",2025-01-22,2025-01-04,0,
IQ84,Haruki Murakami,,,read,5,928,,,Japan,Japanese,,,Literary Fiction; Magical Realism; Thriller,obsession; identity; disappearance; memory; love,atmospheric; haunting; melancholic; mysterious,missing person; parallel universes,Japanese author; translated fiction; book club pick; mystery; literary fiction; long read; complex characters; level:advanced,rainy day read; winter reading,World Bookshelf; Civilizations Through Books; Civilization · Japan; Around the World in 52 Books; East Asia Shelf; Heartbreaking Reads; Dark & Atmospheric; Page-Turners,A haunting and atmospheric thriller that explores the complexities of human identity.,,,,2025-01-22,2024-08-08,0,
"Iron Flame (The Empyrean, #2)",Rebecca Yarros,,9781649374172,read,5,623,Entangled: Red Tower Books,The Empyrean,United States,English,,,Fantasy; Romance,love; self-discovery; friendship,emotional; intense; hopeful,fated love; found family,paranormal romance; book 2 in series; adult fiction; new adult; book club pick; level:advanced,Valentine's Day; Galentine's Day,World Bookshelf; Heartbreaking Reads; Comfort Reads; Dark & Atmospheric,A captivating and emotional ride that will leave you breathless and yearning for more.,,,,2025-01-31,2025-01-22,0,
The Discomfort of Evening,Lucas Rijneveld,,9780571349364,want-to-read,,282,Faber & Faber,,Netherlands,Dutch,,,Literary Fiction,grief; identity; trauma; family; coming of age; mental health,haunting; atmospheric; dark,character-driven; interiority,Dutch author; translated fiction; book club pick; under 300 pages; literary debut; family drama; level:intermediate,winter read; Mental Health Awareness Month,World Bookshelf; Dark & Atmospheric,"A stunning and unsettling debut that explores the complexities of family, trauma, and mental health.",,,,,2021-11-27,0,
To Love Again,Danielle Steel,,9780751505627,want-to-read,,,Warner Books,,United States,English,,,Romance,love; loss; second chances; self-discovery; relationships,emotional; heartwarming; uplifting,slow burn; emotional payoff,romance novel; contemporary fiction; women's fiction; love story; Danielle Steel book,Valentine's Day; summer read,World Bookshelf; Heartbreaking Reads; Comfort Reads,"A heartwarming love story about second chances and self-discovery, perfect for fans of contemporary romance.",,,,,2023-04-04,0,
The Book Thief,Markus Zusak,,,read,5,592,Alfred A. Knopf,,Germany,English,,,Historical Fiction; Literary Fiction; War Fiction,grief; identity; power of words; resilience; friendship; loss; coming-of-age,heartbreaking; hopeful; atmospheric; poignant; bittersweet,Narrator is Death; Found family; Book lover protagonist; War setting,World War II; Holocaust; Book lover; Narrated by Death; Emotional read; Book club pick; Award-winning; Coming-of-age; level:advanced,Holocaust Memorial Day; Remembrance Day; Winter read; Rainy day,World Bookshelf; Heartbreaking Reads; Comfort Reads; Dark & Atmospheric,"A lyrical, heart‑wrenching tale that shows how words can sustain humanity even in the darkest times.",,,"Set in Nazi Germany during World War II, ""The Book Thief"" is a deeply moving story narrated by Death itself. It follows Liesel Meminger, a young girl sent to live with foster parents in a small town near Munich. As she struggles to adapt to her new life, she finds solace in books—some stolen, some gifted—and in the unbreakable bonds she forms with those around her. <br/><br/>This book had been on my TBR for so long, but I was hesitant to pick it up. It wasn’t until my friend  insisted that I finally did—and I’m so glad they did. Initially, I found myself confused as the story took time to settle, but once it did, I was completely engrossed. <br/><br/>""The Book Thief"" is one of the most heartbreaking books I’ve ever read. By the time I reached the final pages, I was in tears. The last scene, set after the bombing, shattered me into pieces. And that one moment—when Liesel kisses Rudy—was utterly devastating. <br/><br/>Beyond its emotional weight, what makes this book truly unforgettable is its beautifully poetic writing and deeply human characters. My favorite was Liesel’s foster father, Hans Hubermann—his patience, kindness, and unwavering support for her during her nightmares made my heart ache in the best way. And the innocent, playful friendship between Liesel and Rudy was just as precious. <br/><br/>Despite the heartbreak, I would recommend ""The Book Thief"" to everyone. It’s a story that lingers, a reminder of the power of words, love, and resilience even in the darkest times.",2024-12-06,2021-10-31,0,
"The Full Moon Coffee Shop (The Full Moon Coffee Shop, #1)",Mai Mochizuki,,9780593726822,read,5,240,Ballantine Books,The Full Moon Coffee Shop,Japan,,,,Romance; Women's Fiction,friendship; love; self-discovery,heartwarming; uplifting,slow burn; emotional payoff,women's fiction; romance novel; book club pick; light read; coffee shop setting,Valentine's Day; Galentine's Day,World Bookshelf; Civilizations Through Books; Civilization · Japan; Around the World in 52 Books; East Asia Shelf; Comfort Reads,"A delightful, feel-good read perfect for coffee lovers and romance fans.",,,,2025-02-15,2025-01-31,0,
Onyx Storm (Fourth Wing #3),Rebecca Yarros,,9789020554137,read,5,663,Z&K,Fourth Wing,United States,English,,,Romance; Fantasy; Young Adult,love; self-discovery; friendship; good vs evil,emotional; intense; hopeful,fated love; chosen one,paranormal romance; urban fantasy; young adult fiction; book 3 in a series; series finale; level:advanced,summer read; vacation read,World Bookshelf; Heartbreaking Reads; Comfort Reads; Dark & Atmospheric,"A heart-pumping, emotional ride that will keep you on the edge of your seat until the very end.",,,,2025-02-15,2025-01-22,0,
"When the Moon Hatched (Moonfall, #1)",Sarah A. Parker,,,read,5,718,,Moonfall,United Kingdom,English,,,Fantasy; Young Adult; Romance,first love; self-discovery; friendship; family; love,heartwarming; romantic; magical; uplifting,Forbidden Love; Chosen One,YA romance; paranormal romance; book club pick; summer read; new adult; level:advanced,Valentine's Day; Summer Solstice,World Bookshelf; Comfort Reads,A captivating and romantic tale of first love and self-discovery.,,,,2025-02-15,2025-01-09,0,
"More Days at the Morisaki Bookshop (Days at the Morisaki Bookshop, #2)",Satoshi Yagisawa,,9780063278714,read,4,167,Harper Perennial,Days at the Morisaki Bookshop,Japan,Japanese,,,Literary Fiction; Romance,found love; self-discovery; small town life,heartwarming; whimsical; uplifting,character-driven; interiority; slow burn; emotional payoff,Japanese author; bookshop setting; romance novel; book lovers; small town story; level:intermediate,Valentine's Day; Spring,World Bookshelf; Civilizations Through Books; Civilization · Japan; Around the World in 52 Books; East Asia Shelf; Comfort Reads,A delightful romance novel that will transport you to a charming Japanese bookshop.,,,,2025-02-15,2024-08-30,0,
"Better Than the Movies (Better Than the Movies, #1)",Lynn Painter,,9781534467620,read,5,356,Simon & Schuster Books for Young Readers,"Better Than the Movies, #1",United States,English,,,Young Adult; Romance; Contemporary,first love; self-discovery; friendship,heartwarming; uplifting; humorous,coming of age; found identity; slow burn; emotional payoff,YA romance; new adult; romantic comedy; book club pick; summer read,summer read; back to school,World Bookshelf; Comfort Reads,A charming and humorous take on first love and self-discovery.,,,,2025-02-15,2025-02-15,0,
Anxious People,Fredrik Backman,,9781982169633,read,5,336,Atria Publishing,,Sweden,Swedish,,,Literary Fiction; Psychological Fiction; Comedy,anxiety; marriage; community; social class,humorous; heartwarming; relatable,character-driven; interiority,book club pick; translated fiction; under 300 pages; Swedish author; relatable characters; level:intermediate,spring read; summer read,World Bookshelf; Comfort Reads,A feel-good story about the power of human connection and community.,,,,2025-02-15,2024-12-06,0,
Stone Blind,Natalie Haynes,,9780063258396,read,4,373,Harper,,Greece,,,,Historical Fiction; Mythology; Literary Fiction,grief; identity; power dynamics; cruelty; feminism,thought-provoking; atmospheric; engaging,period setting; social constraints; mythology retelling; divine politics; character-driven; interiority,Greek mythology; Women's History Month; book club pick; translated fiction; under 300 pages; level:intermediate,Women's History Month,World Bookshelf; Civilizations Through Books; Civilization · Greece; Around the World in 52 Books; Dark & Atmospheric,A thought-provoking exploration of power dynamics and feminism through the lens of ancient Greek mythology.,,,"For our book club *Fates & Fabes*, we chose *Stone Blind* by Natalie Haynes as our March read, aligning with Women’s History Month. Medusa is one of the most misunderstood figures in mythology, and I was eager to see her story from a fresh perspective. However, while the book was a compelling read, I found myself wanting more of Medusa’s voice.  <br/><br/>Rather than being solely focused on Medusa, *Stone Blind* weaves together multiple narratives—gods, mortals, and creatures—all giving their version of events. While this added depth to the story, it also diluted Medusa’s presence. I had hoped for a stronger, more personal account of her experiences, but she often felt lost among the many perspectives. That said, the author’s storytelling was captivating. Natalie Haynes has a way of making ancient myths feel modern, questioning long-held beliefs, and challenging our understanding of who the real monsters are.  <br/><br/>One of the most thought-provoking aspects of this book was its portrayal of the Greek gods. It reinforced something I’ve often felt—these so-called divine beings are far from noble. Instead, they are driven by selfish desires, lust, jealousy, and vengeance, often inflicting suffering on mortals just because they can. Their actions make them seem worse than the humans they rule over. This book highlighted how myths have long justified cruelty, especially towards women, under the guise of divine will.  <br/><br/>Despite my wish for a more Medusa-centric narrative, I appreciated how *Stone Blind* challenged the traditional villainization of her character. It made me question how many “monsters” in history were simply victims of those in power.",2025-03-25,2025-03-22,0,
A House Without Windows,Nadia Hashimi,,9780062449689,read,5,415,William Morrow,,Afghanistan,,,,Literary Fiction; Historical Fiction,grief; identity; resilience; patriarchy; mother-daughter relationships,heartbreaking; hopeful; emotional,character-driven; interiority; period setting; social constraints,Afghan author; Women's History Month; book club pick; domestic fiction; literary fiction; level:intermediate,Women's History Month,World Bookshelf; Middle East & North Africa; Around the World in 52 Books; Heartbreaking Reads; Comfort Reads,A heart-wrenching and thought-provoking exploration of women's resilience in the face of patriarchal oppression.,,,"After reading *Sparks Like Stars*, this is my third book by Nadia Hashimi, and I can confidently say she is now an auto-buy author for me. Her storytelling has a way of immersing you in the lives of Afghan women, bringing to light their struggles, resilience, and unbreakable spirit.  <br/><br/>We picked this book as our 'Chapter Chatters' Bookclub's March BOTM resonating with the March being Women in history month.  Set in Afghanistan, *The House Without Windows* tells the heartbreaking yet powerful story of Zeba, a woman imprisoned for a crime against her husband. But she is not alone—her story echoes those of countless women in Chil Mehtab, a prison filled with others who have been condemned not for their actions, but for daring to survive in a society that punishes them for defending themselves.  <br/><br/>One of the most compelling aspects of this book was the narration. While Zeba’s journey is central, her mother truly stole the limelight, emerging as a fierce and strong-willed woman from the very beginning. Her presence in the story was powerful, shaping Zeba’s own resilience. And then there’s Basir—Zeba’s son—whose maturity and unwavering support for his mother made him one of the most admirable characters. Despite everything, he stood by her, embodying strength beyond his years.  <br/><br/>The book is deeply emotional, making you question the injustice women face and the way their lives are dictated by patriarchal norms. Yet, what I love most about Nadia Hashimi’s books is that they always end on a hopeful note. After all the pain and struggle, the story leaves you with the belief that change is possible—that someday, women in Afghanistan will live with the freedom they deserve.  <br/><br/>This book was heartbreaking yet uplifting, filled with powerful moments of love, sacrifice, and resilience. If you haven’t read Nadia Hashimi yet, I highly recommend picking up her books. They stay with you long after you’ve turned the last page.",2025-03-25,2025-03-22,0,
Mandodari: The Sati Series IV,Koral Dasgupta,,9789395624633,read,5,304,Pan Macmillan India,The Sati Series,India,English,,,Mythology; Literary Fiction,grief; identity; partition; war; found family,heartbreaking; hopeful; atmospheric,mythology retelling; divine politics; character-driven; interiority; historical trauma,Indian author; partition story; book club pick; translated fiction; under 300 pages; level:intermediate,Diwali; Women's History Month,India Bookshelf; Roots of Bharat; Indian Mythology Retellings; Partition Stories; Indian Literary Fiction; The Epic Project; Epic · Mandodari; Heartbreaking Reads; Comfort Reads; Dark & Atmospheric,"A nuanced and immersive retelling of Mandodari's story, perfect for fans of Indian mythology and literary fiction.",,,"*Koral Das Gupta’s Sati Series* has been an absolute delight to read, and *Mandodari* was no exception. This was my fourth book in the series, and with every installment, I find myself completely engrossed in the powerful narratives of mythology’s often-overlooked women.  <br/><br/>Told from Mandodari’s perspective, this book offers a fresh and compelling take on the woman who stood beside Raavan—the great king, the feared warrior, and the deeply flawed man. What sets this story apart is how Mandodari is not just portrayed as Raavan’s wife but as an individual with her own strengths, intellect, and emotions. She is defined by her brilliance as an architect, a skill she inherited from her father, but she is also a woman who struggles between duty and personal anguish.  <br/><br/>Throughout the book, we witness Mandodari’s journey—her love, her pain, and the burden of being married to a man who was both powerful and self-destructive. She sees his greatness but also his downfall, and the emotional turmoil she endures is deeply moving. Unlike the typical portrayal of Raavan as just a villain, this book gives a nuanced view of their relationship—one filled with admiration, frustration, and heartbreak.  <br/><br/>As always, Koral Das Gupta’s writing is mesmerizing. She has a way of breathing life into mythology’s female protagonists, making their stories impossible to put down. Her storytelling is immersive, her prose flows beautifully, and she makes you crave more even after the last page is turned.  <br/><br/>This was a refreshing and thought-provoking read, shedding light on a woman often overshadowed in the grand narratives of the Ramayana. Highly recommended for anyone who loves mythology, especially stories that reclaim the voices of strong yet forgotten women.",2025-03-25,2025-02-15,0,
Babel,R.F. Kuang,,9780063021426,read,5,544,Harper Voyager,,China,English,,,Literary Fiction; Fantasy; Historical Fiction,colonialism; power; friendship; adventure; language; translation,atmospheric; hopeful; heartbreaking; emotional,found family; magical realism,Indian author; translated fiction; book club pick; classic; literary fiction; under 300 pages; level:advanced; gem:classic,Academic Season; Book Club Season,India Bookshelf; Indian Historical Fiction; Indian Literary Fiction; Civilizations Through Books; Civilization · China; Around the World in 52 Books; East Asia Shelf; Heartbreaking Reads; Comfort Reads; Dark & Atmospheric,A stunning and ambitious novel that will make you think about the power of language and the weight of history.,,,"This book had been on my TBR for so long—partly because of its stunning aesthetic cover and partly because of the glowing reviews. Finally, thanks to my friend for gifting me a copy and convincing me to pick it up!  <br/><br/>I’ll admit, I’m not usually a fan of classics or dense literary fiction, and at first, *Babel* felt a bit slow with its deep dive into grammar and etymology. But once the magic of silver and translation came into play, I was completely hooked. The way R.F. Kuang intertwined language, colonialism, and power was nothing short of brilliant. It made me think about how words shape our world and who gets to control their meaning.  <br/><br/>As for the characters, I truly enjoyed the dynamic between Robin and Rafi. Their friendship, their adventures, and the camaraderie they shared made the book all the more engaging. So, when the ending came… let’s just say, I was *not* ready. I didn’t know what I was expecting, but definitely not *that*! The emotional weight of their deaths hit hard, leaving a sense of devastation that lingered long after I turned the last page.  <br/><br/>Would I recommend *Babel*? Absolutely. It’s a deeply intellectual, thought-provoking, and ambitious novel. But would I reread it? Probably not. It took me weeks to finish, and while I loved the experience, it’s not the kind of book I’d revisit soon. The writing style, though, was phenomenal—R.F. Kuang’s meticulous research on language and grammatica was evident on every page, and I truly appreciated the depth she brought to the story.  <br/><br/>Overall, *Babel* was a unique reading experience, blending fantasy, history, and linguistics in a way I’ve never seen before. While it may not be a book I’ll revisit, I’m definitely intrigued to pick up more from the author in the future.",2025-04-06,2025-03-22,0,
There Are Rivers in the Sky,Elif Shafak,,9780593801710,read,5,446,Knopf,,Turkey,Turkish,,,Literary Fiction; Mythology; Historical Fiction,identity; heritage; war; found family; resilience; heartbreak; redemption,atmospheric; hopeful; heartbreaking; emotional,magical realism; non-linear storytelling; multiple timelines,Elif Shafak; translated fiction; book club pick; historical fiction; mythology; literary fiction; water as a symbol; Middle Eastern literature; level:intermediate,World Literature Day; International Women's Day,World Bookshelf; Middle East & North Africa; Around the World in 52 Books; Heartbreaking Reads; Comfort Reads; Dark & Atmospheric,"A beautifully written, thought-provoking exploration of identity, heritage, and the power of storytelling.",,,"Elif Shafak has cemented herself as my auto-buy author, and this book once again reminded me why. The way she seamlessly blends mythology with history and the present is nothing short of mesmerizing. Her storytelling pulls you in, making the past feel alive and the present feel like a continuation of something much older. <br/><br/>This book takes the journey of a single drop of water, flowing from ancient Mesopotamian times to modern-day London, tracing its impact across different civilizations. At first, I found it a bit disorienting—three timelines, three different lives, all interwoven—but as I kept reading, the pieces started falling into place. The storytelling mirrors the movement of water itself—sometimes still, sometimes turbulent, but always finding its way. <br/><br/>What truly stood out for me was Shafak’s ability to make history feel tangible. Her descriptions of places and eras were so vivid that I wanted to visit the ruins of Nineveh, to stand before the grand  Lamassu statues she described so poetically. She makes you feel the weight of time, the importance of heritage, and the unseen threads that connect people across centuries. <br/><br/>The characters added such emotional depth to the narrative. Narin’s story, in particular, stayed with me—the resilience, the pain, the quiet strength. Zaleekhah’s journey of heartbreak and rediscovery felt incredibly raw and real. And amidst it all, the forgotten fragments of the *Epic of Gilgamesh* served as a haunting reminder of how stories, much like water, never truly disappear—they just take new forms. <br/><br/>And the ending? Simply breathtaking. It was one of those rare conclusions that make you sit in silence, absorbing its beauty. This book was not just a story—it was an experience. A slow, immersive, and deeply thought-provoking read that lingers long after the last page. <br/><br/>Would I recommend it? Absolutely. It’s not just a book—it’s a journey. 🌊✨",2025-04-06,2025-03-25,0,
The Wind-Up Bird Chronicle,Haruki Murakami,,9780965341981,want-to-read,,607,Knopf,,Japan,Japanese,,,Magical Realism; Literary Fiction; Surrealism,identity; alienation; love; memory; search for meaning; disillusionment; self-discovery,surreal; dreamlike; melancholic; contemplative,unreliable narrator; mystery; symbolism,Japanese author; magical realism; literary fiction; surreal; book club pick; translated fiction; complex characters; level:advanced,summer read; winter read,World Bookshelf; Civilizations Through Books; Civilization · Japan; Around the World in 52 Books; East Asia Shelf; Heartbreaking Reads,"Dive into the mesmerizing world of Haruki Murakami's 'The Wind-Up Bird Chronicle', a thought-provoking and hauntingly beautiful exploration of the human condition.",,,,,2025-01-31,0,
Letters to Milena,Franz Kafka,,9780805208856,want-to-read,,298,Schocken,,Czech Republic,,,,Literary Fiction; Epistolary,love; loneliness; identity; alienation; human connection; existential crisis; literary passion,melancholic; introspective; emotional; contemplative,character-driven; interiority,classic literature; author's letters; philosophical themes; literary history; European author; 20th century literature; Schocken publisher; under 300 pages; level:intermediate; gem:classic,Valentine's Day; World Book Day,World Bookshelf; Heartbreaking Reads,Read 'Letters to Milena' for a profound and intimate glimpse into the mind of a literary genius.,,,,,2025-01-04,0,
"Tuesdays with Morrie: An Old Man, a Young Man, and Life's Greatest Lesson",Mitch Albom,,,want-to-read,,210,Warner,,United States,English,,,Non-Fiction; Memoir; Self-Help,life lessons; death; meaning of life; mentorship; personal growth; love; forgiveness,inspirational; emotional; reflective; heartwarming,personal reckoning; voice-driven,life lessons; mentorship story; book club pick; inspirational memoir; self-help; meaningful read; emotional story; personal growth,Graduation; New Year's resolutions; Father's Day,World Bookshelf; Heartbreaking Reads; Comfort Reads,"Read this book to discover the power of mentorship, love, and forgiveness, and to learn valuable life lessons from an extraordinary man.",,,,,2022-10-15,0,
"You've Reached Sam (You've Reached Sam, #1)",Dustin Thao,,9781250762030,want-to-read,,296,Wednesday Books,You've Reached Sam,United States,English,,,Young Adult; Contemporary,grief; love; loss; identity; memory; longing; connection,emotional; poignant; dreamy; bittersweet,unrequited love; time loop,YA debut; magical realism; book club pick; summer read; heartbreaking love story; unique narrative; under 300 pages,summer read,World Bookshelf; Heartbreaking Reads,"This beautifully written debut novel explores the complexities of love, loss, and grief in a unique and captivating way, making it a must-read for fans of magical realism and heart-wrenching love stories.",,,,,2023-11-14,0,
Sputnik Sweetheart,Haruki Murakami,,9780099448471,want-to-read,,229,Vintage,,Japan,Japanese,,,Literary Fiction; Magical Realism,identity; love; loneliness; disconnection; self-discovery; technology vs. human connection,melancholic; contemplative; dreamlike; introspective,unreliable narrator; missing person,Japanese author; magical realism; book club pick; translated fiction; literary fiction; under 300 pages; philosophical themes; level:intermediate,summer read; rainy day read,World Bookshelf; Civilizations Through Books; Civilization · Japan; Around the World in 52 Books; East Asia Shelf; Heartbreaking Reads,A mesmerizing and thought-provoking novel that explores the complexities of human relationships and the search for meaning in a chaotic world.,,,,,2023-12-02,0,
"Under One Roof (The STEMinist Novellas, #1)",Ali Hazelwood,,9780593437810,want-to-read,,112,Berkley,The STEMinist Novellas,United States,English,,,Romance; Contemporary,love; identity; career; family; found family; self-discovery,witty; heartwarming; humorous; lighthearted,forced proximity; friends to lovers,rom-com; STEM themes; strong female lead; short read; funny; contemporary romance; new adult; office romance,summer read; beach read,World Bookshelf; Comfort Reads,"A fun, lighthearted romance that combines witty banter with heartfelt moments, perfect for fans of romantic comedies.",,,,,2023-12-31,0,
"Stuck with You (The STEMinist Novellas, #2)",Ali Hazelwood,,,want-to-read,,127,Berkley,The STEMinist Novellas,United States,English,,,Romance; Contemporary,love; career; identity; relationships; independence,witty; heartwarming; humorous,forced proximity,rom-com; STEM heroine; short read; funny; female author; contemporary romance; office romance; friends to lovers,summer read; beach read,World Bookshelf; Comfort Reads,"Read this for a lighthearted, humorous romance with a strong STEM heroine and a swoon-worthy love story.",,,,,2023-12-31,0,
A Little Life,Hanya Yanagihara,,9780385539258,want-to-read,,736,Doubleday,,United States,English,,,Literary Fiction; Psychological Fiction; Drama,trauma; abuse; friendship; identity; grief; mental health; found family,heartbreaking; intense; emotional; haunting,tragic backstory; unreliable narrator; dark secrets,book club pick; triggering content; LGBTQ+ characters; New York setting; long read; award-winning author; character-driven; emotional journey; level:advanced,Mental Health Awareness Month; Pride Month,World Bookshelf; Heartbreaking Reads; Dark & Atmospheric,"A haunting and powerful exploration of trauma, friendship, and the human condition, A Little Life is a must-read for those who appreciate literary fiction and are willing to confront difficult themes.",,,,,2024-01-13,0,
Pride and Prejudice,Jane Austen,,9781542097482,want-to-read,,277,AmazonClassics,,United Kingdom,English,,,Romance; Classics,love; social class; family; identity; marriage; society; morality,witty; romantic; satirical,enemies-to-lovers; social commentary,classic literature; English author; strong female lead; period drama; book club pick; romance classic; Regency era; English countryside; gem:classic,Valentine's Day; summer read,World Bookshelf,"A must-read for anyone who loves romance, witty dialogue, and strong female leads, this classic novel remains a timeless favorite.",,,,,2024-01-23,0,
Theek Tumhare Peechhe - Hindi,Manav Kaul,,,want-to-read,,300,Efinito,,India,Hindi,,,Literary Fiction; Indian Literature,grief; identity; partition; war; found family,heartbreaking; hopeful,character-driven; interiority; historical trauma,Indian author; partition story; book club pick; translated fiction; under 300 pages; level:intermediate,Diwali,India Bookshelf; Partition Stories; Indian Literary Fiction; Heartbreaking Reads; Comfort Reads,A poignant exploration of India's partition through the eyes of a family.,,,,,2024-10-05,0,
"Rooh, A Novel",Manav Kaul,,9780670098033,want-to-read,,256,Penguin India,,India,Hindi,,,Literary Fiction; Indian Literature,identity; family; culture,heartbreaking; hopeful,character-driven; interiority,Indian author; book club pick; translated fiction; under 300 pages; literary fiction; Indian literature; level:intermediate,Diwali; Women's History Month,India Bookshelf; Indian Literary Fiction; Heartbreaking Reads; Comfort Reads,A beautifully written exploration of the complexities of Indian identity.,,,,,2024-04-10,0,
"Asura: Tale Of The Vanquished, The Story of Ravana and His People",Anand Neelakantan,,9789381576052,currently-reading,,500,Platinum Press,,India,English,,,Mythology; Historical Fiction,power; identity; war; loyalty; family,epic; atmospheric; intense,mythology retelling; divine politics; period setting; social constraints,Indian author; mythology story; Hindu mythology; book club pick; translated fiction; level:advanced; gem:classic,Diwali; Navratri,India Bookshelf; Roots of Bharat; Indian Mythology Retellings; Indian Historical Fiction; Dark & Atmospheric,"A fresh take on a classic tale, offering a nuanced exploration of the human condition.",,,,,2025-04-22,0,
"The Housemaid (The Housemaid, #1)",Freida McFadden,,9781803144375,read,5,338,Bookouture,The Housemaid,United States,English,,,Psychological Thriller; Domestic Thriller,desperation; fresh start; unpredictability; secrets; mystery,suspenseful; hooked; fast-paced,,April read; book club pick; domestic thriller; fast read; psychological thriller; shocking plot twist; thriller,April; Women's History Month,World Bookshelf; Page-Turners,"A fast-paced, suspenseful domestic thriller with shocking plot twists and a gripping mystery.",,,"We picked *The Housemaid* as our April read for the **Chapter Chatters** book club, and I couldn’t be happier with the choice. This psychological thriller was fast-paced, full of suspense, and had me hooked right from the beginning. I ended up finishing it in just two days because I *needed* to know what would happen next!<br/><br/>The story revolves around Millie, a woman desperate for a fresh start who accepts a job as a live-in housemaid for the wealthy Winchester family. But as she settles into their luxurious home, it becomes clear that something isn’t right. Nina Winchester is unpredictable, the house is full of secrets, and Millie finds herself walking on eggshells. As the mystery unravels, you realize nothing is as it seems.<br/><br/>What really stood out to me was the way Freida McFadden builds tension. Each chapter ends on a mini cliffhanger, pushing you to keep turning the pages. And Millie’s transformation? Completely unexpected but brilliantly written. Just when you think you’ve figured her out, the story flips. That ending caught me totally off guard, but in the best way.<br/><br/>It’s the kind of thriller that plays with your mind and makes you question every character’s motive. I truly enjoyed reading it and am already tempted to dive into the second book in the series.<br/><br/>If you're into domestic thrillers, shocking plot twists, and fast reads that keep you on edge, *The Housemaid* is definitely worth picking up.",2025-04-22,2025-04-06,0,
The Mysterious Bakery on Rue de Paris,Evie Woods,,9780008713225,read,5,352,One More Chapter,,France,,,,Romance; Mystery; Fantasy,new beginnings; healing; self-discovery; friendship; second chances,heartwarming; cozy; hopeful; magical,slow burn; emotional payoff; whodunit; red herrings; unique magic system; quest,auto-buy author; Paris setting; magical realism; book club pick; women's fiction,Spring; Summer,World Bookshelf; Comfort Reads; Page-Turners,"A heartwarming tale of new beginnings, self-discovery, and the healing power of magic.",,,"Evie Woods is one of my auto-buy authors, and with *A Mysterious Bakery on Rue de Paris*, she once again delivers a beautiful blend of mystery, magic, love, and warmth. I had been eagerly waiting for this release, and it certainly didn’t disappoint. As always, Woods’ writing creates a cozy, heartwarming atmosphere that leaves me smiling long after I’ve turned the last page.<br/><br/><br/>This book is about **Edie Lane**, who leaves behind her life in Ireland, chasing a dream job at a bakery in Paris. However, when she arrives, she finds herself not in Paris but in Compiègne, a charming little town with a bakery that has a reputation for magical pastries. The bakery’s treats are said to offer more than just deliciousness—they have the power to heal sorrow, unlock memories, and even reveal hidden desires. But Edie’s journey is more than just about finding a bakery; it’s about discovering herself, building new friendships, and finding a fresh start after loss.<br/><br/><br/>What I absolutely loved about this book was how it captured the power of new beginnings and the healing process that comes with it. The bakery is more than a setting—it’s a symbol of second chances, fresh starts, and the unexpected magic that can come from embracing new opportunities. The characters were wonderfully real, each dealing with their own struggles, yet finding comfort and growth in the most unexpected ways. The mix of mystery surrounding the bakery’s magic, the light romance, and the underlying themes of love, loss, and renewal made this an unforgettable read.<br/><br/><br/>As always, the happy endings that Woods crafts fill my heart with warmth. The story is a reminder that even when life takes us in unexpected directions, it often leads us exactly where we need to be. It’s a feel-good, uplifting read that will leave you believing in magic, love, and the beauty of starting over.",2025-04-22,2025-04-22,0,
Water Moon,Samantha Sotto Yambao,,9780593724996,read,5,374,Del Rey,,Japan,,,,Fantasy; Literary Fiction,self-discovery; healing; regret; identity; choice,heartwarming; dreamlike; emotional; tender,unique magic system; quest; character-driven; interiority,fantasy; literary fiction; magical realism; Japanese author; book club pick; under 400 pages; level:intermediate,,World Bookshelf; Civilizations Through Books; Civilization · Japan; Around the World in 52 Books; East Asia Shelf; Heartbreaking Reads; Comfort Reads,"A poignant and magical tale of self-discovery, healing, and confronting past choices.",,,"*Water Moon* had been on my TBR for the longest time, drawn in by its magical title and captivating cover. I wasn’t sure what to expect when I started reading, but I’m so glad I picked it up. It turned out to be a beautifully written and heartwarming fantasy that I absolutely loved.<br/><br/>The story follows **Hana Ishikawa**, who inherits a pawnshop in Tokyo where people can trade their deepest regrets. After her father goes missing and the shop is ransacked, Hana embarks on a magical journey with a young physicist to recover a stolen regret and uncover hidden truths. Along the way, they experience mystical worlds filled with rain puddles, paper cranes, and night markets in the clouds, all while Hana confronts a secret of her own.<br/><br/>What really stood out to me in this book was the lyrical, almost dreamlike writing. The blend of fantasy and reality felt seamless, creating a world that was magical yet emotionally grounded. The concept of pawning regrets was unique and thought-provoking, making me reflect on the choices we make and how they shape us. Hana's journey of self-discovery, healing, and confronting past choices was deeply moving.<br/><br/>The relationship between Hana and the physicist was tender and evolving, and the story’s pacing, while slow, allowed the emotional depth to unfold naturally. The magical elements, like the paper cranes and the mystical night market, added a sense of wonder without overshadowing the emotional core of the story. <br/><br/>*Water Moon* is a book that stays with you long after you’ve finished it. It’s whimsical, poignant, and filled with heart, making it a perfect read for anyone who enjoys magical realism and stories about healing, self-discovery, and letting go of regrets.",2025-04-22,2025-04-16,0,
Kaikeyi,Vaishnavi Patel,,9780759557338,read,5,478,Redhook,,India,English,,,Mythology; Literary Fiction,grief; identity; ambition; justice; tradition; destiny,heartbreaking; hopeful; atmospheric; empowering,mythology retelling; divine politics; character-driven; interiority,Indian author; mythology retelling; strong female lead; book club pick; translated fiction; level:intermediate,Women's History Month,India Bookshelf; Roots of Bharat; Indian Mythology Retellings; Indian Literary Fiction; Heartbreaking Reads; Comfort Reads; Dark & Atmospheric,A beautifully written retelling of the Ramayana that challenges age-old beliefs and empowers readers.,,,"We picked *Kaikeyi* as our monthly read for **Fates & Fabes**, our mythology book club—and I honestly couldn’t have asked for a better pick. This book completely changed the way I saw Kaikeyi, a character often painted as a villain in the age-old Ramayana.  <br/><br/>Vaishnavi Patel’s narration is not only beautiful, but deeply thought-provoking. She gives Kaikeyi a voice—a story that’s raw, powerful, and incredibly human. For so long, we’ve heard the same tale where Kaikeyi is the reason for Ram’s exile. But this retelling invites readers to look beyond that one moment and truly understand the woman behind the myth.<br/><br/>Kaikeyi is strong, fierce, and unapologetically ambitious. She dares to question tradition, seeks justice for women, and tries to shape her own destiny in a world that constantly tries to silence her. I loved how the book made me pause and reflect on the image I’d grown up with. It made me rethink age-old beliefs, and that’s exactly the kind of storytelling I love—narratives that challenge, inspire, and empower.<br/><br/>This book has earned a permanent spot on my recommendation list. It’s one of the best books I’ve ever read—beautifully written, emotionally rich, and so relevant even today. If you love mythology retellings with strong female leads and layered storytelling, *Kaikeyi* is a must-read.",2025-04-22,2025-04-06,0,
"The Book That Wouldn’t Burn (The Library Trilogy, #1)",Mark Lawrence,,9780593437919,read,5,559,Ace,The Library Trilogy,United States,English,,,Fantasy; Science Fiction; Literary Fiction,knowledge; power; survival; identity; curiosity,dark; immersive; wonderful; thrilling; mysterious,chosen one; fish out of water; coming of age,book lover; library setting; time travel; philosophical questions; book club pick; translated fiction; level:advanced,rainy day read; summer reading; book club pick,India Bookshelf; Indian Literary Fiction; Dark & Atmospheric,"A thrilling and mysterious journey through a vast, ancient library filled with endless secrets.",,,"The Book That Wouldn’t Burn* by Mark Lawrence had been sitting on my shelf ever since I picked it up at the Delhi Book Fair—and it was the stunning cover and title that drew me in first. After all, who can resist a book about books? This is the first installment in the *Library Trilogy*, and as a book lover, I knew I had to dive in.<br/><br/>Set in a vast, ancient library filled with endless secrets, the story unfolds through two main characters—**Livira**, a fierce and curious girl taken from a life of survival in the Dust, and **Evar**, a quiet boy raised among books but shielded from the outside world. As their paths slowly converge across timelines and dimensions, the book takes you on a journey filled with mystery, philosophical questions, and the raw power of knowledge.<br/><br/>What I absolutely loved was the atmosphere—it’s dark, immersive, and full of wonder. The library itself almost becomes a living, breathing character with its endless stacks, hidden doors, and forbidden texts. The book is thrilling and mysterious, with so many layers of intrigue that kept me glued to the pages.<br/><br/>However, as the story progressed, the narrative began twisting through multiple timelines, time portals, and philosophical ideas that made it a bit too complex toward the end. At times, it felt like I was struggling to keep up with all the moving parts. But even with its confusion, Livira’s adventure kept me hooked. Her fiery spirit and curiosity were enough to push me through the dense parts of the story.<br/><br/>This is definitely a series that demands your full attention. I’m curious to see how things unfold in the next part—and with the third book on the horizon, I’ll be picking up Book 2 soon.",2025-04-22,2025-03-22,0,
"Beg, Borrow, or Steal (When in Rome, #3)",Sarah Adams,,9780593723692,read,5,400,Dell,"When in Rome, #3",United States,English,,,Romance; Comedy,friendship; love; community,light; fun; witty,slow burn; emotional payoff,rom-com; enemies-to-lovers; small-town charm; light read; fun read; weekend escape; teacher romance; gem:classic,,World Bookshelf; Civilizations Through Books; Civilization · Rome; Around the World in 52 Books,"A light, fun, and witty romance perfect for a weekend escape.",,,"This book is everything you'd want in a cozy, flirty rom-com. It’s got the **classic enemies-to-lovers tension**, the **""we’re so different but maybe that’s why it works"" vibe**, and a steady build-up that makes the romance feel earned and satisfying.<br/><br/>Emily and Jack’s banter is hilarious and sharp, and you’ll definitely enjoy watching their chemistry bubble over. It’s also refreshing to see a romance where both characters are teachers and neighbors, which adds that close-knit, small-town charm to the story.<br/><br/>📖 If you're in the mood for something **light, fun, and filled with witty rivalry**, *Beg, Borrow or Steal* is the perfect weekend escape. Bonus: the idea of stealing back a secret manuscript? Total rom-com gold.<br/><br/>⭐️4/5 | A cute, easy read with just the right amount of steam and sass.",2025-05-30,2025-04-28,0,
Under the Whispering Door,T.J. Klune,,9781250217349,read,4,376,Tor Books,,United States,English,,,Fantasy; Contemporary Fiction,grief; healing; purpose; self-discovery; mortality; kindness,heartwarming; cozy; reflective; witty; soul-soothing,found family; cozy fantasy,book club pick; cozy fantasy; LGBTQ+; emotional journey; magical realism; character driven,rainy day read; cozy autumn read,World Bookshelf; Comfort Reads,"A cozy, soul-soothing hug in book form that explores life, death, and the beauty of human connection.",,,"We picked this book for our May book club under the fantasy theme, and honestly? It started off a bit slow—we weren’t sure where it was headed. But by the end, *Under the Whispering Door* turned into such a heartwarming and unexpectedly profound read, it stayed with all of us.<br/><br/>The story begins at Wallace’s own funeral. Yes, you read that right. A reaper shows up to collect his soul, and soon Wallace finds himself at Charon’s Crossing—a quiet little tea shop run by Hugo, the kind ferryman who helps souls cross over. Wallace is not ready to move on though. He spent his life chasing success, forgetting how to actually live. But now, with only seven days to cross over, he sets out to experience a lifetime in that one week.<br/><br/>It’s hilarious in moments, haunting in others, but above all, incredibly kind. The book gently nudges you to think about grief, healing, purpose, and how we treat others—and ourselves. T.J. Klune has a unique way of blending fantasy with very real, very human emotions. And Hugo? He may just be the softest, most comforting character you’ll ever meet.<br/><br/>If you're in the mood for something cozy but reflective—with a cup of tea, perhaps—this one's for you. It might take a few chapters, but the emotional payoff is so worth it.<br/><br/>⭐️⭐️⭐️⭐️ (4/5)<br/>Quiet, quirky, and soul-soothing. Like a hug in book form.",2025-06-03,2025-04-28,0,
"The Twentieth Wife (Taj Mahal Trilogy, #1)",Indu Sundaresan,,,read,5,380,Washington Square Press,Taj Mahal Trilogy #1,India,English,,,Historical Fiction; Romance,power and ambition; female agency; court politics; forbidden love; destiny and resilience,atmospheric; sweeping; dramatic; immersive,royal intrigue; ambitious heroine; childhood connection,Indian author; Mughal empire; strong female lead; historical fiction; book club pick; royal court drama; South Asian history,Women's History Month; monsoon read; autumn read,India Bookshelf; Indian Historical Fiction; Dark & Atmospheric,"A magnificent and immersive historical tale of love, royal ambition, and an unforgettable woman who reshaped Mughal history.",,,"Set against the opulent backdrop of the Mughal Empire, *The Twentieth Wife* is a mesmerizing retelling of the life of Empress Mehrunnisa, the influential and controversial consort of Emperor Jahangir. From a refugee’s daughter to a powerful woman who reshaped history, Mehrunnisa’s story is one of ambition, resilience, and forbidden love.<br/><br/>The novel begins with an eight-year-old girl who dares to dream of marrying Prince Salim—and follows her extraordinary journey through heartbreak, court politics, and the maze of power. Through Indu Sundaresan’s evocative storytelling, we witness the emotional and political evolution of a woman who stood tall in a world built by men.<br/><br/>As someone who adores historical fiction, this book had me hooked from page one. The writing is rich, immersive, and full of texture. You can almost hear the whispers in Akbar’s court and feel the tension of power games behind the zenana walls. It’s a story of longing, strategy, and the courage it takes to change your fate.<br/><br/>If you’re drawn to strong female characters, royal settings, and intricately layered storytelling, this is a must-read. Indu Sundaresan does absolute justice to Mehrunnisa’s legacy—bold, intelligent, and unforgettable.<br/><br/>⭐️⭐️⭐️⭐️⭐️ (5/5)<br/>A magnificent tale of love, power, and a woman far ahead of her time.",2025-06-03,2025-05-02,0,
Honor,Elif Shafak,,9780670784837,read,5,352,Viking,,Turkey,Turkish,,,Literary Fiction; Mythology,identity; grief; family; tradition; gender injustice; mother-daughter relationships; cultural clashes,heartbreaking; hopeful; atmospheric; emotional,character-driven; interiority; mythology retelling; divine politics,Turkish author; family saga; women's fiction; book club pick; translated fiction; under 400 pages; level:intermediate,Women's History Month,World Bookshelf; Middle East & North Africa; Around the World in 52 Books; Heartbreaking Reads; Comfort Reads; Dark & Atmospheric,"A beautifully written, thought-provoking tale of mothers, daughters, and the weight of tradition.",,,"Elif Shafak has this incredible way of telling stories that linger with you, and *Honour* is no exception. Set between Turkey and London, the book follows Pembe, a Turkish woman trying to build a life in a new land, all while carrying the weight of tradition, expectations, and family history. But when a shocking act is committed in the name of *honour*, the story unravels into a haunting exploration of how women’s lives are often dictated by a family's reputation—and the cost of that burden is painfully high.<br/><br/>This is a tale of mothers, daughters, brothers, identity, and silence. It questions what honour really means and who gets to define it. The story moves across generations and continents, weaving together personal grief with cultural clashes, and builds up to an ending that genuinely took me by surprise. That twist? Jaw-dropping.<br/><br/>What struck me the most was how brutally honest the book is about gender injustice—how a woman’s existence can be tied to shame, while men walk free. And yet, Elif Shafak tells it all so beautifully, so lyrically, that even the heaviest truths land with grace. I honestly can’t imagine anyone else narrating this story with such depth and empathy. She continues to be one of my absolute favourite authors.",,2023-12-02,0,
The Booklover's Library,Madeline Martin,,9781335000392,read,5,432,Hanover Square Press,,United Kingdom,English,,,Historical Fiction; Literary Fiction,resilience; love; wartime; motherhood; community; hope,heartbreaking; hopeful; atmospheric,period setting; social constraints; character-driven; interiority,wartime story; book lover's story; library setting; women's fiction; historical fiction; book club pick; level:intermediate,Remembrance Day; Women's History Month,World Bookshelf; Heartbreaking Reads; Comfort Reads; Dark & Atmospheric,A heartwarming and heartbreaking story of a widow's journey to find solace and strength in wartime England.,,,"Set against the backdrop of wartime England, *The Booklover’s Library* is a deeply moving story of resilience, love, and the power of books to heal and connect us. Emma Taylor, a widow in Nottingham, faces an uphill battle to support her daughter Olivia amid legal restrictions that make it nearly impossible for widows with children to find work. When she finally lands a job at Boots’ Booklover’s Library, it’s more than just a paycheck—it becomes a lifeline.<br/><br/>As the threat of war becomes reality and Olivia is evacuated to the countryside, Emma is left alone, grappling with fear and uncertainty. But through the friendships she forms with her neighbors and coworkers, and through the books she recommends to the library’s quirky regulars, Emma begins to find solace and strength. The library is more than a workplace—it’s a place where stories come alive, memories of her late father and the bookstore they once shared return, and a community forms around a shared love for literature.<br/><br/>Adeline Martin’s storytelling shines in the way she captures both the harsh realities of wartime and the quiet moments of hope that keep people going. The mysterious disappearance of books adds a layer of intrigue that kept me turning the pages, but it’s the warmth of the relationships and the celebration of books as refuge that truly made this novel special.<br/><br/>The ending touched my heart deeply, reminding me of the magic in happy endings—not just in books, but in life. This story is a beautiful tribute to the strength of a mother’s love, the bonds we build in community, and the timeless comfort we find in stories. If you love historical fiction that stirs your soul and makes you believe in hope, this book is definitely one to read.<br/><br/>⭐️⭐️⭐️⭐️⭐️ (5/5)<br/>A heartfelt, uplifting read that celebrates the resilience of the human spirit and the transformative power of books.",2025-06-03,2025-06-03,0,
"Still Me (Me Before You, #3)",Jojo Moyes,,,read,4,469,Penguin Books,Me Before You,United Kingdom,English,,,Contemporary Fiction; Romance; Women's Fiction,self-discovery; personal growth; identity; career goals; love,heartwarming; hopeful; uplifting,slow burn; emotional payoff,book review; Jojo Moyes; Me Before You trilogy; New York setting; career goals; self-discovery; women's fiction; romance,,World Bookshelf; Comfort Reads,"A comforting, feel-good read about staying true to who you are—no matter where life takes you.",,,"**🌸 Book Review | Still Me by Jojo Moyes**<br/><br/>⭐️⭐️⭐️⭐️/5<br/><br/><br/>*Still Me* is the third installment in the *Me Before You* trilogy, and while some may argue that Louisa’s story didn’t need to be stretched beyond the first book, I’m actually glad it was. Because this one felt like a full-circle moment for Lou.<br/><br/><br/>In *Still Me*, we see Louisa Clark step into a new chapter of her life—moving to New York, working for a wealthy family, and trying to hold on to who she is in a world that constantly tries to reshape her. She’s quirky, emotional, and endlessly kind—everything we’ve loved about her since book one—but now she’s braver, more self-aware, and ready to take a stand for the life she truly wants.<br/><br/><br/>It was heartwarming to finally see Lou chasing a career she’s passionate about, exploring new opportunities, and—most importantly—choosing herself. The romantic angle is sweet, but this story is more about Lou’s personal growth than anything else.<br/><br/><br/>Do I think this book was *necessary*? Maybe not. But did I enjoy watching Louisa evolve, make bold decisions, and find her version of a happily ever after? Absolutely.<br/><br/><br/>Jojo Moyes has a way of creating characters that feel like friends, and Lou will always be one of my favorites. If you’ve followed her journey so far, *Still Me* offers a satisfying and hopeful end to her story.<br/><br/><br/>✨ A comforting, feel-good read about staying true to who you are—no matter where life takes you.",2025-07-18,2025-06-23,0,
The Big Empty (Elvis Cole and Joe Pike #20),Robert Crais,,9780525535799,read,5,373,G.P. Putnam's Sons,Elvis Cole and Joe Pike,United States,English,,,Thriller; Mystery,obsession; predator and prey; desert setting; missing person; cold case,chilling; haunting; slow-burning; tense,missing person; cold case; serial killer,book review; murder mystery; thriller; detective duo; desert setting; slow-burning; emotional depth; strong characters,,India Bookshelf; Dark & Atmospheric; Page-Turners,"A gripping serial-killer thriller with emotional depth, strong characters, and a story that keeps you on edge.",,,"Book Review 📚: ' The Big Empty' by Robert Crais<br/><br/>⭐️⭐️⭐️⭐️⭐️/5<br/><br/>A chilling murder mystery, a haunting desert setting, and a detective duo I’m now 'officially obsessed with'.<br/><br/>'The Big Empty' was my first dive into Robert Crais’ world—and I couldn’t put it down. The story begins with what seems like a simple missing person case. Influencer Traci Beller hires PI Elvis Cole to find her father, who vanished a decade ago. But what starts as a cold case quickly turns into a chilling game of predator and prey.<br/><br/>This isn't just a mystery—it's a layered, slow-burning thriller where every twist hits harder than the last. The desert setting adds an eerie stillness that makes every revelation feel sharper.<br/><br/>What truly made this book for me? The partnership between Elvis Cole and ex-Marine Joe Pike. Their bond, their rhythm, and their unwavering loyalty had me completely invested. They’re the kind of duo you want to root for, over and over again.<br/><br/>Yes, the book is a bit long—but it 'never' drags. Each chapter builds tension masterfully, making the pages fly by.<br/><br/>Huge thanks to Simon & Schuster India for sending this gripping read my way. If you enjoy serial-killer thrillers with emotional depth, strong characters, and a story that keeps you on edge, 'The Big Empty' is a must-read.<br/><br/>This may have been my first Robert Crais novel… but definitely not the last.",2025-07-18,2025-07-01,0,
"The Immortals of Meluha (Shiva Trilogy, #1)",Amish Tripathi,,,read,5,436,Westland,Shiva Trilogy,India,English,,,Historical Fiction; Fantasy; Mythology,identity; power; war; found family; self-discovery,epic; atmospheric; emotional,fish out of water; coming of age,Indian author; mythological retelling; book club pick; translated fiction; under 300 pages; level:intermediate,Diwali; Navratri,India Bookshelf; Roots of Bharat; Indian Mythology Retellings; Indian Historical Fiction; Heartbreaking Reads; Dark & Atmospheric,"A must-read for those who love mythology, fantasy, and action with deeper meaning.",,,"Some books don’t just stay on your shelf—they stay with you.<br/>I first read 'The Shiva Trilogy' during my graduation days, and picking it up again now felt like coming home. The same chills, the same awe… nothing had faded.<br/><br/>Amish Tripathi reimagines Lord Shiva not as a god, but as a man—flawed, fierce, and deeply human. And yet, through his journey, we see how legends are born. 'The Immortals of Meluha', 'The Secret of the Nagas', and 'The Oath of the Vayuputras' together craft a tale that blends mythology, fantasy, and philosophy so seamlessly, it’s hard to believe this was Amish’s debut series.<br/><br/>It’s this trilogy that sparked my love for mythological retellings. The world-building is vivid, the writing feels cinematic, and the storytelling—timeless. Shiva’s transformation from a Tibetan tribal leader to the Mahadev is as emotionally rich as it is epic in scale.<br/><br/>Even after all these years, the narration feels just as powerful. I found myself reliving every moment, reconnecting with every character, and marveling again at how mythology can feel so modern, so relatable.<br/><br/>If you’re looking for a series that combines mythology with imagination, and action with deeper meaning—'The Shiva Trilogy' is a must.<br/><br/>✨ Sometimes, we need to go back to the stories that first made us fall in love with reading. This was mine. What’s yours?<br/><br/>.",,2021-11-07,0,
Saraswati’s Gift,Kavita Kané,,9789354920523,read,4,345,Ebury Press,,India,English,,,Mythology; Literary Fiction,grief; identity; partition; war; found family; intellect; creativity; independence,heartbreaking; hopeful; atmospheric; dark; witty,mythology retelling; divine politics; character-driven; interiority; historical trauma,Indian author; partition story; mythological retelling; translated fiction; under 300 pages; book club pick; divine women; level:intermediate,Diwali; Women's History Month,India Bookshelf; Roots of Bharat; Indian Mythology Retellings; Partition Stories; Indian Literary Fiction; Heartbreaking Reads; Comfort Reads; Dark & Atmospheric,"A refreshing dive into the world of Indian mythology, reimagining the goddess Saraswati with elegance, respect, and quiet power.",,,"Kavita Kane has a gift—and this time, she’s used it to breathe life into the lesser-told story of the goddess of wisdom herself: Saraswati.<br/><br/>This book was a refreshing dive into the world of mythology, but not in the way we’ve heard it through bedtime tales or textbook verses. It offers a nuanced, introspective look at Saraswati—not just as a goddess, but as a thinker, a woman, and a seeker of truth. Her complex relationship with Brahma is explored in a way that challenges the conventional, and I loved how the book added a layer of emotional and intellectual depth to their dynamic.<br/>Yes, the narrative moves at a slower pace, and if you’re someone who likes linear storytelling, you might have to pause and realign your understanding of timelines—especially if you grew up listening to these stories from your grandparents. But that’s also where the beauty lies: in deconstructing what we thought we knew.<br/>For someone like me, who adores mythological retellings—especially those written by women and focused on female figures—this was such a fulfilling read. There’s something magical about seeing divine women reimagined through a feminine lens, and Kane does it with elegance, respect, and quiet power.<br/><br/>Saraswati’s Gift isn’t just a story. It’s a reminder that intellect, creativity, and independence are divine too.",2025-07-18,2025-06-03,0,
The Rozabal Line,Ashwin Sanghi,,9780615384504,read,4,278,Northhill Publishing,,India,English,,paperback @ UAE,Thriller; Historical Fiction; Mythology,grief; identity; history; mystery; faith; religion; power; conspiracy; politics,atmospheric; dark; thought-provoking; suspenseful,hidden artifacts; secret societies,Indian author; thriller; historical fiction; book club pick; translated fiction; mythological fiction; historical thriller; conspiracy theory; Indian history; religion and politics; level:intermediate,Diwali; Halloween; Independence Day,India Bookshelf; Roots of Bharat; Indian Mythology Retellings; Indian Historical Fiction; Dark & Atmospheric; Page-Turners,A gripping thriller that explores the mysteries of Indian history and faith.,,,"i picked the book while I was waiting for the latest book in the series. <br/><br/>while reading this book, i was constantly feeling like I was reading some of Dan Brown's books, often getting back to remember it's Ashwin Sanghi's creation. I won't say this is my fvrte of his as I loved reading Magician of Mazda, keepersof kalchakra and other parts that came later more than this one. <br/><br/>but perhaps if you start reading the book in the sequence it can be a great read.",2025-07-18,2025-07-01,0,
Deep End,Ali Hazelwood,,,currently-reading,,464,Berkley,,United States,English,,,Romance; Contemporary Romance,ambition; rivalry; vulnerability; obsession; trust,steamy; intense; emotional; angsty,rivals to lovers; sports romance; forced proximity,Ali Hazelwood; sports romance; spicy romance; college romance; BookTok pick; summer read; gem:popular,Summer read; Beach read; Valentine's Day,World Bookshelf; Heartbreaking Reads; Dark & Atmospheric,"An addictive, high-heat sports romance packed with emotional depth and electric rivalry.",,,,,2025-08-07,0,
The Hungry Tide,Amitav Ghosh,,9780618711666,read,4,333,Harper Perennial,,India,English,,,Literary Fiction; Historical Fiction,identity; nature; survival; human connection; environmentalism,atmospheric; hopeful; heartbreaking,character-driven; interiority; period setting; social constraints,Indian author; translated fiction; book club pick; environmental fiction; under 300 pages; level:intermediate,Diwali; World Environment Day,India Bookshelf; Indian Historical Fiction; Indian Literary Fiction; Heartbreaking Reads; Comfort Reads; Dark & Atmospheric,A beautifully written novel that transports you to the hauntingly beautiful Sundarbans.,,,"Some books transport you to a place so vividly, you feel the landscape breathing through the pages — The Hungry Tide is one such book.<br/><br/>Set in the hauntingly beautiful yet dangerous Sundarbans, this novel is as much about its characters as it is about the tides, the rivers, the dolphins, and the wild unpredictability of nature itself. Honestly, at times it felt like the real protagonist was the Sundarbans — fierce, mysterious, and deeply alive.<br/><br/>The first half of the book felt a little too detailed for me, with heavy descriptions that slowed the pace. But once I got past that, I found myself fully immersed — especially in the delicate, quiet bond between Piya and Fokir. Their moments were the most touching, filled with unspoken understanding and a rawness that made their connection unforgettable.<br/><br/>And Fokir... oh Fokir. 🌊<br/>A man of few words, yet his presence lingered long after I turned the last page. His simplicity, courage, and gentle spirit stole my heart, making him my favourite character in the story.<br/><br/>Reading this book also left me in awe — and fear — of how people survive in the Sundarbans, surrounded by threats like tigers, crocodiles, snakes, and the ever-unpredictable tides. It’s a life unimaginable to many of us, and Ghosh captures it with chilling honesty.<br/><br/>As for the ending — I wasn’t sure what I expected, but it broke me. 💔 I kept wishing it had been different, hoping against hope that maybe, just maybe, my favourite character would be spared. But like the tide, this story doesn’t bend to our will.<br/><br/>A haunting, lyrical, and emotionally stirring read — worth the slow burn.<br/>🌿🐬",2025-08-07,2025-07-28,0,
The Ayodhya Alliance,Ashwin Sanghi,,9789369897865,read,5,561,Harper Fiction India,Bharat Series,India,English,,,Thriller; Mythological Fiction; Historical Fiction,ancient science; mythology vs history; global conspiracies; secrets and relics; fate of humanity,suspenseful; fast-paced; intriguing; adventurous,ancient secrets; race against time; myth meets modern world; globetrotting mystery,Indian author; mythological thriller; Ashwin Sanghi; book club pick; geopolitical drama; Ramayana connections; fast-paced read; level:advanced,Diwali; monsoon read; weekend binge,India Bookshelf; Roots of Bharat; Indian Mythology Retellings; Indian Historical Fiction; Civilizations Through Books; Civilization · Rome; Around the World in 52 Books; East Asia Shelf; Page-Turners,"An ambitious, pulse-pounding thriller that masterfully weaves ancient Ramayana lore with high-tech modern political drama.",,,"Ashwin Sanghi has done it again! As someone who never misses a Sanghi release, The Ayodhya Alliance was an instant pick for me — and it absolutely delivered. Blending mythology, science, and geo-political drama, the book takes readers on an edge-of-the-seat journey across Ayodhya, the Pandyan Empire, Rome, Korea, and beyond.<br/><br/>The plot unravels a secret passed from Ravan to Lakshman, said to hold the key to Ayodhya's future and the fate of humanity. Fast forward to the present, where industrialist Aditya Pillai and South Korean technocrat Somi Kim are caught in a deadly mission that ties past legends with present-day global tensions.<br/><br/>As always, Sanghi’s mastery lies in connecting ancient history with modern science, and turning it into a gripping political thriller. The scattered references to Kailasa, Pandya rule, and even South Korean myth made the story incredibly rich and layered.<br/><br/>The short chapters keep the momentum high, but what stood out to me most was how the ancient world felt alive — especially the idea that science once existed in forms we can’t even comprehend today. The thrill of discovery, the weight of secrets, and the looming danger kept me flipping pages late into the night.<br/><br/>If you love stories where myth meets mystery, where timelines overlap and secrets explode into relevance, this one’s for you.<br/><br/>Ashwin Sanghi never misses — and with The Ayodhya Alliance, he may have just given us his most ambitious novel yet.<br/>📖🔱🌍",2025-08-07,2025-07-28,0,
Kunti: The Sati Series II,Koral Dasgupta,,9789390742189,read,5,224,Pan Macmillan India,The Sati Series,India,English,,,Historical Fiction; Mythology; Literary Fiction,grief; identity; partition; war; found family,heartbreaking; hopeful; atmospheric; dark,period setting; social constraints; mythology retelling; divine politics; character-driven; interiority,Indian author; partition story; book club pick; translated fiction; under 300 pages; level:intermediate,Diwali; Women's History Month,India Bookshelf; Roots of Bharat; Indian Mythology Retellings; Partition Stories; Indian Historical Fiction; Indian Literary Fiction; The Epic Project; Epic · Kunti; Epic · Draupadi; Heartbreaking Reads; Comfort Reads; Dark & Atmospheric,"A lyrical retelling of Kunti's story, reclaiming her voice and exploring the complexities of her choices.",,,"Every epic we know is shaped by voices we rarely hear. Koral Dasgupta’s Kunti, the third book in her Sati Series, gives that voice to one of the most pivotal yet misunderstood women of the Mahabharata.<br/><br/>Kunti is often remembered only as the mother of the Pandavas. But this retelling shows us a woman caught between destiny, duty, and desire. From the moment she invokes a boon that changes the course of her life, to her choices as a queen, a mother, and finally as a silent witness to the great war, her story is layered with power, vulnerability, and quiet strength.<br/><br/>Her series as a whole made me deeply curious about Indra—especially after reading Ahalya and now Kunti. It’s refreshing to experience these retellings of women whose tales are so often misinterpreted or overshadowed. Koral Dasgupta doesn’t just reimagine them; she reclaims their voices.<br/><br/>What strikes me most is her writing—it’s so lyrical that you feel the urge to highlight every line, to pause, to reread, and to share it with the world. There’s a tenderness in her words, even when she’s writing about pain or silence. She doesn’t glorify Kunti, nor does she diminish her. Instead, she paints her with all her flaws, emotions, and dilemmas, reminding us that even in epics, women are not just symbols—they are people.<br/><br/>Reading Kunti made me reflect on how stories often leave women in the background, while their choices ripple across generations. Through this retelling, you see the Mahabharata not as a distant legend, but as a deeply human story of love, duty, and consequence.<br/><br/>If you enjoyed Draupadi by Chitra Banerjee Divakaruni or Tara from the same series, Kunti will move you with its depth and sensitivity.",2025-08-21,2025-08-07,0,
The Witch's Heart,Genevieve Gornichec,,9780593099940,read,5,359,Ace,,United States,English,,,Fantasy; Mythology; Historical Fiction,motherhood; loss; love; sacrifice; resilience; fate; destiny,heartbreaking; hopeful; atmospheric; tender,unique magic system; quest; mythology retelling; divine politics; period setting; social constraints,Norse mythology; witch story; mother-daughter bond; book club pick; translated fiction; level:intermediate,Women's History Month; Spring,World Bookshelf; Heartbreaking Reads; Comfort Reads; Dark & Atmospheric,A beautifully written retelling of Norse mythology that humanizes a forgotten witch and explores the complexities of motherhood.,,,"Sometimes the stories we know hide the voices we never hear. The Witch’s Heart does exactly that—it takes Norse mythology and retells it through the eyes of Angrboda, a witch often forgotten in the sagas, yet one whose choices shape the fate of gods.<br/><br/>Banished by Odin for refusing to share her knowledge of the future, Angrboda finds herself broken, wandering through the woods, and trying to rebuild a quiet life. But destiny finds her again when Loki enters her world. What begins as an unlikely companionship slowly grows into a bond filled with tenderness, wit, and heartbreak. From their love come children whose existence carries both doom and power—children the world fears, but a mother loves fiercely.<br/><br/>What I loved most about this book was how human it felt, despite being steeped in myth. Angrboda isn’t just a witch or a figure of prophecy—she is a woman who knows loss, love, sacrifice, and resilience. Her struggles and her strength make the story both intimate and epic. The pacing is gentle in the beginning, almost lulling you into her solitude, but soon pulls you into the whirl of fate, gods, and inevitable tragedy.<br/><br/>Genevieve Gornichec’s writing is lyrical without being heavy. It carries the ache of unspoken grief, the fire of defiance, and the quiet beauty of a mother’s love. This is not Loki’s story, nor Odin’s, nor even Ragnarok’s—it’s hers. A reminder that sometimes the most powerful stories are not of heroes and wars, but of the women who endure, love, and fight in the shadows.<br/><br/>If you enjoy mythology retellings like Circe or A Thousand Ships, this one will move you deeply. It’s a tale of love, loss, and courage—woven with magic and myth, yet painfully, beautifully human.",2025-08-21,2025-07-28,0,
"The Midnight Library (The Midnight World, #1)",Matt Haig,,9780525559474,read,5,288,Viking,The Midnight World,United Kingdom,English,,,Literary Fiction; Fantasy; Philosophical Fiction,regret; hope; identity; choice; self-discovery,heartwarming; contemplative; inspirational,fish-out-of-water; what-if,comfort read; self-discovery story; book club pick; translated fiction; under 300 pages; level:intermediate,New Year's Resolution; Mental Health Awareness,World Bookshelf; Comfort Reads,A comforting and thought-provoking read that will make you reflect on your own choices.,,,"Have you ever wondered what life would look like if you had chosen differently? *The Midnight Library* by Matt Haig is a story that sits right at the crossroads of regret and hope.<br/><br/>We follow Nora Seed, who feels she has hit rock bottom and no longer wants to live. But instead of death, she finds herself in the Midnight Library, a magical place between life and death. Here, every book on the shelves represents a different version of her life—lives she could have lived if she had made different choices.<br/><br/>Through Nora’s journey of stepping into these alternate lives, Haig beautifully explores the “what ifs” we often carry in our hearts. The regrets, the dreams abandoned, the paths never taken—all come alive in a way that makes you pause and reflect on your own choices.<br/><br/>What I loved most about the book is how it gently reminds us that no life is perfect. Even in the versions where Nora achieves her wildest dreams, there are struggles waiting. And yet, amidst it all, the story whispers an important truth: the life we’re living right now can be just enough, if only we learn to see it differently.<br/><br/>The writing is simple yet deeply moving, almost like a warm conversation with a friend on a tough day. For me, this book wasn’t just about Nora—it was about all of us who’ve ever wondered if our lives could have turned out better.<br/><br/>⭐ Rating: 4.5/5 <br/><br/>A must-read if you’re in need of comfort, perspective, or simply a reminder that small moments can make life worth living.",,2024-12-06,0,
"The Legend of Meneka (The Divine Dancers, #1)",Kritika H. Rao,,9780063349186,read,5,368,Harper Voyager,The Divine Dancers,India,English,,,Mythology; Fantasy; Romance,identity; choice; freedom; duty; love; rebellion,atmospheric; hopeful; romantic; emotional,fated love; chosen one; female protagonist,Indian author; myth retelling; book club pick; translated fiction; under 300 pages; level:intermediate,Diwali; Women's History Month,India Bookshelf; Roots of Bharat; Indian Mythology Retellings; Heartbreaking Reads; Comfort Reads; Dark & Atmospheric,A beautifully written retelling of Indian mythology that centers a strong female protagonist and explores themes of identity and rebellion.,,,"Whenever Menaka is mentioned in mythology, she is remembered only as the apsara who disrupted a sage’s meditation. Kritika H. Rao changes that. In The Legend of Menaka, she is no longer a fleeting figure in someone else’s tale but the beating heart of her own story.<br/><br/>Menaka is a celestial dancer trained to be more than just a vision of beauty—she is also a weapon. Sent on missions that serve the ambitions of powerful gods, she longs for choice, for freedom, for a life beyond being used as a pawn. When she crosses paths with Kaushika, a mortal whose strength unsettles even the heavens, her carefully ordered world begins to unravel.<br/><br/>What struck me most was the emotional depth of Menaka’s journey. She isn’t just torn between love and duty, but between who she has been told to be and who she dares to become. Rao’s writing makes you feel the weight of that conflict, while also capturing the heady sweep of romance and the grandeur of myth.<br/><br/>The world-building is rich, with celestial courts, mortal struggles, and a heroine who shines through it all. Menaka’s voice lingers because it’s not only a story about gods and sages—it’s about a woman finding the courage to choose her own path.<br/><br/>⭐ Rating: 4.5/5<br/>If you enjoy myth retellings that center women’s perspectives and add layers of romance, power, and rebellion, this book will captivate you.",2025-09-22,2025-08-21,0,
The Woman in White,Wilkie Collins,,,read,4,672,Penguin Classics,,United Kingdom,English,,,Gothic Fiction; Mystery; Literary Fiction,grief; identity; corruption; betrayal; redemption,eerie; atmospheric; tense; gripping,whodunit; red herrings; character-driven; interiority,gothic mystery; Victorian literature; classic novel; book club pick; mystery novel; level:advanced; gem:classic,Halloween; Spooky Season,World Bookshelf; Dark & Atmospheric; Page-Turners,"A timeless, gripping mystery that will keep you on the edge of your seat.",,,"There’s something irresistible about a gothic mystery—the kind that creeps into your imagination and refuses to leave. Wilkie Collins’ The Woman in White, first published in 1859, is one such story. Considered one of the earliest mystery novels, it continues to captivate readers with its eerie atmosphere, unforgettable characters, and intricate plot.<br/><br/>The novel begins with Walter Hartright’s late-night encounter with a mysterious woman dressed in white. From that moment, the tale spins into a web of secrets, lies, and sinister plots, centering around Laura Fairlie, her half-sister Marian Halcombe, and the unsettling Count Fosco. Told through multiple voices and shifting perspectives, the narrative becomes almost like a courtroom testimony—layered, fragmented, and yet irresistibly gripping.<br/><br/>What makes this novel so powerful is not just the mystery, but its psychological depth. Marian Halcombe, in particular, stands out as one of the strongest female characters in Victorian literature—fierce, intelligent, and unafraid to confront danger head-on. The interplay between light and dark, innocence and corruption, makes every chapter feel steeped in tension.<br/><br/>Reading The Woman in White is like stepping into a shadowy corridor where every turn could reveal betrayal or redemption. Collins blends gothic elements with early detective fiction so seamlessly that it feels timeless—even modern readers can sense echoes of his influence in today’s thrillers.<br/><br/>⭐ Rating: 4/5<br/>A haunting, suspenseful masterpiece that set the stage for detective and gothic fiction alike. If you enjoy atmospheric mysteries with layered characters, this classic deserves a place on your shelf",2025-09-22,2025-08-07,0,
"Fearless (The Powerless Trilogy, #3)",Lauren Roberts,,9781665955461,read,4,593,Simon & Schuster Books for Young Readers,The Powerless Trilogy,United States,English,,,Fantasy; Young Adult; Romance,love; loyalty; duty; bravery; self-discovery,heart-pounding; romantic; emotional,unique magic system; quest; coming of age; found identity; slow burn; emotional payoff,young adult fiction; fantasy romance; book club pick; series finale; high-stakes action; level:advanced,summer read; vacation read,World Bookshelf; Heartbreaking Reads,A heart-pounding finale to The Powerless Trilogy that will keep you on the edge of your seat.,,,"Paedyn Gray and Kai Azer return to the Kingdom of Ilya, and the stakes have never been higher. *Fearless* is a story of heart-pounding romance, impossible choices, and loyalties tested to their limits. In a world where love and duty collide, every decision has consequences that ripple far beyond the characters themselves.<br/><br/><br/>What captivated me most was Paedyn’s journey. She is a heroine forced to confront not only external dangers but the weight of her own heart. Her choices are raw, real, and impossible to predict, making each moment feel electric. Meanwhile, Kai Azer’s unwavering presence adds depth and tension—his loyalty and love are both a comfort and a challenge in a world that demands bravery.<br/><br/><br/>Lauren Roberts balances high-stakes action with deeply felt emotions, ensuring the story never loses its human core amid the political intrigue and fantastical world-building. *Fearless* is not just the finale of a series—it’s a testament to courage, love, and the power of standing by your convictions, even when the consequences are unimaginable.",2025-09-22,2025-09-13,0,
"The Secret of Secrets (Robert Langdon, #6)",Dan Brown,,9780385546898,read,5,677,Doubleday,Robert Langdon,United States,English,,,Thriller; Mystery; Historical Fiction,grief; identity; suspense; danger; science fiction,heart-pumping; relentless; engaging,twist ending; unreliable narrator; whodunit; red herrings; period setting; social constraints,Dan Brown; Robert Langdon series; mystery; thriller; historical fiction; book club pick; translated fiction; level:advanced,,World Bookshelf; Page-Turners,"A gripping, high-stakes thriller that will keep you awake until 4 AM.",,,"Book Review – The Secret of Secrets by Dan Brown<br/><br/>Dan Brown has long been my auto-buy author whenever mystery, conspiracy, and historical intrigue are on the menu. So when The Secret of Secrets landed in my hands, I dove in expecting the familiar mix of codes, symbols, and centuries-old secrets—but this time, the story felt different.<br/><br/>Following Robert Langdon to Prague, the novel throws him into a shadowy city filled with labyrinthine passages, graveyards, and looming castles. Katherine Solomon’s sudden disappearance sparks a high-stakes chase where Langdon must navigate not just the city but a web of suspense and danger that feels more rooted in science fiction than the historical conspiracy thrillers we’ve loved him for.<br/><br/>Yet despite the shift, Brown’s storytelling remains captivating. The pacing is relentless, keeping me awake until 4 AM, turning pages to uncover twists I didn’t see coming. While I missed the intricate code-breaking and symbolic puzzles that usually define a Langdon novel, the suspense, unexpected turns, and sheer thrill of the hunt were enough to hold me completely engaged.<br/><br/>And yes—would I recommend it? Totally! Even if it’s a slightly different flavor of Brown, the story is gripping, the stakes are high, and the ending is completely unexpected. Fans of Langdon and thrillers will still find themselves hooked.<br/><br/>⭐ Rating: 4/5<br/>A suspense-filled, late-night page-turner that proves Dan Brown still knows how to keep readers on the edge of their seats.",2025-09-22,2025-09-13,0,
"Love Unwritten (Lakefront Billionaires, #2)",Lauren Asher,,,read,4,551,,Lakefront Billionaires,United States,English,,,Romance; Contemporary,love; family; identity; vulnerability; attraction,heartwarming; humorous; emotional,slow burn; emotional payoff,summer read; billionaire romance; single dad; hopeless romantic; light read; level:advanced,summer,World Bookshelf; Heartbreaking Reads; Comfort Reads,"A charming, heartwarming romance about second chances and the power of love.",,,"I picked up *Love Unwritten* hoping for a light, breezy read—and it delivered exactly that… with a side of swoon and heart-melting moments. Part of the *Lakefront Billionaires* series, this story follows Ellie Sinclair, a hopeless romantic and songwriter, and Rafael Lopez, a workaholic single dad. On paper, they have nothing in common, yet fate—and a summer trip—throws them together in ways neither expected.<br/><br/><br/>What makes this book so addictive is the chemistry. Rafael’s grumpy-but-protective dad vibe colliding with Ellie’s warmth and charm creates a tension that crackles off the page. Old feelings resurface, boundaries blur, and the story balances humor, romance, and emotional stakes perfectly. Watching them navigate their shared responsibilities, flirtations, and personal insecurities keeps you hooked from start to finish.<br/><br/><br/>Beyond the romance, the book captures relatable emotions: the vulnerability of letting someone close again, the push-pull of attraction and reason, and the joy of small moments turning into something bigger. Lauren Layne writes with charm and heart, making both characters feel real and their connection believable.",2025-09-22,2025-09-22,0,
The Liberation of Sita,Volga,,9789351772484,read,5,132,Harper Perennial,,India,Telugu,,,Fiction; Mythology; Literary Fiction,feminism; identity; empowerment; self-discovery; freedom,heartbreaking; hopeful; inspirational,mythology retelling; divine politics; character-driven; interiority; historical trauma,Indian author; partition story; Independence Day; book club pick; translated fiction; under 300 pages; level:intermediate,Women's History Month; International Women's Day,India Bookshelf; Roots of Bharat; Indian Mythology Retellings; Partition Stories; Indian Literary Fiction; The Epic Project; Epic · Sita; Heartbreaking Reads; Comfort Reads,"A beautifully written, feminist retelling of the Ramayana that will challenge everything you thought you knew.",,,"The Liberation of Sita* is a powerful retelling of the *Ramayana* through the eyes of its women. In this feminist reimagining, Volga brings forth voices that were long silenced — Ahalya, Surpanakha, Renuka, Urmila, and Sita herself — showing how each woman discovers her own path to freedom, strength, and identity.<br/><br/>Every once in a while, you come across a book that quietly challenges everything you thought you knew — *The Liberation of Sita* by Volga is one such gem. This women-centric retelling offers a refreshing and powerful take on the female characters of the *Ramayana*, giving them voices, choices, and the space to define their own identities.<br/><br/>Translated from Telugu to English, this book beautifully reimagines Sita’s journey — not as a tale of suffering or endurance, but of awakening, strength, and self-realization. Each encounter Sita has with other women from the epic — Ahalya, Surpanakha, Renuka, and Urmila — brings a new layer of understanding and transformation. Through these stories, Volga paints a world where women reclaim their narratives and walk their own paths to liberation.<br/><br/>What I absolutely loved is how this book manages to be deeply philosophical yet so simply written that you can binge-read it in a single day. It’s short, impactful, and filled with lines that make you pause and reflect.<br/><br/>It’s no wonder this book is so hyped — it truly deserves every bit of appreciation it gets. If, like me, you love reading retellings of Indian scriptures from a woman’s perspective, this is an *absolute must-read*.<br/><br/>Totally recommended! 🌿✨",2025-10-26,2025-09-29,0,
Katabasis,R.F. Kuang,,,read,5,559,HarperVoyager,,United States,English,,,Dark Fantasy; Academic Fiction; Mythology,power; emotion; redemption; complexity; morality,haunting; beautiful; intense; imaginative,slow-burn romance; enemies-to-lovers,Indian author; dark academia; magic; hell; book club pick; translated fiction; level:advanced; gem:classic,Halloween; Spooky Season,India Bookshelf; Roots of Bharat; Indian Mythology Retellings; Dark & Atmospheric,"A dark, imaginative, and emotionally complex tale of power, emotion, and redemption.",,,"After reading Babel, R.F. Kuang easily became one of those authors whose books I’ll pick up without a second thought. And Katabasis just reinforced that. This book was nothing short of a roller coaster — a wild mix of dark academia, magic, and a twist of hell that keeps you hooked till the very end.<br/>If I talk about the romance, it carries that classic enemies-to-lovers tension that we all secretly love. The chemistry between the leads is sharp, layered, and full of those slow-burn moments that make you want to keep turning pages. But what really sets Katabasis apart is how Kuang blends mythology, power, and emotion into a story that’s both haunting and beautiful.<br/>The ending was unexpected — not in a disappointing way, but in the kind that makes you sit back and think for a while. I can’t really say what I was expecting, but the way it all came together felt… right. And yes, somewhere between the chaos, darkness, and redemption, I found myself genuinely liking Peter, the male lead. His complexity adds so much depth to the story.<br/>Overall, Katabasis is an absolute treat if you’re into books that explore hell, magic, and the intricate world of academia. It’s intense, imaginative, and filled with that signature Kuang touch — morally grey characters, emotional depth, and writing that lingers.<br/>Definitely a recommended read!",2025-10-26,2025-09-22,0,
Shakti: The Divine Feminine,Anuja Chandramouli,,9788129137296,read,2,288,Rupa Publications,,India,English,,,Mythology; Literary Fiction,feminism; empowerment; self-discovery; spirituality,inspiring; thought-provoking; atmospheric,mythology retelling; divine politics; character-driven; interiority,Indian author; mythology retelling; feminist fiction; book club pick; translated fiction; level:intermediate,International Women's Day; Women's History Month,India Bookshelf; Roots of Bharat; Indian Mythology Retellings; Indian Literary Fiction; Dark & Atmospheric,A beautifully written retelling of Indian mythology that explores the power of the divine feminine.,,,,2025-10-30,2025-09-29,0,
The Bookshop of Secrets,Kerry Barrett,,9780008603212,read,4,337,HQ Digital,,Portugal,,,,Historical Fiction; Literary Fiction; Mystery,grief; identity; war; found family; belonging; redemption,heartbreaking; hopeful; atmospheric; witty,hidden identity; coded messages; political secrets,WWII story; Lisbon setting; book club pick; historical fiction; mystery; level:intermediate,Women's History Month; WWII Remembrance Day,World Bookshelf; Heartbreaking Reads; Comfort Reads; Dark & Atmospheric; Page-Turners,"A heartwarming and thrilling tale of identity, belonging, and redemption set against the backdrop of WWII Lisbon.",,,"Set against the sunlit streets of Lisbon during the turbulence of World War II, *The Bookshop of Secrets* is one of those quietly enchanting reads that pulls you in from the very first page. Kerry Barrett blends mystery, history, and heartfelt emotion into a story that feels both comforting and thrilling.<br/><br/>The novel follows **Lara Hope**, who arrives in Lisbon searching for a family she has never known, desperate for a fresh beginning after her father’s death. What she finds instead is a tender sense of belonging in her landlady’s serene little bookshop — a haven tucked into one of Lisbon’s most picturesque corners. But peace never lasts long in a world at war.<br/><br/>The turning point comes when Lara witnesses a customer secretly swapping a book. That moment unravels everything she thought she knew about the bookshop. Suddenly, Lara is swept into a web of coded messages, hidden identities, political secrets, and quiet acts of defiance. And yet, the book never loses its warmth — friendships bloom, love finds its gentle way in, and even royalty makes an appearance.<br/><br/>Barrett writes Lisbon beautifully — the alleys, the light, the sea breeze, the sense of a city untouched yet deeply affected by war. It’s atmospheric without being heavy. The mystery is engaging without being overwhelming. Most of all, Lara’s journey feels deeply personal: a woman trying to build a new life while unintentionally stepping into a dangerous, exhilarating one.<br/><br/>What makes this novel special is how it balances heart and intrigue. It’s a book about finding courage, discovering unexpected connections, and learning that sometimes the life we’re meant for is nothing like the one we imagined.<br/><br/>A cosy, charming historical mystery with just enough shadows to keep you turning the pages. Perfect for readers who love bookshops, wartime secrets, and heroines who grow into their strength. ✨📚",2025-11-19,2025-10-26,0,
The Architect's Apprentice,Elif Shafak,,9780525427971,read,5,424,Viking,,Turkey,English,,,Historical Fiction; Literary Fiction,art and architecture; mentorship; loyalty; power and politics; human-animal bond; ambition,atmospheric; meditative; sweeping; reflective,mentor and apprentice,Turkish author; Istanbul setting; book club pick; historical fiction; 16th century; architects; level:intermediate,Autumn read; Rainy day read,World Bookshelf; Middle East & North Africa; Around the World in 52 Books; Dark & Atmospheric; Slow Literary,"A richly detailed and atmospheric tale of passion, architecture, and devotion set in the heart of the Ottoman Empire.",,,"Elif Shafak has a way of transporting readers to worlds that feel both distant and alive, and *The Architect’s Apprentice* is one such unforgettable journey. Set in the vibrant heart of the Ottoman Empire, the story follows Jahan, a young elephant keeper who is swept into the dazzling yet dangerous world of the royal court. What begins as a boy’s bond with an elephant grows into a sweeping tale of ambition, loyalty, love, and destiny.<br/><br/>What I loved most is how Shafak paints Istanbul—its minarets, marketplaces, mosques, and mysteries—with such richness that you can almost hear the sounds and smell the spices. Through Jahan’s eyes, we witness the rise of Sinan, the legendary imperial architect, and the making of architectural marvels that still stand today. Their apprentice-master relationship feels deeply human: full of curiosity, wisdom, and quiet lessons about craft and character.<br/><br/>The book moves like a tapestry—threads of history, fiction, Sufi philosophy, and magical realism woven into each chapter. The characters feel flawed yet real, especially Jahan, whose innocence and longing shape his path. The elephant, Chota, becomes more than a companion; he becomes a symbol of purity in a world driven by politics and power.<br/><br/>It’s not a fast-paced story, but a meditative one—slow, atmospheric, beautifully detailed. Some parts may feel dense, but that’s also the charm of the book: it allows you to linger, observe, and soak in the era.<br/><br/>Overall, *The Architect’s Apprentice* is a lyrical, immersive read for anyone who loves historical fiction with soul. It reminds you that journeys shape us as much as destinations do—and that sometimes, the smallest beginnings lead to the grandest stories.<br/><br/>Perfect for readers who enjoy books that take them to another time, another city, another heartbeat entirely. ✨",2025-11-19,2025-10-30,0,
"Mate (Bride, #2)",Ali Hazelwood,,9780593955017,read,4,450,Berkley,Bride,United States,English,,,Paranormal Romance; Fantasy; Romance,fated mates; belonging; identity; political intrigue; survival; destiny vs free will,tense; romantic; emotional; high-stakes,fated mates; protective hero; grumpy x sunshine; forced proximity,Ali Hazelwood; Bride series; werewolf romance; fated mates trope; paranormal romance; spicy romance; autumn read,Autumn; Spooky Season; Halloween,World Bookshelf; Heartbreaking Reads; Dark & Atmospheric,"An explosive, high-stakes paranormal romance packed with intense chemistry, dangerous political intrigue, and unforgettable characters.",,,"Ali Hazelwood returns to her supernatural universe with *Mate*, a gripping, emotional, high-stakes companion novel to *Bride* — this time following **Serena Paris**, the first-ever Human-Were hybrid, and **Koen Alexander**, the fiercely powerful Alpha who would burn down the world to protect her.<br/><br/>From the very beginning, Serena’s story pulls you in. Orphaned, hunted, and carrying the weight of an entire species’ hopes on her shoulders, she has never truly belonged anywhere. Coming forward as a hybrid was supposed to unite Humans, Vampyres, and Weres — but instead, it turned her into a political lightning rod. Everyone wants to use her. Everyone wants to control her. And someone definitely wants her dead.<br/><br/>Enter Koen.<br/>The Alpha of the Northwest pack. Commanding, lethal, loyal. A man whose instincts have already chosen Serena as his mate — even if she wants absolutely nothing to do with destiny, fate, or the bond tying them together. Their dynamic is explosive: the guarded, wary girl who’s never been safe, and the Alpha who would raze kingdoms before letting harm reach her.<br/><br/>Hazelwood balances tension, danger, and slow-burn emotion beautifully. This isn’t just a romance; it’s a survival story. Serena’s past catches up with her in ways she cannot outrun, and the political landscape is even more dangerous than in *Bride*. The Vampyres, the packs, the Humans — everyone has a stake, and Serena stands right at the centre of the storm.<br/><br/>What makes *Mate* so captivating is the emotional payoff. Serena’s inner strength, her fear of connection, Koen’s unwavering devotion, their push-and-pull — everything feels raw and real. The protective Alpha trope is strong, but Serena’s resilience ensures the relationship stays balanced.<br/><br/>If you loved *Bride*, *Mate* delivers even higher stakes, deeper emotion, and a heroine you can’t help rooting for.<br/><br/>A thrilling, romantic, fast-paced continuation of Hazelwood’s supernatural world — with all the found-family warmth, political danger, and crackling chemistry you expect. 🐺🔥💙",2025-11-19,2025-10-26,0,
"The Women of Troy (Women of Troy, #2)",Pat Barker,,9780385546690,read,5,307,Doubleday,Women of Troy #2,United Kingdom,English,,,Mythology; Historical Fiction; Literary Fiction,grief; captivity; survival; war aftermath; resilience; womanhood,atmospheric; dark; haunting; somber; heartbreaking,myth retelling,Greek myth retelling; Trojan War; feminist fiction; women's stories; book club pick; British author; level:intermediate,Women's History Month; autumn read; rainy day read,World Bookshelf; Civilizations Through Books; Civilization · Greece; Around the World in 52 Books; Heartbreaking Reads; Dark & Atmospheric,An unflinching myth retelling that strips away romantic heroism to highlight the raw human cost of war borne by women.,,,"Pat Barker returns to the aftermath of the Trojan War with a powerful, unflinching narrative that gives voice to those history often silences — the women. *The Women of Troy* picks up after the fall of Troy, but instead of focusing on heroes and victories, Barker draws us into the quiet, suffocating world of grief, captivity, and survival.<br/><br/>At the centre of the story is Briseis, now pregnant and living among the Greek victors who destroyed her city. Through her eyes, we witness the unsettling calm after the chaos — a camp full of restless soldiers waiting for the winds to change so they can sail home, while the Trojan women struggle to hold on to their dignity, identity, and hope. The contrast is haunting: the Greeks who won the war feel lost, while the women they conquered somehow stand stronger in spirit.<br/><br/>What makes this book special is Barker’s writing — sharp, human, painfully honest. She doesn’t romanticize myth; she strips it down to its raw emotions. The anger of the Trojan women, the guilt simmering among the soldiers, the suffocating tension inside the camp, and the eerie presence of the dead — everything feels intensely real.<br/><br/>Briseis continues to be one of the most compelling narrators in myth retellings. Her resilience is quiet but powerful. Even surrounded by men who see her as spoils of war, she finds ways to resist, support others, and hold on to her sense of self. Barker also beautifully highlights the bonds between women — fragile, tender, and necessary for survival.<br/><br/>*The Women of Troy* isn’t a fast-paced myth retelling. It’s a slow burn, as heavy and atmospheric as the still air the Greeks wait through. But it’s also deeply moving — a reminder that even after wars end, the battles of women begin.<br/><br/>Perfect for readers who love feminist retellings, Greek mythology told with grit, and stories that echo long after you close the book. ✨",2025-11-19,2025-10-30,0,
The Chola Tigers: Avengers of Somnath,Amish Tripathi,,9789369894925,read,5,460,Harper Fiction India,,India,English,,,Historical Fiction; Thriller,vengeance; unity across regions; grief and loss; dharma and duty; heroism from ordinary lives; nation's pain transformed into purpose,fierce; emotional; hopeful; cinematic,period setting; social constraints; twist ending; unreliable narrator,Indian author; Chola dynasty; Somnath raid; historical thriller; book club pick; under 500 pages; epic adventure; naval warfare,Independence Day; Republic Day; Diwali; Monsoon read; Heritage Month,India Bookshelf; Indian Historical Fiction; States Through Stories; Tamil Nadu Stories; Heartbreaking Reads; Comfort Reads; Page-Turners,"A gripping, emotionally charged historical thriller that turns India’s darkest hour into an epic tale of vengeance and unity.",,,"Amish Tripathi’s *The Chola Tigers* is a fierce, emotionally charged historical thriller that begins in the aftermath of one of the darkest chapters of Indian history — the brutal raid of Somnath in 1025 CE. With the Shiva Linga destroyed and thousands dead, the pain of Bharat hangs heavy. But from that ruin rises a promise… and a vengeance that will shake empires.<br/><br/>The novel follows **five extraordinary individuals**, each from a different corner of India —<br/>a fearless Tamil warrior,<br/>a sharp-witted Gujarati merchant,<br/>a devoted pilgrim of Lord Ayyappa,<br/>a scholar-emperor from Malwa,<br/>and the mighty Rajendra Chola himself, ruler of the world’s most powerful naval empire.<br/><br/>Bound by grief, rage, and Dharma, these five come together to undertake an impossible mission: to carry the war back to Ghazni and strike Mahmud where he believes he is untouchable.<br/><br/>What makes this book so addictive is how Amish blends **historical detail with blockbuster storytelling**. The scale is massive — the Chola naval fleet, the grandeur of Thanjavur, the political intensity of Malwa, and the chilling brutality of Ghazni’s court. Every chapter feels cinematic, full of momentum, filled with strategy, travel, espionage, and fire-forged camaraderie.<br/><br/>But beneath the adventure lies something deeply emotional:<br/>✨ A story of unity beyond caste, region, or faith<br/>✨ A nation’s pain transforming into purpose<br/>✨ Heroes rising from ordinary lives<br/>✨ The idea that vengeance, when tied to justice, becomes Dharma<br/><br/>Amish excels at creating characters who feel real — flawed, determined, and shaped by their personal losses. Rajendra Chola stands out as a powerful yet humane ruler, while the other four heroes bring heart, humour, and intensity to the mission.<br/><br/>*The Chola Tigers* is not just a tale of revenge; it’s a tale of resilience. Of a wounded civilization choosing courage over despair. Of five unlikely heroes carrying the honour of an entire nation on their shoulders.<br/><br/>Thrilling, patriotic, and emotionally stirring — this is Amish at his finest. A roaring tribute to unity, bravery, and Bharat. 🐅🔥🇮🇳",2025-11-19,2025-10-26,0,
"Sons of Darkness (The Raag of Rta, #1)",Gourav Mohanty,,9781035900206,read,4,636,Head of Zeus -- an AdAstra Book,The Raag of Rta,India,English,,,Fantasy; Mythology; Fiction,power; political intrigue; war; morality; duty vs desire; ambition,dark; gritty; epic; tense; atmospheric,morally grey characters; mythological reimagining; political schemes; ancient prophecies,Indian author; Mahabharata retelling; grimdark fantasy; epic fantasy; dark mythology; book club pick; level:advanced,monsoon read; winter read,India Bookshelf; Roots of Bharat; Indian Mythology Retellings; Dark & Atmospheric,"A thrilling, cinematic epic fantasy perfect for fans of Game of Thrones looking for a dark, complex Indian mythology retelling.",,,"If Mahabharata met *Game of Thrones*, the result would look a lot like *Son of Darkness*. Gaurav Mohanty builds an epic world that is dark, political, magical, and unapologetically grand — the kind of fantasy that pulls you into its war-scarred kingdoms and refuses to let you leave.<br/><br/>The story reimagines ancient India through a brutal, fast-paced lens where gods, warriors, assassins, mystics, and monsters collide. Mohanty takes inspiration from Indian mythology but layers it with grit, ambition, and a modern, cinematic flair. The result is a mythology-inspired fantasy that feels familiar yet entirely new.<br/><br/>At the heart of the book is **Krishna**, not the flute-playing deity we grew up with — but a cunning, strategic, morally complex force whose presence shapes everyone around him. The characters are sharp, layered, and often operating in the gray spaces between duty and desire. You can’t predict who will remain loyal, who will betray, or who will survive… and that’s what makes it addictive.<br/><br/>The world-building is massive — kingdoms on the brink of war, secret societies, dark prophecies, deadly creatures, political intrigue, and ancient powers awakening from the shadows. Every chapter feels like a puzzle piece snapping into place, expanding the scale of the story. And the action? Brutal, visual, and thrilling.<br/><br/>What I personally loved is how Mohanty blends mythology with high fantasy without losing emotional depth. Despite the chaos, the book never forgets its characters — their fears, trauma, ambition, and silent battles. The dialogues are sharp, the twists are wild, and the moral dilemmas hit hard.<br/><br/>*Son of Darkness* is not a light read — it’s dense, bold, and packed with details — but that’s exactly why it’s so rewarding. If you enjoy complex epics, morally grey heroes, mythology retellings with a dark edge, and sprawling political drama, this book is a must-read.<br/><br/>A fierce, gripping, larger-than-life fantasy that keeps you hooked till the last page. ⚔️🔥✨",2025-11-19,2025-08-29,0,
The Secret History,Donna Tartt,,9781400031702,read,4,559,Vintage Books,,United States,English,,,Literary Fiction; Mystery; Thriller,obsession; guilt; morality; class and privilege; isolation; intellectual hubris,dark; atmospheric; unsettling; tense; melancholic,reverse whodunit; unreliable narrator; elitist secret society; found family turned toxic,dark academia; autumn read; book club pick; campus novel; cult classic; slow burn; murder mystery; level:advanced; gem:classic,Autumn; Back to School; rainy day read; Halloween,World Bookshelf; Civilizations Through Books; Civilization · Greece; Around the World in 52 Books; Heartbreaking Reads; Dark & Atmospheric; Page-Turners,"The foundational dark academia novel that brilliantly dissects obsession, privilege, and the haunting weight of guilt.",,,"If a group of elite students, an isolated college town, Greek classics, and a murder told right at the beginning sounds intriguing — *The Secret History* pulls you in with exactly that promise.<br/><br/>Donna Tartt doesn’t rush this story. She lets it simmer. Slowly. Almost stubbornly. The book follows a tight-knit group of classics students whose intellectual world feels detached from reality, guided by the enigmatic Professor Julian. From the outside, everything looks refined and beautiful — knowledge, privilege, aesthetics — but underneath, something deeply unsettling brews.<br/><br/>I’ll be honest: this was a **long read**, and for me, the real hook arrived only after the halfway mark. The suspense is there from the start, but the emotional grip took its own sweet time. Once it did, I understood why people talk about this book the way they do — the tension, the moral decay, the quiet dread — all very intentional.<br/><br/>I can’t say I had a favorite character. If anything, that ambiguity feels deliberate. I was certain, however, that I didn’t like Bunny — nor his family — and I’m still unsure what to make of Professor Julian. Was he a mentor, a manipulator, or simply an observer who chose silence over responsibility? The book never hands you clear answers, and that discomfort stays with you.<br/><br/>The **dark academia vibe** is undeniable — libraries, rituals, intellectual arrogance, and beauty laced with darkness. That said, after reading *Babel*, I went into this with different expectations. *The Secret History* is quieter, slower, and less confrontational in comparison.<br/><br/>Would I reread it? Probably not.<br/>Do I get the hype? Yes, I do.<br/><br/>This isn’t a book meant to be loved easily — it’s meant to be **felt**, questioned, and sat with long after the final page.",2025-12-24,2025-12-04,0,
"Daughter of the Moon Goddess (The Celestial Kingdom, #1)",Sue Lynn Tan,,9780063031302,read,5,503,Harper Voyager,The Celestial Kingdom,China,English,,,Fantasy; Mythology; Young Adult,filial piety; sacrifice; resilience; identity; duty vs love,atmospheric; lyrical; enchanting; emotional; adventurous,hidden royalty; court intrigue; love triangle; training arc,Chinese mythology; dragons; AAPI author; book club pick; fantasy romance; debut novel; level:advanced,AAPI Heritage Month; Mid-Autumn Festival; Rainy day read,World Bookshelf; Civilizations Through Books; Civilization · China; Around the World in 52 Books; East Asia Shelf; Heartbreaking Reads; Dark & Atmospheric,"A luminous, mythic fantasy steeped in Chinese folklore, featuring revered dragons, quiet resilience, and breathtaking world-building.",,,"Some stories feel like moonlight — quiet, luminous, and powerful in ways you don’t immediately realize. *The Daughter of the Moon Goddess* is one of those stories.<br/><br/>Inspired by Chinese mythology, Sue Lynn Tan introduces us to Xingyin, the hidden daughter of the Moon Goddess, who has grown up in secrecy, unaware of the dangerous truth surrounding her existence. When her world is suddenly thrown into chaos, she is forced to leave the moon and step into the Celestial Kingdom — a place filled with magic, political intrigue, trials of strength, and destinies far greater than she ever imagined.<br/><br/>I loved this book. Truly.<br/>It has everything I look for in fantasy — **rich world-building, emotional depth, quiet resilience, and magic that feels ancient and reverent rather than loud**. And then there are the dragons — wise, revered, majestic beings who command respect rather than fear. After *Fourth Wing*, I didn’t think my love for dragons could grow any deeper, but this book proved me wrong in the most beautiful way.<br/><br/>What stood out to me most was Xingyin’s journey. She isn’t loud or reckless; her strength lies in patience, loyalty, and perseverance. Her growth feels earned, shaped by loss, love, and difficult choices. The emotional arcs — especially around sacrifice and longing — are tender and haunting, lingering long after you turn the last page.<br/><br/>The writing itself feels lyrical, almost poetic, making the reading experience immersive and slow in the best way possible. This is the kind of fantasy that invites you to pause, imagine, and sink into its world rather than rush through it.<br/><br/>If you love mythology-inspired fantasy, celestial realms, powerful yet gentle heroines, and dragons that feel like legends come alive — this book deserves a place on your shelf.<br/><br/>A story woven with magic, moonlight, and quiet courage — one I already know will stay with me for a long time 🌙✨",2025-12-24,2025-11-19,0,
"Heart of the Sun Warrior (The Celestial Kingdom, #2)",Sue Lynn Tan,,9780063031364,read,5,480,Harper Voyager,The Celestial Kingdom #2,China,English,,,Fantasy; Mythology; YA Fantasy,sacrifice; duty vs love; loyalty; grief; identity; family,atmospheric; emotional; bittersweet; adventurous,love triangle; gods and mortals; royalty; quest,Chinese mythology; Asian author; celestial fantasy; duology finale; book club pick; AAPI author; level:intermediate,AAPI Heritage Month; Autumn read; rainy day read,World Bookshelf; Civilizations Through Books; Civilization · China; Around the World in 52 Books; East Asia Shelf; Heartbreaking Reads; Dark & Atmospheric,"An emotionally charged, lushly written celestial fantasy that brings Xingyin's story to a powerful and breathtaking close.",,,"Sequels often carry the weight of expectations, and *The Heart of the Sun Warrior* rises to that challenge with emotional depth and quiet intensity.<br/><br/>Picking up after *The Daughter of the Moon Goddess*, this story finds Xingyin no longer the sheltered girl we first met, but a woman shaped by loss, duty, and the consequences of her own choices. The world expands beyond familiar celestial spaces into darker, more uncertain territories, where alliances are fragile and every decision comes at a cost.<br/><br/>What stood out to me most in this book was how **emotionally heavy** it felt. The conflicts are no longer just external — they live within Xingyin herself. Her growth is painful, slow, and deeply human. She learns that love, power, and loyalty rarely exist without sacrifice, and that real strength often lies in endurance rather than victory.<br/><br/>One aspect I didn’t expect was how my feelings toward the **Cloud Realm prince** evolved. What began as indifference slowly turned into understanding, and eventually, a quiet fondness. His arc is layered with restraint, responsibility, and unspoken emotion — the kind that doesn’t demand attention but earns it over time. That gradual shift made the emotional tension of the story even more compelling.<br/><br/>The magic remains lush and immersive, and the dragons continue to feel wise, revered, and awe-inspiring — creatures of legend rather than spectacle. There is a noticeable shift in tone compared to the first book; this one is darker, more complex, and at times, heartbreaking.<br/><br/>The pacing does slow down in parts, leaning more toward emotional buildup than action. But for me, that slowness allowed the weight of each choice and consequence to truly settle.<br/><br/>*The Heart of the Sun Warrior* is a thoughtful, emotional conclusion — one that doesn’t offer easy resolutions, but instead leaves you reflecting on growth, sacrifice, and the quiet cost of love long after the final page 🌙✨",2025-12-24,2025-11-19,0,
"Days at the Torunka Café (Days at the Torunka Café, #1)",Satoshi Yagisawa,,9780063445857,read,5,240,Harper Perennial,Days at the Torunka Café #1,Japan,Japanese,,,Fiction; Contemporary,healing; loneliness; human connection; everyday life; comfort; reflection,cozy; comforting; peaceful; reflective; gentle,found connection; safe haven,Japanese author; translated fiction; cozy read; under 300 pages; coffee shop setting; slow living; book club pick,rainy day read; autumn read; winter cozy read; weekend read,World Bookshelf; Civilizations Through Books; Civilization · Japan; Around the World in 52 Books; East Asia Shelf; Comfort Reads,"A warm, soul-soothing slice-of-life read perfect for anyone seeking quiet comfort and soft human connection over a hot drink.",,,"Some books don’t demand your attention — they gently ask for it. *Days at the Torunka Café* is one such quiet, comforting read that feels like a warm cup of coffee on a slow afternoon.<br/><br/>Set in a small, unassuming café, this story follows the lives of people who drift in and out of Torunka — each carrying their own worries, loneliness, and unspoken thoughts. The café becomes more than just a place to eat or drink; it turns into a pause button in their lives, a space where time slows down and emotions are allowed to surface gently.<br/><br/>This is not a plot-heavy book. Nothing dramatic happens, and that’s exactly the charm. The beauty of this story lies in its simplicity — in everyday conversations, shared meals, and fleeting connections between strangers who may never meet again, yet leave a lasting imprint.<br/><br/>What I appreciated most was how the book captures the quiet weight of ordinary lives. The characters feel real — flawed, tired, hopeful in small ways. There’s a soft sense of healing woven through the narrative, not in a loud or life-altering manner, but in subtle shifts of perspective. It reminds you that sometimes comfort comes not from solutions, but from being seen and heard, even briefly.<br/><br/>The writing is calm and soothing, making this an ideal slow read. I found myself lingering over pages, not because I was desperate to know what happens next, but because I didn’t want to rush the experience. This is the kind of book you read alongside chai or coffee, in between moments of your own day.<br/><br/>If you enjoy slice-of-life stories, Japanese-style cozy fiction, and books that feel like a gentle exhale, *Days at the Torunka Café* is worth picking up.<br/><br/>A quiet story about ordinary days, shared spaces, and the small comfort of simply existing — sometimes, that’s all we need 🤍☕📚",2025-12-24,2025-10-26,0,
"Dance of Shadows (The Raag of Rta, #2)",Gourav Mohanty,,9781035900275,read,5,832,Head of Zeus -- an AdAstra Book,The Raag of Rta,India,English,,,Fantasy; Epic Fantasy; Mythology,ancient secrets; power and politics; duty and destiny; ambition; mythological heritage,dark; atmospheric; adventurous; tense; immersive,quest for a lost city; dragons; ancient prophecy; slow burn romance,Indian author; epic fantasy; Indian mythology inspired; dragons; thick book; high stakes quest; sequel; level:advanced,Monsoon read; Winter read,India Bookshelf; Roots of Bharat; Indian Mythology Retellings; Dark & Atmospheric,"An exhilarating, dragon-infused dark epic fantasy that masterfully blends Indian mythology with high-stakes, treasure-hunt intrigue.",,,"Sequels can either deepen a story or simply extend it — Dance of Shadows firmly does the former.<br/><br/>The second book in Gaurav Mohanty’s epic fantasy series, following The Son of Darkness, builds a world that feels richer, darker, and far more immersive. I’ll be honest: I enjoyed this part more than the first. The narrative has layers — of magic, politics, ancient history, and emotions — all unfolding at a more confident pace.<br/><br/>What truly stood out to me was the sense of adventure. The exploration of the lost city of Manu, especially through Nala and Parshuram’s journey, gave me strong vibes of a high-stakes treasure hunt. Reading those sections felt like stepping into a story where ancient secrets are waiting to be unearthed — the kind of tension and curiosity I associate with Dan Brown or Matthew Reilly novels. That blend of mythology and fast-moving discovery kept me completely hooked.<br/><br/>The book balances its elements beautifully. There’s magic woven into the worldbuilding, not overwhelming but deeply rooted. The romance simmers quietly in the background, adding emotional depth without overpowering the larger narrative. And then there are the dragons — majestic, powerful, and absolutely my favorite part. Their presence elevates the story, adding both awe and intensity whenever they appear.<br/><br/>What I appreciated most was how the story doesn’t rely on spectacle alone. The characters feel more grounded, their motivations clearer, and the stakes more personal. The writing feels sharper, and the plot more assured, as if the author truly settles into his world in this installment.<br/><br/>Dance of Shadows is the kind of sequel that expands its universe while keeping the reader emotionally invested. If you enjoy mythology-inspired fantasy with ancient cities, layered storytelling, and dragons that command attention, this book is a rewarding read.<br/><br/>A powerful continuation — one that proves the series is only getting stronger 🐉✨📖",2025-12-24,2025-12-24,0,
Immortal,Sue Lynn Tan,,9780063267619,read,5,464,Harper Voyager,,China,English,,,Fantasy; Romance,duty vs desire; immortality; sacrifice; longing; fate,atmospheric; dreamlike; romantic; emotional,enemies to lovers; slow burn; gods and mortals; forced proximity,Asian author; fantasy romance; enemies to lovers; slow burn; book club pick; mythology inspired; level:intermediate,autumn read; rainy day read,World Bookshelf; Civilizations Through Books; Civilization · China; Around the World in 52 Books; East Asia Shelf; Heartbreaking Reads; Dark & Atmospheric,"A dreamlike, emotional fantasy romance perfect for fans of slow-burn enemies-to-lovers stories filled with yearning and rich worldbuilding.",,,"A mortal ruler bound to her land.<br/>An immortal God of War sworn to destruction.<br/>And a slow-burn, enemies-to-lovers romance that unfolds across time, duty, and longing.<br/><br/>*Immortal* by **Sue Lynn Tan**, the author of *The Daughter of the Moon Goddess*, tells the story of the Lady of Tianxia and the God of War — two powerful beings forced into reluctant proximity by fate and circumstance. What begins as mistrust and resistance slowly transforms into something tender, restrained, and deeply emotional.<br/><br/>This book leans heavily into **atmosphere and emotion** rather than fast-paced action. The romance is the heart of the story — unhurried, filled with tension, and shaped by sacrifice. Every interaction feels deliberate, making the eventual softening between the two characters feel earned rather than rushed. If you enjoy enemies-to-lovers where the shift is gradual and rooted in mutual respect, this will speak to you.<br/><br/>The writing is lyrical and calm, creating a dreamlike reading experience. The magic here isn’t explosive; it exists quietly in immortality, ancient vows, and the weight of time. Sue Lynn Tan excels at portraying longing — the kind that lingers between words, in pauses, in what remains unsaid.<br/><br/>Compared to the Celestial Kingdom duology, *Immortal* has a simpler plot, but emotionally, it carries just as much depth. Themes of duty versus desire, the cost of eternal life, and the fragility of mortal moments are woven beautifully throughout the narrative.<br/><br/>This isn’t a book meant to be devoured in one sitting. It’s meant to be read slowly, perhaps when you’re craving something soft yet intense, romantic yet restrained.<br/><br/>For readers who loved mythology-inspired fantasy, slow-burn romance, and the gentle magic of Sue Lynn Tan’s storytelling, *Immortal* is a quiet, aching kind of love story — one that stays with you long after the final page 🌙📖✨",2025-12-24,2025-11-19,0,
The Bastard of Istanbul,Elif Shafak,,9780670038343,currently-reading,,368,Viking Adult,,Turkey,English,,,Literary Fiction; Historical Fiction,family secrets; identity; intergenerational trauma; reconciliation; memory; womanhood,atmospheric; reflective; bittersweet; rich,family secrets; culture clash; dual narrative,Turkish author; set in Istanbul; book club pick; female-led; multicultural story; food in fiction; level:intermediate,Women's History Month; autumn read,World Bookshelf; Middle East & North Africa; Around the World in 52 Books; Dark & Atmospheric; Slow Literary,"A vibrant, richly woven story of family secrets, identity, and historical memory set against the backdrop of Istanbul.",,,,,2025-12-27,0,
The Moon Glow Bookshop,Seo Dong-won,,9781035425457,read,5,288,Wildfire,,South Korea,Korean,,,Contemporary Fiction; Fantasy,healing; community; books and reading; comfort; second chances; self-discovery,heartwarming; cozy; comforting; gentle; hopeful,found family; magical shop,Korean author; translated fiction; healing fiction; book about books; cozy read; under 300 pages; book club pick,Autumn; Winter; rainy day read,World Bookshelf; East Asia Shelf; Around the World in 52 Books; Comfort Reads,"A deeply comforting translated read perfect for fans of cozy, heartwarming books about the magic of bookstores.",,,heart warming,2025-12-29,2025-12-27,0,
A Midnight Pastry Shop Called Hwawoldang,Lee Onhwa,,9780063468023,read,5,240,William Morrow,,South Korea,Korean,,,Cozy Fiction; Magical Realism; Literary Fiction,healing; grief; comfort; food and memory; hope; self-discovery,cozy; heartwarming; reflective; comforting; emotional,magical shop; food magic; found family,Korean author; translated fiction; healing fiction; cozy read; under 300 pages; book club pick; foodie fiction; level:intermediate,autumn read; winter read; rainy day read; late-night reading,World Bookshelf; East Asia Shelf; Around the World in 52 Books; Heartbreaking Reads; Comfort Reads; Slow Literary,A heart-warming and magical Korean cozy novel perfect for fans of comforting reads and sweet treats.,,,beautifully written,2025-12-29,2025-12-29,0,
The Girl In The Coffee House,Sirjandeep Kaur Ubha,,9788198801586,read,5,144,ANECDOTE PUBLISHING HOUSE,,India,English,,,Thriller; Mystery; Fiction,neurodiversity; secrets; crime; strangers brought together; identity,suspenseful; gripping; fast-paced; dark,amateur sleuth; strangers to allies,Indian author; autistic protagonist; under 200 pages; reading slump cure; quick read; murder mystery; Delhi setting; book club pick; level:beginner,weekend binge; rainy day read,India Bookshelf; Dark & Atmospheric; Page-Turners,"A sharp, fast-paced psychological thriller under 150 pages that serves as the ultimate reading slump cure.",,,"'Chota packet, bada dhamaka' — this book is literally the definition of that.<br/><br/>I picked it up with zero expectations, wondering what a psychological thriller under 200 pages could possibly offer… and honestly? It turned out to be an 'absolute banger'.<br/><br/>The story follows an autistic girl who moves from Dehradun to Delhi for her PhD. She becomes a regular at a small, cosy café — a space she shares with two other guys who also visit often. What begins as three strangers sharing the same coffee-house routine slowly turns into a gripping journey where their lives get intertwined in the most unexpected ways. Soon, they find themselves in the middle of a murder mystery involving the son of a high-profile personality.<br/><br/>The plot is sharp, fast, and twisty — exactly the kind of thrilling ride that keeps you glued till the last page. I finished it in one sitting, and by the time I reached the end, I was shook.<br/><br/>If you’re stuck in a reading slump or want a short, punchy, edge-of-the-seat thriller, 'The Girl in the Coffee House' is a 'must-read'. Perfect weekend binge material. 📚✨",2026-01-13,2026-01-03,0,
A Cold Hold,Sanjana Kanamarlapudi,,,read,5,292,,,India,English,,,Romance; Mystery; Paranormal,grief; past tragedy; unresolved emotions; secrets; connection,atmospheric; mysterious; emotional; reflective,boarding school; haunted past; tragedy to healing,Indian author; boarding school mystery; paranormal romance; atmospheric read; under 300 pages; light supernatural,Autumn read; Rainy day read,India Bookshelf; Heartbreaking Reads; Dark & Atmospheric; Page-Turners,Perfect for readers seeking an atmospheric romantic mystery with gentle paranormal suspense and deep emotional resonance.,,,"A Cold Hold immediately stands out with its atmospheric cover, which reflects the tone of the story well. The book blends romance, mystery, and a light supernatural element, focusing on Gwen Griswold as she navigates unresolved emotions and an old tragedy tied to her boarding school.<br/><br/>The developing connection between Gwen and the boy linked to the past is written with sensitivity and carries unexpected emotional weight. The writing is smooth and immersive. While the mystery and horror elements could have been stronger, the overall story remains engaging.<br/><br/>A solid choice for readers who enjoy romantic fiction with gentle suspense and a touch of the paranormal.",2026-01-17,2026-01-03,0,
The Blind King,S. Deepanshu,,9798897243938,read,5,358,Notion Press,,India,English,,,Mythology; Literary Fiction; Philosophical Fiction,aftermath of war; guilt; regret; responsibility; acceptance; grief,introspective; reflective; melancholic; somber,philosophical dialogue,Indian author; Mahabharata retelling; mythological fiction; post-war story; book club pick; philosophical read; level:intermediate,monsoon read; quiet evening read,India Bookshelf; Roots of Bharat; Indian Mythology Retellings; Indian Literary Fiction; Heartbreaking Reads; Slow Literary,"A moving, introspective retelling that turns away from the battlefield to explore the human weight of guilt and redemption.",,,"What sets 'The Blind King' apart from the countless retellings of the Mahabharata is its stunning shift in focus. Instead of walking us through the familiar events of the epic, this book turns its gaze to what most authors leave untouched—the silence after the war, the ruins left behind, and the heavy, suffocating aftermath that no victory can erase.<br/><br/>This is not the story of the Kurukshetra war. This is the story of what comes 'after'.<br/><br/>Through an unforgettable conversation between Krishna and Dhritarashtra, the book explores emotions that are surprisingly universal. As Dhritarashtra confronts the choices he made, the blame he placed on others, and the regrets that refused to loosen their grip, you can’t help but see reflections of your own life. The “what-ifs,” the guilt, the fear of owning our mistakes—these are not just the king’s burdens; they’re ours too. And that’s where the book truly becomes more than mythology—it becomes deeply human.<br/><br/>The writing is fluid, and the conversations flow with a natural ease, effortlessly weaving past events into the present moment. I especially loved how the last few chapters bring everything together with such emotional clarity. There’s a quiet power in the way the story concludes, almost as if both Dhritarashtra and the reader arrive at the same point of acceptance.<br/><br/>'The Blind King' isn’t just another Mahabharata-inspired retelling. It’s a rare, introspective journey into responsibility, regret, healing, and the courage it takes to face your own truth. A unique and beautifully crafted book that lingers long after the final page.",2026-01-18,2026-01-08,0,
Ten Incarnations of Rebellion,Vaishnavi Patel,,9780593874769,read,4,320,Ballantine Books,,India,English,,,Fantasy; Mythology; Fiction,rebellion; power; duty; identity; justice; destiny,epic; atmospheric; empowering; reflective,rebellion against fate; gods and mortals; power corrupts,Indian author; mythology retelling; feminist fantasy; book club pick; South Asian fiction; fantasy read; level:intermediate,Women's History Month; Monsoon read; Autumn read,India Bookshelf; Roots of Bharat; Indian Mythology Retellings; Dark & Atmospheric,A fiery and evocative mythological fantasy that gives voice to rebellion against divine decree.,,,,2026-01-18,2026-01-01,0,
"A Language of Dragons (A Language of Dragons, #1)",S.F. Williamson,,9780063353848,read,4,432,HarperCollins,A Language of Dragons #1,United Kingdom,English,,,Fantasy; Historical Fantasy,rebellion; codebreaking; family loyalty; class and privilege; secrets and lies; freedom,atmospheric; tense; mysterious; adventurous,enemies to lovers; hidden identities; forbidden knowledge,Dark Academia; dragons; alternate history; 1920s London; codebreaking story; slow burn romance; book club pick,Autumn read; Winter read,World Bookshelf; Dark & Atmospheric,"An intoxicating blend of Dark Academia, 1920s codebreaking, and dragon lore wrapped in a tense slow-burn romance.",,,"'A Language of Dragons' is one of those debuts that doesn’t just intrigue you — it seizes you from page one and refuses to let go. Set in an alternative 1923 London where dragons fly overhead and rebellion simmers beneath the city’s polished façade, this novel blends Dark Academia, political intrigue, and slow-burn romance into an unforgettable fantasy.<br/><br/>Vivien Featherswallow is the perfect Dark Academia heroine: brilliant, tightly wound, terrified of stepping out of line, and carrying the weight of her family’s survival on her shoulders. Her carefully planned life collapses in a single night — a spark that ignites civil war, leaving her parents imprisoned and her sister missing. What begins as an academic ambition turns into a desperate, high-stakes quest for freedom.<br/><br/>Her recruitment into Bletchley Park — a secretive hub of codebreaking infused with dragon lore — is where the story truly soars. The atmosphere is deliciously tense: whispered secrets, dangerous missions, hidden identities, and a mysterious dragon language that refuses to be decoded. As Viv delves deeper, she uncovers truths that shatter everything she thought she understood about her country, her privilege, and the war she’s unknowingly helped fuel.<br/><br/>The book is rich with Dark Academia vibes: coded messages, dusty libraries, moral complexity, and the intoxicating thrill of forbidden knowledge. Add to that a slow-burn enemies-to-lovers romance threaded through betrayal, loyalty, and razor-sharp chemistry, and it becomes utterly addictive.<br/><br/>With its sweeping world-building, political depth, and emotional intensity, 'A Language of Dragons' feels like a perfect blend of 'Babel', 'Fourth Wing'. It’s epic yet intimate, sharp yet tender — a debut that promises an extraordinary new voice in fantasy.<br/><br/>This isn’t just a story about dragons. It’s about power, privilege, rebellion, and the dangerous beauty of a language that could burn the world down… or save it.",2026-01-25,2025-12-31,0,
The Pearl That Broke Its Shell,Nadia Hashimi,,9780062244758,read,5,452,William Morrow,,Afghanistan,English,,,Historical Fiction; Literary Fiction; Cultural Fiction,identity; gender roles; resilience; survival; freedom; family dynamics; tradition,heartbreaking; hopeful; emotional; atmospheric; inspiring,dual timeline; disguise; secret identity; generational connection,Afghan author; women's rights; dual timeline fiction; book club pick; bacha posh; Middle Eastern setting; Women's History Month; level:intermediate,Women's History Month; Autumn read; book club pick,World Bookshelf; Middle East & North Africa; Around the World in 52 Books; Heartbreaking Reads; Comfort Reads; Dark & Atmospheric,A deeply moving and resilient dual-timeline story of two Afghan women fighting for freedom across generations.,,,"Nadia Hashimi is one of those authors I will pick up without even reading the blurb — because every book of hers does something rare: it breaks your heart, but it never abandons you in the darkness. Instead, she offers a fragile but steady thread of hope, the kind that reminds you that survival itself is a kind of victory.<br/>*The Pearl That Broke the Shell* is the perfect example of this.<br/><br/>In this novel, Hashimi tells the parallel stories of two Afghan women separated by a hundred years, yet connected through the same fight for autonomy. Rahima, living in Kabul in 2009, grows up in a house where five daughters are not enough to earn respect, safety, or even basic freedom. Her world is painfully small — reduced further by her father’s addiction and the suffocating restrictions placed on girls. Everything changes the moment she becomes a *bacha posh*, temporarily allowed to live as a boy. This transformation opens a door she never imagined: access, mobility, education, and the intoxicating taste of choice.<br/><br/>A century earlier, in 1909, Shekiba’s story unfolds with equal weight. Disfigured as a child and treated as less than human, Shekiba’s life is a brutal portrait of how cruelty is often disguised as tradition. And yet, through unimaginable circumstances, she finds her way into the king’s palace, disguised as a man and serving as a guard. Even in her harshest moments, she discovers strength, resilience, and eventually, a future she never allowed herself to dream of.<br/><br/>What makes this novel unforgettable is how Hashimi weaves these two timelines into a conversation — about womanhood, survival, identity, and the quiet ways hope passes from one generation to the next. Rahima and Shekiba don’t just mirror each other; they amplify each other’s courage. Their stories illuminate the reality of countless Afghan women whose resilience is often invisible, unheard, or forgotten.<br/><br/>This book is painful, powerful, and deeply human. It lingers — not as a tragedy, but as a reminder of how fiercely women fight for the smallest sliver of freedom, and how that fight can echo across time.",2026-01-25,2026-01-01,0,
Beyond The Blinding Sun,Jayanta G. Borpujari,,9788198801562,read,5,340,ANECDOTE PUBLISHING HOUSE,,Oman,,,,Literary Fiction; Thriller,exploitation; survival; hope; desperation; dignity; freedom,heartbreaking; hopeful; atmospheric; dark,modern-day slavery; immigrant labor,Indian author; translated fiction; book club pick; under 300 pages; social justice; immigration story; level:intermediate,International Workers' Day,India Bookshelf; Indian Literary Fiction; Heartbreaking Reads; Comfort Reads; Dark & Atmospheric; Page-Turners,A heart-wrenching and thought-provoking exploration of modern-day slavery and the struggles of immigrant laborers.,,,"This book doesn’t ask for your comfort — it takes it away.<br/><br/>'Beyond the Blinding Sun' is a brutal, unflinching portrayal of 'modern-day slavery', Set in Oman, told through the lives of three immigrants who leave home chasing dignity and survival, only to be swallowed by exploitation on foreign land. What they encounter isn’t just cruelty from individuals, but a system designed to trap, silence, and break them.<br/><br/>The 'first half' is emotionally traumatic. It sits heavy with fear, humiliation, hunger, and helplessness. The characters feel painfully real — vulnerable, exhausted, yet still trying to hold on to fragments of hope. Their suffering is quiet, repetitive, and degrading, which makes it even harder to read.<br/><br/>The 'second half' shifts into high tension and relentless suspense. As patience wears thin, desperation takes over. Escapes are planned, risks are taken, and survival becomes a gamble against detention centers, deserts, and ruthless authorities. The pace quickens, but the dread never fully lifts.<br/><br/>What makes this story deeply disturbing is how little it feels like fiction. This is the lived reality of countless unskilled and low-skilled immigrant labourers across the world — people promised work and opportunity, only to be trapped in contracts that strip them of freedom and dignity. Not everyone escapes. Not everyone is rescued. The book makes it painfully clear that survival often comes down to luck, rare intervention, or sheer endurance, while many others remain invisible inside the same cruel machinery.<br/><br/>The writing is fast-paced, accessible, and direct — but it leaves you sitting with uncomfortable questions long after you finish. This is not a feel-good read. It is an **important** one.",2026-01-25,2026-01-03,0,
The Lost Story,Meg Shaffer,,9780593598870,read,5,329,Ballantine Books,,United States,English,,,Fantasy; Literary Fiction,friendship; memory; guilt; trauma; survival; love; truth; reckoning,heartbreaking; hopeful; atmospheric; emotional,missing persons; trauma recovery,Indian author; book club pick; translated fiction; under 300 pages; fantasy; literary fiction; level:intermediate,rainy day read,India Bookshelf; Indian Literary Fiction; Heartbreaking Reads; Comfort Reads; Dark & Atmospheric,"A quiet, emotional, and layered exploration of trauma, survival, and the power of friendship.",,,"The Lost Story* begins where most stories end — with two boys who vanished into a forest and somehow returned six months later. Fifteen years on, the mystery hasn’t faded; it has only changed shape. Trauma lingers, memories fracture, and the truth waits patiently to be confronted.<br/><br/>This is a story about **friendship, memory, guilt, and the cost of survival**. Jeremy remembers what truly happened. Rafe doesn’t. And that imbalance — of knowledge, protection, and secrecy — becomes the emotional core of the book. Add Emilie, desperately searching for her missing sister, and the past is forced open.<br/><br/>The magical realm here isn’t just beautiful or dangerous — it’s haunting. It feels like a place shaped by fear, wonder, and unfinished emotions. The fantasy elements are rich, but the real magic lies in how the story explores **what trauma erases, what love hides, and what truth demands**.<br/><br/>This book is quiet, emotional, and layered. It’s less about adventure and more about **reckoning** — about returning to the place that broke you in order to reclaim what was lost. Some parts feel heavy, some tender, and some deeply unsettling in the best way.<br/><br/>If you enjoy stories that blend fantasy with emotional depth, grief, and healing — this one will stay with you long after the last page.",2026-01-25,2026-01-25,0,
"The Amberglow Candy Store (The Night Alley, #1)",Hiyoko Kurisu,,9781405973373,read,,235,Penguin,The Night Alley,Japan,Japanese,,,Fantasy; Literary Fiction,loneliness; regret; uncertainty; acceptance; growth; vulnerability; kindness,heartwarming; hopeful; atmospheric; witty,unique magic system; quest; character-driven; interiority,cozy fantasy; interconnected stories; book club pick; translated fiction; under 300 pages; level:intermediate,rainy day read,World Bookshelf; Civilizations Through Books; Civilization · Japan; Around the World in 52 Books; East Asia Shelf; Comfort Reads; Dark & Atmospheric,"A heartwarming collection of interconnected stories that feel like a warm hug, perfect for a rainy day.",,,"This book feels like stepping into a softly lit alley just as evening settles — quiet, gentle, and a little magical.<br/><br/>*The Amberglow Candy Store* is a collection of linked stories wrapped in **cozy fantasy and fable-like warmth**. At the heart of it is Kogetsu, the half-fox shopkeeper who runs a small wagashi store on Gloaming Lane. His sweets aren’t loud or dramatic — they heal in quiet ways, nudging people toward clarity, courage, and acceptance.<br/><br/>Each chapter introduces a different customer, someone carrying their own loneliness, regret, or uncertainty. Through their encounters with Kogetsu and his magical confections, their lives shift — not magically solved, but gently realigned. What makes the book even more touching is that Kogetsu himself is on a journey too, slowly revealing his past and learning lessons alongside those he helps.<br/><br/>The writing is soft, comforting, and reflective. There’s no urgency here, no high-stakes conflict — just moments of human vulnerability, kindness, and quiet growth. It’s the kind of book you read slowly, preferably with tea nearby, letting each story linger.<br/><br/>If you enjoy **cozy fantasy, interconnected stories, and books that feel like a warm hug**, this one is a small, glowing delight 🍬✨",2026-01-25,2026-01-25,0,
Shadow Play Love and Blackmail,Nitish Bhushan,,9789347839139,read,5,354,ANECDOTE PUBLISHING HOUSE,,India,English,,,Thriller; Spy Fiction; Romance,loyalty; friendship; national security; love; identity,heart-pumping; emotional; witty; atmospheric,high-stakes; cybersecurity; spy games,Indian author; thriller; spy fiction; romance; book club pick; translated fiction,Diwali; Holi,India Bookshelf; Heartbreaking Reads; Dark & Atmospheric; Page-Turners,A gripping thriller that will keep you on the edge of your seat.,,,"While 'Love, Swipe & Blackmail' began its journey at Chapter 35, 'Shadow Play: Love & Blackmail' concludes with an epilogue that absolutely blew my mind. The entire time I felt like I was watching a high-paced thriller unfold—not on a screen, but inside my head. Honestly, with the right vision, this could make a brilliant movie adaptation someday.<br/><br/>This book keeps you glued to the pages, constantly making you question whether you're reading a techno-thriller, a spy fiction, or an emotional roller coaster sprinkled with love, romance, and Raaj’s trademark humour that never fails to land.<br/><br/>Let’s start with the cover—stunning, intriguing, and perfectly setting the mood for what’s inside. Having read the first part of the sequel, I was excited to see where the lives of Raaj, Ravi, and Bhanu would go. Three years later, we’re thrown straight into their world—a high-stakes ride where loyalties are tested, threats loom large, and friendships prove unshakeable.<br/><br/>At the heart of the story lies an unexpected twist: national security. This element elevates the book to an entirely new level. A special shout-out to the author for breaking down complex cybersecurity concepts so effortlessly that even readers with zero technical background can follow and enjoy every bit.<br/><br/>The suspense and thrill kept me on edge, yet Raaj’s witty banter made sure I never stopped smiling. If you’ve read the first part and enjoyed it, you're absolutely going to fall in love with this one.<br/><br/>And when you finally reach the end? The last page leaves you with a delightful surprise—one that’ll make you immediately ask the author, “When is the next part coming?”<br/><br/>Whether you're an adolescent, a young adult, or a tech-curious teen obsessed with hacking and cyber dynamics, this book has something for everyone. That’s the true beauty of it.",,2026-01-28,0,
GULNORA,Ashok Bhasin,,9798897446131,read,5,364,Notion Press,,India,English,,,Thriller; Crime Fiction,corruption; power games; identity; morality,edge-of-the-seat; tense; gripping,twist ending; unreliable narrator,Indian author; thriller; crime fiction; book club pick; translated fiction,,India Bookshelf; Dark & Atmospheric; Page-Turners,A gripping thriller that will keep you on the edge of your seat until the very end.,,,"Some books don’t ask for your time politely—they demand it. GulNora is exactly that kind of book. A fast-paced, edge-of-the-seat thriller that kept me hooked late into the night, willingly sacrificing sleep just to read “one more chapter.”<br/><br/>The story begins in 2000 with a seemingly routine smuggling case at Delhi airport, where a young Uzbek woman, Gulnora, is caught carrying 27 bales of silk. What follows is far from routine. As the narrative unfolds, layers of corruption, secrets, and power games slowly come to light. The mysterious death of Customs Superintendent Ankit Tyagi—and the contrasting perspectives of his wife Poonam and Inspector Sandeep Yadav—adds depth and tension to the plot.<br/><br/>What truly stood out for me was how 'raw and realistic' the portrayal of government systems felt. The book doesn’t romanticise power or authority; instead, it shows how corruption, favours, and buried deals quietly operate behind closed doors. At times, it genuinely felt like watching a tightly edited, high-suspense thriller film play out scene by scene.<br/><br/>The characters are morally complex, especially Gulnora herself. Is she a victim of circumstances or a master manipulator? That question stays with you long after you turn the last page. The same goes for Prithvi, the enigmatic businessman whose presence adds an extra layer of intrigue.<br/><br/>The ending wasn’t something I could fully predict—and while it leaves several questions unanswered, it still worked for me. In fact, that ambiguity added to the overall impact, making the story linger in my mind.<br/><br/>If you’re looking for a 'fast-paced, gripping suspense thriller' that keeps you guessing and challenges your assumptions, *GulNora* is highly recommended. An absolute page-turner and a solid binge-read. 🔥",2026-02-01,2026-02-01,0,
A Song to Drown Rivers,Ann Liang,,9781250289469,read,4,325,St. Martin's Press,,China,English,,,Historical Fiction; Literary Fiction; Fantasy,power struggles; fragile alliances; war; identity; ambition,heartbreaking; hopeful; atmospheric; dark,rival kings; strategic alliances; personal sacrifice,Chinese author; historical fantasy; book club pick; translated fiction; under 300 pages; level:intermediate,Chinese New Year; Dragon Boat Festival,World Bookshelf; Civilizations Through Books; Civilization · China; Around the World in 52 Books; East Asia Shelf; Heartbreaking Reads; Comfort Reads; Dark & Atmospheric,A haunting and thought-provoking exploration of the human cost of war and the corrupting influence of power.,,,"Song to Drown Rivers was a beautifully written and deeply affecting read—but I’ll be honest, the ending broke my heart. I didn’t see it coming, and even after finishing the book, it stayed with me in a quiet, heavy way.<br/><br/>The novel does an excellent job of portraying the politics, power struggles, and fragile alliances between kingdoms. Every decision feels weighted, every move strategic, reminding us how personal lives often become casualties in larger political games. The writing is lyrical yet sharp, making the world feel both grand and painfully intimate.<br/><br/>What surprised me most was how my feelings shifted toward Fuchai, the rival king. By the end, I couldn’t bring myself to hate him. The moment where he asks Xishi to kill him rather than letting others do it was devastating—stripped of pride, power, and cruelty, leaving behind only a broken man. It was heartbreaking in a way I didn’t expect.<br/><br/>For me, the true villain of the story wasn’t the enemy king—it was Goujian. The brutality of his choices, especially the way he orchestrates Xishi’s fate, felt far more cruel than anything done in battle. Power, ambition, and vengeance completely overshadow humanity, and that realization hurt the most.<br/><br/>Somewhere deep inside, I was holding onto hope. I wanted Xishi and Fanli to finally have their peace, their long-deserved happy ending after the war. But the book chose realism over comfort—and that choice shattered me.<br/><br/>A Song to Drown Rivers is tragic, political, and emotionally intense. It’s not an easy read, but it’s a powerful one—especially if you’re okay with stories that don’t promise happy endings, only unforgettable ones.",2026-02-01,2026-01-27,0,
"What the River Knows (Secrets of the Nile, #1)",Isabel Ibañez,,9781250803375,read,4,404,Wednesday Books,Secrets of the Nile,Egypt,,,,Historical Fiction; Fantasy,grief; identity; self-discovery; power struggles; family secrets,atmospheric; mysterious; romantic,period setting; social constraints; unique magic system; quest,historical fantasy; archaeology; mystery; romance; book club pick; translated fiction,Women's History Month; International Day of the Girl Child,World Bookshelf; Civilizations Through Books; Civilization · Egypt; Around the World in 52 Books; Middle East & North Africa; Dark & Atmospheric,"A captivating blend of history, magic, and romance set in immersive 19th-century Egypt.",,,"What the River Knows* is a richly atmospheric historical fantasy set in nineteenth-century Egypt, blending archaeology, subtle magic, mystery, and romance.<br/><br/>Inez Olivera, raised in the glittering upper society of Buenos Aires, is left reeling after the sudden deaths of her archaeologist parents. What she inherits is not just their fortune, but a mysterious guardian, unanswered questions, and a magical ring tied to ancient forces. Determined to uncover the truth, Inez travels to Cairo—only to find herself caught in a dangerous web of secrets, power struggles, and old-world magic.<br/><br/>The setting is the novel’s greatest strength. Egypt feels immersive and alive, with its ruins, river, and history shaping the narrative at every turn. The magic is subtle and well-integrated, enhancing the story without overpowering it. The rivals-to-lovers romance unfolds slowly, adding tension while allowing the mystery to remain front and center.<br/><br/>A compelling read for fans of historical fantasy and archaeology-based stories.",2026-02-04,2026-02-03,0,
"Where the Library Hides (Secrets of the Nile, #2)",Isabel Ibañez,,9781250822994,read,4,388,Wednesday Books,Secrets of the Nile,Egypt,,,,Fantasy; Historical Fiction; Young Adult,legacy; control of knowledge; cost of truth; history; power; identity; growth,engaging; thoughtful; rewarding; immersive,unique magic system; quest; period setting; social constraints; coming of age; found identity,book club pick; middle grade fiction; fantasy series; historical fiction; young adult; translated fiction; under 300 pages,Back to School; Summer Reading,World Bookshelf; Civilizations Through Books; Civilization · Egypt; Around the World in 52 Books; Middle East & North Africa,"A thoughtful and engaging continuation of the series that explores themes of legacy, control of knowledge, and the cost of uncovering truth.",,,"Where the Library Hides is a strong, compelling sequel that expands the world, deepens the stakes, and challenges its characters in more meaningful ways.<br/><br/>Inez’s journey continues as the search for a hidden library draws her further into political conspiracies, ancient magic, and moral dilemmas surrounding history and power. This book leans more heavily into themes of legacy, control of knowledge, and the cost of uncovering truth.<br/><br/>The historical setting remains immersive, with Egypt once again feeling like a living presence rather than a backdrop. The magic stays subtle and restrained, reinforcing the story’s grounding in history and archaeology.<br/><br/>The romance evolves beyond tension into something more emotionally complex, shaped by secrets and conflicting loyalties. While the pacing is slower in parts, the layered storytelling and character growth make this a rewarding read.<br/><br/>A thoughtful and engaging continuation of the series.",2026-02-04,2026-02-03,0,
"The Ballad of Falling Dragons (Moonfall, #2)",Sarah A. Parker,,9780008710354,want-to-read,,704,HarperVoyager,,United Kingdom,English,,,Fantasy; Epic Fantasy; Adventure,destiny; sacrifice; friendship; war; loyalty; coming of age; power,epic; hopeful; tense; majestic; bittersweet,chosen one; dragon rider; ancient prophecy; found family; enemies-to-lovers,dragon fantasy; epic fantasy; series continuation; long read; fantasy lovers; bookstagram; gift idea; HarperVoyager; level:advanced,summer reading; holiday gift; New Year's reading challenge; fantasy binge,World Bookshelf; Comfort Reads; Dark & Atmospheric,"Soar into a breathtaking dragon‑filled epic where destiny and sacrifice collide in a tale of fire, friendship, and fierce loyalty.",,,,,2026-02-08,0,
Piranesi,Susanna Clarke,,,currently-reading,,245,Bloomsbury,,United Kingdom,English,,,Fantasy; Literary Fiction,identity; memory; isolation; discovery; existentialism,atmospheric; contemplative; haunting,unique magic system; quest; character-driven; interiority,book club pick; literary fiction; mystery; translated fiction; under 300 pages; level:intermediate,rainy day read,World Bookshelf; Dark & Atmospheric,"A haunting, philosophical mystery that will leave you pondering the nature of reality.",,,,,2026-04-05,0,
Alchemised,SenLinYu,,9780593972700,read,4,1030,Del Rey,,United States,English,,,Fantasy; Epic Fantasy,ambition; growth; struggle; magic; politics,immersive; engaging; rewarding,unique magic system; quest,epic fantasy; high fantasy; long read; immersive world-building; complex characters; magical world; level:advanced,,World Bookshelf,"A testament to why some books become sensations, with an immersive world and complex characters.",,,"Alchemised is one of those books that makes you understand why it’s so hyped, even if it tests your patience along the way. The story is long and sprawling, and I have to admit, there were moments in the first and third parts where I almost felt like giving up. But the second part completely drew me in — the twists, the world-building, and the characters kept me hooked in a way that reminded me why I pick up books like this in the first place.<br/><br/>The world of Alchemised is intricate, magical, and immersive. The author’s attention to detail creates a universe that feels alive, with mysteries, politics, and magic interwoven into the characters’ journeys. The characters themselves are layered and compelling, and their arcs carry weight because you see their struggles, ambitions, and growth over time.<br/><br/>What I did find slightly disappointing was the ending. I was expecting something a bit more thrilling, more edge-of-the-seat, considering how gripping the middle sections were. While it wraps up the story, it didn’t hit me with the kind of high-stakes excitement I’d imagined. That said, the journey through the story is still engaging enough to make the long haul worth it.<br/><br/>Overall, Alchemised is a testament to why some books become sensations — it’s ambitious, immersive, and unforgettable. It’s the kind of story that demands patience but rewards readers with a rich, magical world and complex characters.<br/><br/>My take: A long, immersive read that’s worth it if you can push through the slower parts, even if the ending isn’t as thrilling as expected.",2026-04-05,2026-03-16,0,
"Ashes to Ashes (Kovac and Liska, #1)",Tami Hoag,,9780553589177,read,4,592,Bantam,Kovac and Liska,United States,English,,,Thriller; Psychological Fiction,trauma; fear; partnership; trust; justice,intense; dark; gripping,twist ending; unreliable narrator,thriller; psychological thriller; book club pick; crime fiction; feminist fiction; level:advanced,,World Bookshelf; Dark & Atmospheric; Page-Turners,"A gripping, psychological thriller that keeps you on edge while giving fully realized characters to care about.",,,"I just finished this one, and wow—what a ride. It took me a bit longer than usual to get through, partly because of a busy schedule and partly because the story is intense and layered, but every minute was worth it.<br/><br/>The book follows Kate Conlan, a former FBI agent turned victim advocate, who’s forced to navigate a case that’s as terrifying as it is complicated. A sadistic killer is on the loose in Minneapolis, performing gruesome rituals in public parks, and this time, there’s a witness—but she refuses to speak. Watching Kate unravel the mystery while facing her own fears and navigating the tension-filled partnership with Special Agent John Quinn kept me hooked. Their past adds layers of tension, banter, and complexity that make the story feel deeply human even amid all the danger.<br/><br/>What I loved most is how the book balances suspense, action, and character depth. The killer’s methods are chilling, but it’s the psychology of the characters—their choices, loyalties, and fears—that really drive the story. Every twist made me question who I could trust, and every revelation hit hard.<br/><br/>By the end, I felt like I’d been through this case alongside Kate—every tense chase, every quiet, introspective moment, every shocking revelation. It’s thrilling, smart, and darkly immersive, the kind of book that sticks with you long after the last page.<br/><br/>My take: A gripping, psychological thriller that keeps you on edge while giving fully realized characters to care about. Definitely a read you don’t want to rush.",2026-04-05,2026-02-09,0,
The Weaver and the Witch Queen,Genevieve Gornichec,,9780593438244,read,5,424,Ace,,Norway,,,,Historical Fiction; Fantasy; Literary Fiction,friendship; blood; prophecy; abuse; loss; revenge; ambition,thrilling; emotional; heartbreaking; hopeful,feminist fiction; found family; female friendship,Viking author; historical fantasy; book club pick; strong female characters; translated fiction; level:intermediate,Women's History Month; International Women's Day,World Bookshelf; Heartbreaking Reads; Comfort Reads,A gripping and emotionally grounding historical fantasy that explores the unbreakable bonds of friendship and loyalty.,,,"The Weaver and the Witch Queen completely drew me into its world from the first page. The story follows three young women — Gunnhild, Oddny, and Signy — whose lives are bound by friendship, blood, and a prophecy. Growing up in Viking-age Norway, each faces impossible challenges: abusive family, destroyed homes, and a world that constantly underestimates them. Their bond, though tested by time, separation, and betrayal, is the heart of the story, and watching them fight to protect each other is both thrilling and emotionally grounding.<br/><br/>Gunnhild’s journey from a determined, rebellious girl to a powerful witch is inspiring. Oddny’s grounded, loyal nature and Signy’s quiet strength balance her fire perfectly. Together, they navigate love, loss, revenge, and the brutal realities of Viking life. What I loved most was how the book didn’t just focus on battles or magic — it gave real depth to their choices, fears, and ambitions.<br/><br/>The world-building is incredible. The harsh, raw landscapes of Norway, the subtle weaving of Norse magic and prophecies, and the everyday life of the Viking era made me feel like I was right there with them, living every triumph and heartbreak. There’s tension, there’s emotion, and there’s an unexpected warmth that comes from the unbreakable bonds of friendship and loyalty.<br/><br/>Reading this book felt like getting lost in a legend that’s both epic and intimate. It’s smart, gripping, and utterly immersive. If you love historical fantasy with strong, nuanced female characters, magic woven into everyday life, and stories of loyalty and resilience, this one’s for you.<br/><br/>⭐ My take: 4/5 — a beautifully told, emotionally rich tale that lingers long after the last page.",2026-04-05,2026-02-07,0,
Lightning in a Shot Glass,Deepanjana Pal,,9789373078762,read,5,355,HarperCollins India,,India,English,,,Contemporary Fiction; Literary Fiction,friendship; self-discovery; love; midlife crisis; identity,heartwarming; witty; relatable,character-driven; interiority,Indian author; contemporary fiction; book club pick; women's fiction; Mumbai setting; level:intermediate,Women's History Month; International Women's Day,India Bookshelf; Indian Literary Fiction; States Through Stories; Maharashtra Stories; Comfort Reads,"A heartwarming and relatable exploration of love, friendship, and self-discovery in contemporary Mumbai.",,,"Lightning in a Shot Glass is a vibrant, witty, and deeply relatable exploration of love, friendship, and self-discovery in contemporary Mumbai. The story revolves around Meera, a forty-year-old journalist who’s convinced she’s in the throes of a mid-life crisis, and Aalo, a twenty-nine-year-old navigating life and love with little direction but plenty of curiosity. Both are wonderfully flawed, relatable characters whose choices, mistakes, and moments of vulnerability make them feel instantly real.<br/>The narrative captures the messy, exhilarating, and sometimes bewildering aspects of modern life — from workplace politics to navigating romantic desires that refuse to stay casual. Meera’s impulsive attraction to a much younger colleague and Aalo’s flirtations with a distant war photographer highlight the awkward, funny, and sometimes heartbreaking ways we search for connection. Amid all this, the presence of a chosen family of loyal girlfriends adds warmth, humor, and grounding, reminding readers of the power of friendship.<br/>What stands out most is how the book captures Mumbai itself — chaotic, unpredictable, and endlessly fascinating. The city becomes a character in its own right, shaping experiences, choices, and personal growth. Deepanjana Pal’s writing is sharp, witty, and evocative, turning even ordinary moments into poignant reflections on life and love.<br/>Reading Lightning in a Shot Glass felt like stepping into a real-life version of 4 More Shots Please! — a story about women navigating uncertainty, self-discovery, and the pursuit of happiness in a world that constantly challenges them.<br/>Verdict: A fun, smart, and emotionally resonant read that balances humor, romance, and introspection. Perfect for anyone who’s ever felt a little lost, a little confused, or in need of a story that celebrates friendship, love, and the magic of Mumbai.",2026-04-05,2026-01-25,0,
Wuthering Heights,Emily Brontë,,9780141439556,read,3,359,Penguin Classics,,United Kingdom,English,,,Classic; Romance; Gothic Fiction,obsession; revenge; emotional turmoil; class; social status,atmospheric; dark; intense,slow burn; emotional payoff,classic literature; Gothic fiction; book club pick; translated fiction; under 300 pages; gem:classic,autumn; winter,World Bookshelf; Dark & Atmospheric,"A classic that explores the darker side of human nature, perfect for readers who enjoy Gothic fiction and literary classics.",,,"A Classic That Didn't Work for Me<br/><br/>Wuthering Heights is undoubtedly an influential classic, but it wasn't the reading experience I expected.<br/><br/>Going in, I had heard it described as one of the greatest romances ever written. However, I found the story to be much more focused on obsession, revenge, and emotional turmoil than romance.<br/><br/>The novel's atmosphere is powerful, and Emily Brontë's exploration of deeply flawed characters is impressive. However, I struggled to connect with most of the characters and often found their decisions frustrating.<br/><br/>Heathcliff, in particular, was difficult for me to view as a romantic figure, and I found myself sympathizing with very few people throughout the story.<br/><br/>While I can appreciate the book's literary significance and understand why it continues to be studied and discussed, it ultimately wasn't a personal favorite.<br/><br/>I would recommend it to readers interested in classic literature and Gothic fiction, but perhaps not to those looking for a traditional romance.",2026-05-29,2026-03-30,0,
The Violin Maker's Secret,Evie Woods,,9780008777678,read,5,416,HarperCollins,,Ireland,English,,,Historical Fiction; Magical Realism; Mystery,healing; hope; second chances; identity; found family,heartwarming; uplifting; engaging; emotional,period setting; social constraints; whodunit; red herrings,magical realism; historical fiction; book club pick; women's fiction; heartwarming story,Spring; Summer,World Bookshelf; Heartbreaking Reads; Comfort Reads; Page-Turners,A heartwarming and hopeful story about the healing power of music and human connection.,,,"⭐⭐⭐⭐⭐ A Beautiful Story Filled with Magic and Heart<br/><br/>The Violin Maker's Secret is a wonderfully uplifting novel that combines mystery, historical fiction, and magical realism in a truly memorable way.<br/><br/>One of the book's greatest strengths is its unique storytelling. The dual timelines are engaging, and the decision to include part of the story from the violin's perspective adds a fresh and imaginative element to the narrative.<br/><br/>I particularly enjoyed how the novel explores themes of healing, hope, and second chances. While the violin itself is fascinating, the real heart of the story lies in the impact it has on the lives of the people connected to it.<br/><br/>The characters are easy to care about, the mystery unfolds at an enjoyable pace, and the ending is both satisfying and emotional.<br/><br/>Evie Woods has a gift for creating stories that feel warm, magical, and full of possibility.<br/><br/>Highly recommended for readers who enjoy magical realism, historical fiction, and stories that leave them feeling hopeful.",2026-05-29,2026-05-04,0,
Cleopatra,Saara El-Arifi,,9780593875643,read,5,352,Ballantine Books,,Egypt,,,,Historical Fiction; Literary Fiction,power; identity; leadership; history; strong women,immersive; hopeful; atmospheric; inspiring,period setting; social constraints; character-driven; interiority,historical fiction; Ancient Egypt; strong women from history; book club pick; highly recommended; level:intermediate,Women's History Month,World Bookshelf; Civilizations Through Books; Civilization · Egypt; Around the World in 52 Books; Middle East & North Africa; Comfort Reads; Dark & Atmospheric,A beautifully written and immersive portrayal of Cleopatra that encourages readers to look beyond stereotypes.,,,"⭐⭐⭐⭐⭐ A Beautiful and Human Portrayal of Cleopatra<br/><br/>This novel offers a refreshing perspective on one of history's most famous women.<br/><br/>Rather than focusing solely on the myths and legends surrounding Cleopatra, the story presents her as a ruler, mother, healer, and woman navigating extraordinary challenges. The result is a character who feels complex, relatable, and deeply human.<br/><br/>I particularly enjoyed the author's writing style, which made the story immersive from beginning to end. The political intrigue, personal relationships, and historical setting were all woven together beautifully.<br/><br/>One of the book's greatest strengths is how it encourages readers to look beyond the common stereotypes associated with Cleopatra and consider the realities of her life and leadership.<br/><br/>The ending was especially memorable and left a lasting impression.<br/><br/>Overall, this is an excellent read for fans of historical fiction, Ancient Egypt, and stories centered on strong women from history.<br/><br/>Highly recommended.",2026-05-29,2026-04-27,0,
The Battle of the Bookshops,Poppy Alexander,,9780063340671,read,5,336,Avon and Harper Voyager,,United Kingdom,English,,,Romance; Literary Fiction,community; family; love; small-town life; bookstores,heartwarming; uplifting; cozy,slow burn; emotional payoff; character-driven; interiority,book lovers; enemies-to-lovers; slow burn; independent bookstores; historical mystery; bookish moments; level:intermediate,Valentine's Day; Book Lovers Day,World Bookshelf; Comfort Reads,A heartwarming romance for book lovers that will leave you with a huge smile.,,,"⭐⭐⭐⭐⭐ A Heartwarming Romance for Book Lovers<br/><br/>The Battle of the Bookshops is a charming and uplifting romance that combines a slow-burn enemies-to-lovers story with the cozy atmosphere of independent bookstores.<br/><br/>What I enjoyed most was the book's balance of romance, family relationships, and community. The characters felt genuine, and watching Jules reconnect with her hometown added emotional depth to the story.<br/><br/>The bookstore setting was wonderful, and the historical mystery involving Bette Capelthorne brought an extra layer of intrigue that kept me invested throughout.<br/><br/>One of my favorite aspects was the relationship between Flo and Jules, which added warmth and heart to the novel. And the ending was absolutely delightful, leaving me with a huge smile.<br/><br/>Overall, this is a feel-good read filled with charm, lovable characters, and plenty of bookish moments. Highly recommended for readers who enjoy cozy romances, small-town settings, and stories centered around books and bookstores.",2026-05-29,2026-03-30,0,
A Guardian and a Thief,Megha Majumdar,,9780593804872,want-to-read,,224,Knopf,,India,English,,,Literary Fiction; Domestic Fiction,motherhood; class; identity; social justice,heartbreaking; hopeful,character-driven; interiority,did-not-finish; Indian author; mother-daughter relationship; book club pick; contemporary fiction; under 300 pages; level:intermediate,Mother's Day; Women's History Month,India Bookshelf; Indian Literary Fiction; Heartbreaking Reads; Comfort Reads,A poignant and thought-provoking exploration of the intricate bonds between mothers and daughters.,,,,,2026-04-05,0,
Durga: The Baaghini: A Tattvaverse Saga,Krishnamurthy Shrikanth,,9798904513849,read,5,344,Notion Press,,India,English,,,Fantasy; Mythology; Environmental Fiction,nature; power; identity; balance; self-discovery; destiny,atmospheric; suspenseful; hopeful,chosen one; guardian spirit,Indian author; mythology-inspired; environmental fiction; book club pick; translated fiction; under 300 pages; level:intermediate,Diwali; Earth Day,India Bookshelf; Roots of Bharat; Indian Mythology Retellings; Comfort Reads; Dark & Atmospheric,A unique mythology-inspired concept and a powerful environmental message make this a must-read for fans of fantasy and adventure.,,,"🍃🐯 Some books entertain you. Some books stay with you long after you've finished reading them. Durga: The Baaghini was definitely the second kind.<br/><br/>Set in the mystical forests of Sheshvan, this story explores what happens when human greed attempts to dominate nature—and how nature responds when pushed too far.<br/><br/>The story begins with Bhavani, a majestic white tigress and guardian of the forest. When she is killed by a man determined to tame nature itself, forces much greater than human ambition begin to awaken.<br/><br/>Meanwhile, a young girl named Durga discovers her extraordinary connection with the earth and the forest, setting her on a journey of self-discovery, destiny, and balance.<br/><br/>What I loved:<br/>🌿 A unique mythology-inspired concept<br/>🐯 The mystical presence of Bhavani<br/>✨ Themes of nature, power, and identity<br/>📖 Suspense, mystery, and adventure woven beautifully together<br/>🌍 A powerful environmental message that never feels forced<br/><br/>While some scenes involving violence and animal cruelty may be difficult for sensitive readers, I felt they were included to raise awareness about the consequences of environmental destruction.<br/><br/>⭐ Rating: 4.5/5<br/><br/>If you enjoy a mythology-inspired fantasy with meaningful themes and a strong environmental message, add this one to your TBR.",2026-06-04,2026-06-02,0,
The Barred Window,Sammar Shabir,,9789948704850,currently-reading,,310,Dreamwork Collective,,United Kingdom,English,,,Literary Fiction; Thriller,obsession; trauma; identity; guilt,tense; atmospheric; dark,character-driven; interiority; twist ending; unreliable narrator,Indian author; book club pick; translated fiction; under 300 pages; level:intermediate,Diwali; Women's History Month,India Bookshelf; Indian Literary Fiction; Dark & Atmospheric; Page-Turners,A haunting exploration of the darker aspects of human nature.,,,,,2026-06-13,0,
The Land of Lost Gods: A Gripping Crime Fiction Thriller from Turkey,Ahmet Ümit,,9789367907887,read,3,536,Penguin,,Turkey,Turkish,,,Crime Fiction; Thriller; Historical Fiction,grief; identity; history; mystery; struggle,atmospheric; suspenseful; engaging,twist ending; unreliable narrator; period setting; social constraints,Turkish author; historical mystery; crime fiction; book club pick; translated fiction; level:advanced,rainy day read,World Bookshelf; Civilizations Through Books; Civilization · Greece; Around the World in 52 Books; Middle East & North Africa; Dark & Atmospheric; Page-Turners,"For fans of historical mysteries and mythology, this book offers a unique blend of suspense and atmospheric storytelling.",,,"⭐ 3.5/5<br/><br/>The Land of Lost Gods had been sitting on my TBR for quite some time, and honestly, the title was what first caught my attention. A book about lost gods, ancient history, and mysteries sounded exactly like something I would enjoy.<br/><br/>And it did deliver on that promise in many ways.<br/><br/>Ahmet Ümit beautifully blends Greek mythology, archaeology, history, and crime fiction to create an atmospheric thriller set around the ancient city of Pergamon. What I enjoyed the most was how the book introduced me to the historical and archaeological significance of Pergamon, especially the Altar of Zeus and the temples that once stood there.<br/><br/>I have always loved books that make me curious enough to explore the real-world history behind the story, and this one definitely did that.<br/><br/>The most interesting element for me was the narrative perspective of Zeus himself. It was an unusual choice, but it added a unique layer to the storytelling and created a fascinating connection between ancient myths and modern human struggles.<br/><br/>The book is also quite binge-worthy. The suspense, mystery, and constant discoveries kept me engaged throughout. The combination of mythology and investigation made it an interesting reading experience, especially for readers who enjoy historical mysteries.<br/><br/>However, the ending did not completely work for me.<br/><br/>After such a strong buildup filled with suspense, mythology, and historical depth, the conclusion felt a little abrupt and simpler than I expected. I was hoping for a more impactful payoff that matched the journey the book had taken me through.<br/><br/>That said, the ending does not take away from everything the book does well. The exploration of Pergamon, the archaeological details, and the unique storytelling approach made this a memorable read.<br/><br/>Would I recommend it?<br/><br/>Yes, especially if you enjoy Greek mythology, historical fiction, and archaeological mysteries.<br/><br/>But if you are picking this up expecting a thriller with an explosive climax and a shocking finale, it might leave you wanting more.<br/><br/>For me, The Land of Lost Gods was a fascinating journey through forgotten myths and ancient history—one that taught me something new while keeping me entertained.",2026-07-13,2026-05-17,0,
The Poet Empress,Shen Tao,,,read,4,400,Tor Publishing Group,,China,,,,Fantasy; Historical Fiction,power struggles; politics; survival; fight for change; silencing voices; ambition; duty,atmospheric; dark; hopeful,enemy-to-lovers; secret identity,Indian author; translated fiction; under 300 pages; book club pick; fantasy romance; historical fiction; strong female lead,Women's History Month,India Bookshelf; Indian Historical Fiction; Civilizations Through Books; Civilization · China; Around the World in 52 Books; East Asia Shelf; Comfort Reads; Dark & Atmospheric,A beautifully written story about a woman who finds her voice in a world where women are forbidden from reading and writing.,,,"Some books catch your attention because of the story.<br/>Some because of the characters.<br/>And some because someone whose recommendations you trust makes you curious enough to pick them up.<br/>I had been seeing The Poet Empress everywhere on Instagram, I knew I had to give it a try.<br/>And I am glad I did.<br/>What I expected was another fantasy novel.<br/>What I got was a story deeply rooted in politics, power struggles, palace intrigue, survival, and the fight to change a system designed to silence certain voices.<br/>What I loved most about this book was that it did not follow the usual fantasy romance path. Instead of focusing mainly on an enemy-to-lovers dynamic, Shen Tao builds a world where every relationship is influenced by power, ambition, duty, and the need to survive.<br/>Wei Yin was easily the highlight of this story for me.<br/>A simple rice farmer's daughter in a world where women are forbidden from reading and writing, she secretly learns the power of words. The journey of watching her discover knowledge, write poetry, and find her voice was incredibly powerful.<br/>There was something beautiful about a woman who was never meant to hold power becoming someone who could change the entire course of a dynasty.<br/>I also loved the contrast between the beauty of royalty and the darkness hidden behind palace walls. The luxury, the elegance, and the charm of the imperial world could not distract Wei Yin from making difficult choices when her country needed them most.<br/>Terren was a complicated character for me.<br/>I wouldn't say I hated him, but I couldn't completely like him either. His past and circumstances made me understand how he became the person he was. By the end, I did feel sympathy for him.<br/>But I also understood Wei Yin's decision.<br/>Sometimes personal feelings have to stand aside when a larger responsibility is involved. A country suffering from hunger needs stability and food, not another war.<br/>One of my favourite aspects of the book was the role of poetry. The idea that words could hold such power, and that a poem could become something far more dangerous than simple writing, added a unique layer to the fantasy.<br/>A few themes were difficult to read—especially how women were treated as tools for producing royal heirs and how education was deliberately kept away from them. But that also made Wei Yin's journey even more meaningful.<br/>The Poet Empress is not just about royalty.<br/>It is about a woman who was never given power, never given permission, and yet found a way to change everything.<br/>A fast-paced fantasy with political games, unexpected turns, and a heroine who proves that sometimes the strongest weapon is a voice that refuses to be silenced.",2026-07-13,2026-05-29,0,
City of the Muse,Kate Hilton,,9781668069554,read,4,304,Simon & Schuster,,Egypt,,,,Historical Fiction; Mystery,history; mystery; investigation; identity; discovery,fast-paced; atmospheric; engaging,period setting; social constraints; whodunit; red herrings,historical fiction; mystery; book club pick; translated fiction; under 300 pages; level:intermediate,rainy day read,World Bookshelf; Civilizations Through Books; Civilization · Egypt; Around the World in 52 Books; Middle East & North Africa; Dark & Atmospheric; Page-Turners,Uncover the secrets of ancient Egypt with this engaging and atmospheric mystery.,,,"Those who know me well know how much I love reading books rooted in history and mythology. Ancient civilizations, forgotten stories, and mysteries from the past have always fascinated me—and Egyptian history has always held a special place on my reading list.<br/>So when I came across City of the Muse by Kate Hilton, I was immediately drawn in.<br/>Honestly, the title itself caught my attention. The blurb promised history, mystery, and secrets waiting to be uncovered, and I knew I had to pick this one up.<br/>And I am glad I did.<br/><br/>City of the Muse is a fast-paced historical mystery that beautifully blends Egyptian history, archaeology, suspense, and investigation. The historical angle was definitely the highlight for me. The way the story connects ancient discoveries with present-day questions kept me invested throughout.<br/><br/>The mystery surrounding the past, the archaeological elements, and the feeling of uncovering forgotten stories made this an enjoyable read.<br/>I especially appreciated how the book made history feel alive. It wasn't just a background setting—it became an important part of the mystery itself.<br/>Maddie's journey as the protagonist was another aspect I enjoyed. While the ending was not as thrilling as I expected after such a strong buildup, I really liked how her story concluded. Sometimes the emotional journey of a character matters just as much as the final reveal, and this book delivered that.<br/>The novel may not have the most explosive ending, but the overall experience was satisfying because of the atmosphere, history, and mystery it created.<br/><br/>If you enjoy: <br/>🏺 Egyptian history<br/>🔍 Archaeological mysteries<br/>📜 Historical fiction<br/>✨ Stories where the past holds secrets<br/><br/>then City of the Muse is definitely worth picking up.<br/><br/>A fascinating journey through history, mystery, and forgotten stories.",2026-07-13,2026-06-05,0,
Ghachar Ghochar,Vivek Shanbhag,,9780143111689,read,5,118,Penguin Books,,India,Kannada,,,Literary Fiction; Short Stories,family dynamics; power; money; human behavior; morality; comfort; relationships,thought-provoking; frustrating; interesting,character-driven; interiority,Indian author; short read; book club pick; translated fiction; complex characters; level:intermediate,June; book club read,India Bookshelf; Indian Literary Fiction,A tiny but mighty book that will leave you questioning the characters' intentions and morality.,,,"We picked Ghachar Ghochar as our June book club read, and honestly… this tiny book did a complete ghachar ghochar of my mind.<br/><br/>(And yes, for those wondering, ghachar ghochar means something messy, tangled, or completely messed up—which is honestly the perfect word for this reading experience.)<br/>This is a short read, but don't mistake its size for simplicity.<br/><br/><br/>Vivek Shanbhag creates a story that looks ordinary on the surface but slowly reveals layers of family dynamics, power, money, and human behaviour. By the time you reach the end, you are left with so many questions—and interestingly, you can create your own interpretation of what really happened.<br/><br/>The characters are complex, mysterious, and honestly, quite questionable. Almost every person in this story makes choices that make you pause and wonder about their intentions.<br/>The narrator especially frustrated me.<br/><br/>Among all the characters, he was the one I struggled with the most. His lack of courage and inability to take a stand made me question him throughout the story. He observes everything happening around him but rarely takes responsibility, which made him one of the most interesting yet frustrating characters.<br/><br/>What I loved about this book was how it explores the impact of money and comfort on people. It shows how circumstances can change relationships and how morality can become complicated when power enters the picture.<br/><br/>The ending is probably the biggest discussion point of the book. It does not give you clear answers. Instead, it leaves you sitting with your thoughts, creating your own understanding of what happened.<br/><br/>Would I reread this book?<br/>Probably not.<br/>Not because it wasn't good—but because one experience of this mental chaos is enough for me.<br/><br/>Would I recommend everyone to read it once?<br/>Absolutely.<br/><br/>Ghachar Ghochar is messy, uncomfortable, thought-provoking, and unforgettable.<br/>A small book that creates a very big conversation.",2026-07-13,2026-06-04,0,
"A War of Wyverns (A Language of Dragons, #2)",S.F. Williamson,,9780063353862,read,5,368,HarperCollins,A Language of Dragons,United Kingdom,English,,,Fantasy; Young Adult; Adventure,friendship; self-discovery; good vs evil,epic; exciting; emotional,unique magic system; quest; coming of age; found identity,YA fantasy; book 2 in series; high fantasy; coming-of-age story; young adult fiction,summer read; vacation read,World Bookshelf; Heartbreaking Reads,Join the epic adventure of a young hero as they master the language of dragons.,,,,2026-07-13,2025-12-31,0,
Rukmini: Krishna's Wife,Saiswaroopa Iyer,,9789390356164,read,5,254,Rupa Publications India,,India,English,,,Historical Fiction; Mythology; Literary Fiction,grief; identity; partition; war; found family,heartbreaking; hopeful; atmospheric,period setting; social constraints; mythology retelling; divine politics; character-driven; interiority,Indian author; partition story; mythological retelling; historical fiction; book club pick; translated fiction; level:intermediate,Diwali; Women's History Month,India Bookshelf; Roots of Bharat; Indian Mythology Retellings; Partition Stories; Indian Historical Fiction; Indian Literary Fiction; Heartbreaking Reads; Comfort Reads; Dark & Atmospheric,"A beautifully written retelling of Krishna's story from Rukmini's perspective, perfect for fans of Indian mythology and historical fiction.",,,"Those who have been following my reading journey know how much I love mythological and historical retellings, especially stories that bring forward the voices of women who have often remained in the background.<br/><br/>And Rukmini: Krishna’s Wife by Saiswaroopa Iyer felt incredibly special for exactly that reason.<br/>This was my first time reading a retelling that explored Krishna’s story and the Krishnaleela from Rukmini’s perspective, and it was such a beautiful experience.<br/><br/>For those who may not know, Rukmini is the first wife of Lord Krishna and one of the most important women associated with his life.<br/><br/>But this book is not just about Rukmini as Krishna’s wife.<br/>It is about Rukmini as a woman.<br/><br/>A woman with emotions, choices, strength, devotion, and her own journey.<br/>What I loved most about this book was how it allowed me to know Rukmini closely. Mythological stories often focus on divine figures, but Saiswaroopa Iyer beautifully explores Krishna and Rukmini as human beings—with emotions, relationships, challenges, and vulnerabilities.<br/><br/>I personally believe female retellings bring a different kind of depth when written from a perspective that understands the complexities of a woman's experiences. And authors like Saiswaroopa Iyer continue to strengthen my belief in the importance of giving these women their own voices.<br/><br/>The narration is strong, the storytelling flows beautifully, and the emotional connection with Rukmini keeps growing with every chapter.<br/>And the ending?<br/>I absolutely loved it.<br/><br/>In fact, I found myself wishing that the story of Rukmini and Krishna had ended in a similar way in the traditional narratives because the emotional closure felt so meaningful.<br/>This book is not just a retelling of mythology.<br/><br/>It is a reminder that behind every divine story, there are human emotions waiting to be explored.<br/><br/>A beautiful five-star read for anyone who loves mythology, female perspectives, and stories that bring forgotten voices to the centre.",2026-07-13,2026-06-13,0,
The Wizard's Bakery,Gu Byeong-mo,,9781035428045,read,4,256,Wildfire,,South Korea,Korean,,,Fantasy; Literary Fiction,loneliness; difficult choices; healing; comfort; hope,heartwarming; hopeful; atmospheric; gentle,unique magic system; quest; character-driven; interiority,Korean author; translated fiction; comfort read; magical realism; book club pick; under 300 pages; level:intermediate,rainy day read,World Bookshelf; East Asia Shelf; Around the World in 52 Books; Comfort Reads; Dark & Atmospheric,"A heartwarming, magical read perfect for days when you need something gentle and hopeful.",,,"Sometimes you don't pick up a book because you want a complicated plot or an intense reading experience.<br/>Sometimes you pick up a book because you need a little magic in your life.<br/>And The Wizard's Bakery by Gu Byeong-mo was exactly that kind of book for me.<br/>A warm, comforting Korean translated fiction that feels like a hug in book form.<br/>The first thing I loved about this book was its atmosphere. There is something magical about the way this story blends fantasy with everyday emotions. The magic does not feel separate from reality—it feels like a reflection of human struggles, choices, and the need for healing.<br/>The story is fast-paced, beautifully flowing, and perfect for binge readers. This is the kind of book you can easily finish in one sitting because the narration keeps pulling you forward.<br/>What makes this book special is that beneath the magical bakery and fantasy elements, it is a story about emotions.<br/>About loneliness.<br/>About difficult choices.<br/>About finding comfort in unexpected places.<br/>I loved how the book creates a feeling of warmth and escape. It is the kind of story I would pick up on days when I need something gentle, hopeful, and a little magical.<br/>While this may not be the book for readers looking for a detailed fantasy world or an elaborate magic system, that was never its biggest strength. The charm lies in the emotions, atmosphere, and simplicity of the storytelling.<br/>A beautiful reminder that sometimes the smallest stories can create the biggest comfort.<br/>A four-star read for me—and definitely a book I would recommend when you need a little magic in your life. ✨",2026-07-13,2026-06-21,0,
Dancing in the Mosque: An Afghan Mother's Letter to Her Son,Homeira Qaderi,,9780062970312,read,5,224,Harper,,Afghanistan,,,,Biography; Memoir; Non-Fiction,motherhood; suppression; education; choice; society; identity; culture,heartbreaking; hopeful; honest,personal reckoning; voice-driven,Afghan author; memoir; mother-son relationship; women's rights; book club pick; translated fiction,International Women's Day; Mother's Day,World Bookshelf; Middle East & North Africa; Around the World in 52 Books; Heartbreaking Reads; Comfort Reads,"A powerful and heartbreaking memoir about motherhood, identity, and the suppression of women's rights.",,,"Some books are not just stories.<br/>They are voices.<br/>They are memories.<br/><br/>They are reminders of realities that many people around the world continue to experience.<br/>Dancing in the Mosque: An Afghan Mother’s Letter to Her Son by Homeira Qaderi was one such book for me.<br/><br/>Those who know my reading journey know how much I love reading books about Afghanistan, especially stories that bring forward the experiences of women.<br/>Yes, these books break my heart every time I read them.<br/>But maybe that is the point.<br/><br/>Because sometimes the stories that hurt us the most are the ones that make us understand the most.<br/><br/>What made this book even more special was how deeply connected it feels to the author's own life. I am still not sure how much of this story mirrors her personal journey, but whatever parts come from reality, they carry a pain that feels incredibly honest.<br/>This book is a mother's letter to her son, but it becomes much more than that.<br/>It becomes a reflection of countless women whose voices have been suppressed.<br/><br/>Women who are denied education.<br/>Women who are denied choices.<br/><br/>Women who are expected to exist only within roles decided by society.<br/>One of the most heartbreaking parts of the book was the exploration of motherhood.<br/>A woman carries a child for nine months, experiences unimaginable physical and emotional struggles, and brings a new life into the world.<br/><br/>Yet, even after giving so much of herself, her identity often remains secondary.<br/>That thought stayed with me.<br/>This book also made me reflect on how often restrictions on women are justified in the name of religion or tradition. But no belief system should be used to deny someone their basic human dignity, education, dreams, or freedom.<br/><br/>What I loved most is that despite all the pain, this book is not only about suffering.<br/>It is about hope.<br/>Hope that one day Afghan women will be able to study, work, dream, and live freely.<br/>Hope that they will be seen not just as daughters, wives, or mothers—but as complete human beings.<br/><br/>Homeira Qaderi's voice is powerful because she transforms personal pain into a story that reaches beyond herself.<br/><br/>A heartbreaking, emotional, and important read.<br/><br/>Highly recommended.",2026-07-13,2026-07-05,0,
Daughter of Two Rivers,Arun Krishnan,,9780143472957,read,4,304,Ebury Press,,India,English,,,Historical Fiction; Literary Fiction,identity; war; found family; cultural heritage; self-discovery,hopeful; atmospheric; engaging,period setting; social constraints; character-driven; interiority,Indian author; historical fiction; book club pick; translated fiction; under 300 pages; level:intermediate; gem:classic,Diwali; Women's History Month,India Bookshelf; Indian Historical Fiction; Indian Literary Fiction; Comfort Reads; Dark & Atmospheric,A gripping historical fiction novel with a strong female protagonist and an engaging storyline.,,,"Indian historical fiction has always been one of my favourite genres.<br/>There is something fascinating about travelling back in time through stories—exploring forgotten civilizations, ancient worlds, and imagining the lives of people who existed centuries ago.<br/><br/>Daughter of Two Rivers by Arun Krishnan had been sitting on my TBR for a long time.<br/>And honestly, the title caught my attention first.<br/>Then came the cover.<br/><br/>And yes, I admit it—I am someone who sometimes judges a book by its cover! 😅<br/>But thankfully, the story lived up to the curiosity.<br/>What I loved most about this book was Lilith, also known as Chitrangada.<br/>Her warrior spirit, strength, and determination made her such an interesting protagonist. She carries the story with her fierce personality and makes you want to know what happens next.<br/>Arjun's character was also enjoyable. He brings that classic gentleman hero energy—honourable, loyal, and supportive.<br/><br/>The biggest highlight for me was the historical setting.<br/>The exploration of the Saraswati Valley civilization and the connection with the ancient city of Babylon added such an interesting layer to the story. The idea of lost civilizations, forgotten cities, and mysteries from the past immediately pulled me in.<br/><br/>Another thing I loved?The pacing.<br/><br/>This was the first paperback I finished in two days after a long time. The storytelling keeps moving, making it a perfect binge read for historical fiction lovers.<br/>However, after finishing the book, I am still thinking about the title and its connection to the story. I am not completely sure I understood why this title was chosen.<br/><br/>And then came the ending.<br/>Honestly?<br/>It broke my heart.<br/><br/>After everything the characters went through—the struggles, challenges, and sacrifices—the conclusion was difficult to accept.<br/>It was one of those endings where you just sit quietly and think:<br/>""After everything… it had to end like this?""<br/>Even now, I am still thinking about the possibility of such a massive earthquake changing the course of the Saraswati River and impacting an entire civilization. The idea itself is both fascinating and terrifying.<br/><br/>Overall, Daughter of Two Rivers is a captivating historical adventure filled with mystery, strong characters, and ancient-world imagination.<br/><br/>A 4.5-star read for me.<br/>Highly recommended for anyone who loves Indian historical fiction, lost civilizations, and stories where history meets imagination.",2026-07-13,2026-07-12,0,
The Vanishing Cherry Blossom Bookshop,Takuya Asakura,,9780008736897,read,4,224,HarperCollins,,Japan,,,,Literary Fiction; Magical Realism,forgiveness; acceptance; guilt; healing; moving forward; self-discovery; inner peace,peaceful; emotional; comforting; gentle,character-driven; interiority,Japanese author; book about books; beautiful cover; comforting read; emotional journey; gentle story; healing fiction; magical realism; spring read; level:intermediate,spring read; cherry blossom season,World Bookshelf; Civilizations Through Books; Civilization · Japan; Around the World in 52 Books; East Asia Shelf; Heartbreaking Reads; Comfort Reads,"Pick up 'The Vanishing Cherry Blossom Bookshop' for a warm, comforting, and emotional journey that explores the power of forgiveness and healing.",,,"Sometimes a book catches your attention because of its story.<br/>Sometimes because of its title.<br/>And sometimes… the cover is simply too beautiful to ignore.<br/>The Vanishing Cherry Blossom Bookshop by Takuya Asakura was one of those books for me.<br/>First of all, the cover is gorgeous.<br/>And honestly, if a book has the word ""book"" in its title, I am already interested. 📚<br/>This was a beautiful Japanese healing fiction that gave me exactly the kind of reading experience I was expecting—a warm, comforting, and emotional journey.<br/>The first thing this book made me want to do?<br/>Experience cherry blossom season in full bloom someday.<br/>The way the story captures the beauty and emotion connected with cherry blossoms adds such a special charm. It creates a peaceful atmosphere that stays with you while reading.<br/>But beyond the beautiful setting, this book is really about something much deeper.<br/>It is about forgiveness.<br/>Acceptance.<br/>And learning to move forward without carrying the weight of guilt forever.<br/>I loved how the story explores the idea that healing does not mean forgetting what happened. Sometimes healing means accepting your past and finding peace with it.<br/>The book has a very feel-good quality. It is the kind of story you pick up when you need something gentle, emotional, and comforting.<br/>However, the ending took me some time to fully understand. It was beautiful, but also slightly complicated, and I had to sit with it for a while before everything connected.<br/>But once I understood the meaning behind it, I appreciated how it completed the emotional journey of the story.<br/>Overall, The Vanishing Cherry Blossom Bookshop is a lovely Japanese fiction about healing, forgiveness, and finding hope after difficult moments.<br/>A beautiful four-star read for me.<br/>Perfect for anyone looking for a comforting story with books, emotions, and a little bit of cherry blossom magic. 🌸",2026-07-13,2026-07-05,0,
I Who Have Never Known Men,Jacqueline Harpman,,9781945492600,read,4,173,Transit Books,,Belgium,,,,Dystopian; Literary Fiction,loneliness; identity; survival; freedom; humanity; isolation,haunting; thought-provoking; atmospheric; chilling,last remnants of humanity,female protagonist; prison escape; post-apocalyptic world; literary fiction; translated fiction; short read; philosophical themes; level:intermediate,winter read; book club pick,World Bookshelf; Dark & Atmospheric,A haunting and thought-provoking novel that explores the depths of human loneliness and the resilience of the human spirit in a post-apocalyptic world.,,,"I am honestly not sure what to say about this book.<br/>Some stories are easy to review.<br/>Some stories are not.<br/>Because they do not just tell you a story—they leave you with questions.<br/>I Who Have Never Known Men by Jacqueline Harpman was exactly that kind of book.<br/>This book made me wonder:<br/>What would I do if I was completely alone in the world?<br/>No one to talk to.<br/>No one to share memories with.<br/>No one who understands what you are going through.<br/>The thought itself is terrifying.<br/>But imagine living your entire life like that.<br/>Imagine never knowing what a normal world looks like because, as long as you remember, you have been trapped underground in a bunker.<br/>A prisoner.<br/>Surrounded only by women.<br/>The only men you have ever known are prison guards.<br/>Not fathers.<br/>Not husbands.<br/>Not partners.<br/>Not friends.<br/>Just guards.<br/>That idea alone gave me chills.<br/>The story follows a young girl who has lived with 39 other women in captivity. When they finally escape, instead of finding civilization, they discover an almost empty world.<br/>And suddenly the questions become even bigger.<br/>Are they still on Earth?<br/>What happened to humanity?<br/>Where did everyone go?<br/>The most terrifying part of this book is not monsters or violence.<br/>It is loneliness.<br/>It is the idea of becoming a nomad in a world where everything familiar has disappeared.<br/>Finding abandoned places.<br/>Finding the remains of people who once existed.<br/>Trying to understand a world you were never part of.<br/>This is a short book, but the impact is massive.<br/>It proves that a story does not need hundreds of pages to stay with you.<br/>Throughout the book, I kept hoping we would finally discover:<br/>Why were they imprisoned?<br/>What exactly happened?<br/>How did they reach this situation?<br/>But the book ends with many mysteries still unanswered.<br/>And surprisingly, that made the story even more haunting.<br/>Because sometimes, not having answers is what makes a story unforgettable.<br/>A spine-chilling, thought-provoking read that explores humanity, survival, and the need for connection.<br/>Everyone should read this book at least once.<br/>A 4.5-star read for me.",2026-07-13,2026-07-05,0,
